source_vehicle_id,source_row_index,vehicle_make_original,vehicle_model_original,vehicle_type_original,vehicle_segment,exclusion_reason,vehicle_year,original_rate_usd_per_day,location_country_original
KG-000002,2,Toyota,Prius,car,general,,2012,35,US
KG-000003,3,Ford,Mustang,car,general,,2018,75,US
KG-000004,4,Chrysler,Sebring,car,general,,2010,47,US
KG-000006,6,GMC,Yukon XL,suv,general,,2005,42,US
KG-000007,7,Ford,Expedition,suv,general,,2018,117,US
KG-000008,8,Ford,Focus RS,car,general,,2016,102,US
KG-000009,9,Ford,EcoSport,suv,general,,2018,49,US
KG-000011,11,Toyota,Prius,car,general,,2012,35,US
KG-000012,12,Volkswagen,Tiguan,suv,general,,2018,88,US
KG-000013,13,Toyota,Avalon Hybrid,car,general,,2013,42,US
KG-000014,14,Saab,3-Sep,car,general,,2011,42,US
KG-000015,15,Ram,CV Tradesman,minivan,general,,2014,65,US
KG-000016,16,Jeep,Cherokee,suv,general,,2018,42,US
KG-000018,18,Jeep,Wrangler JK,suv,general,,2018,119,US
KG-000019,19,Ford,Mustang,car,general,,2019,80,US
KG-000020,20,Ford,Explorer,suv,general,,2012,97,US
KG-000021,21,Nissan,Rogue,suv,general,,2016,41,US
KG-000023,23,Dodge,Charger,car,general,,2014,50,US
KG-000024,24,Volkswagen,Jetta,car,general,,2019,49,US
KG-000025,25,Hyundai,Sonata,car,general,,2016,39,US
KG-000026,26,Chevrolet,Impala,car,general,,2010,28,US
KG-000027,27,Hyundai,Accent,car,general,,2015,32,US
KG-000028,28,Ford,Focus,car,general,,2010,28,US
KG-000029,29,GMC,Yukon XL,suv,general,,2018,125,US
KG-000030,30,Toyota,Sequoia,suv,general,,2016,112,US
KG-000032,32,Ford,Fiesta,car,general,,2019,47,US
KG-000033,33,Dodge,Journey,suv,general,,2019,42,US
KG-000035,35,Cadillac,ATS,car,general,,2015,115,US
KG-000037,37,smart,fortwo,car,general,,2010,24,US
KG-000047,47,Volkswagen,Jetta,car,general,,2016,42,US
KG-000048,48,Acura,MDX,suv,general,,2014,48,US
KG-000050,50,Chevrolet,Corvette Stingray,car,general,,2014,155,US
KG-000052,52,Nissan,Altima,car,general,,2018,58,US
KG-000055,55,Dodge,Grand Caravan,minivan,general,,2015,49,US
KG-000059,59,Chevrolet,Corvette,car,general,,2017,175,US
KG-000061,61,Chevrolet,Camaro,car,general,,2017,130,US
KG-000064,64,INFINITI,Q50,car,general,,2018,76,US
KG-000065,65,Chevrolet,Corvette,car,general,,2015,147,US
KG-000069,69,Ford,Mustang,car,general,,2019,116,US
KG-000071,71,Infiniti,EX35,suv,general,,2008,56,US
KG-000072,72,INFINITI,Q50,car,general,,2018,64,US
KG-000074,74,Mazda,CX-5,suv,general,,2018,55,US
KG-000075,75,smart,fortwo,car,general,,2015,29,US
KG-000077,77,Chevrolet,Camaro,car,general,,2018,102,US
KG-000080,80,Infiniti,QX60,suv,general,,2015,90,US
KG-000089,89,Chevrolet,Camaro,car,general,,2019,120,US
KG-000098,98,Chevrolet,Corvette,car,general,,2016,205,US
KG-000099,99,Ford,Fiesta,car,general,,2017,32,US
KG-000101,101,Volkswagen,Arteon,car,general,,2019,99,US
KG-000102,102,Ford,Fiesta,car,general,,2015,35,US
KG-000116,116,Ford,Fiesta,car,general,,2017,32,US
KG-000117,117,Chevrolet,Camaro,car,general,,2016,95,US
KG-000120,120,Dodge,Charger,car,general,,2017,129,US
KG-000122,122,GMC,Yukon,suv,general,,2019,105,US
KG-000124,124,Chevrolet,Suburban,suv,general,,2011,122,US
KG-000125,125,Toyota,Corolla,car,general,,2020,49,US
KG-000128,128,Mitsubishi,Mirage,car,general,,2014,37,US
KG-000129,129,Chevrolet,Corvette,car,general,,2017,180,US
KG-000134,134,Chevrolet,Suburban,suv,general,,2012,127,US
KG-000135,135,Nissan,Versa,car,general,,2017,32,US
KG-000139,139,Dodge,Challenger,car,general,,2019,89,US
KG-000141,141,Ford,Mustang,car,general,,2014,97,US
KG-000144,144,Acura,MDX,suv,general,,2016,135,US
KG-000145,145,Ford,Mustang,car,general,,2018,128,US
KG-000147,147,Hyundai,Accent,car,general,,2017,42,US
KG-000148,148,Dodge,Challenger,car,general,,2018,85,US
KG-000151,151,Kia,Rio,car,general,,2020,28,US
KG-000152,152,Nissan,Altima,car,general,,2018,48,US
KG-000156,156,Volkswagen,Jetta,car,general,,2011,48,US
KG-000157,157,Volkswagen,New Beetle,car,general,,2008,64,US
KG-000161,161,Kia,Optima,car,general,,2016,44,US
KG-000163,163,Kia,Sorento,suv,general,,2014,38,US
KG-000164,164,Jeep,Wrangler,suv,general,,2017,82,US
KG-000165,165,GMC,Yukon XL,suv,general,,2019,112,US
KG-000168,168,Nissan,Versa Note,car,general,,2015,39,US
KG-000170,170,Dodge,Charger,car,general,,2020,87,US
KG-000171,171,Kia,Soul,car,general,,2014,35,US
KG-000172,172,Volkswagen,Passat,car,general,,2015,35,US
KG-000173,173,Nissan,Altima,car,general,,2016,51,US
KG-000174,174,Hyundai,Elantra,car,general,,2019,40,US
KG-000175,175,Jeep,Grand Cherokee,suv,general,,2019,89,US
KG-000176,176,MINI,Cooper,car,general,,2015,72,US
KG-000177,177,Jeep,Grand Cherokee,suv,general,,2017,89,US
KG-000178,178,Volkswagen,Passat,car,general,,2012,40,US
KG-000184,184,Toyota,Prius,car,general,,2010,39,US
KG-000187,187,Jeep,Compass,suv,general,,2018,57,US
KG-000189,189,Chevrolet,Cruze,car,general,,2017,44,US
KG-000190,190,Jeep,Wrangler Unlimited,suv,general,,2019,112,US
KG-000191,191,Chevrolet,Camaro,car,general,,2015,148,US
KG-000193,193,Chrysler,300,car,general,,2018,74,US
KG-000196,196,Jeep,Wrangler,suv,general,,2017,84,US
KG-000197,197,Hyundai,Genesis,car,general,,2014,58,US
KG-000199,199,Nissan,Sentra,car,general,,2017,33,US
KG-000200,200,Toyota,Camry,car,general,,2017,50,US
KG-000202,202,Toyota,RAV4,suv,general,,2017,50,US
KG-000203,203,Chevrolet,Tahoe,suv,general,,2015,150,US
KG-000204,204,Mazda,MX-5 Miata,car,general,,2016,99,US
KG-000205,205,Dodge,Grand Caravan,minivan,general,,2016,71,US
KG-000206,206,Toyota,Camry,car,general,,2018,56,US
KG-000208,208,Chevrolet,Cruze,car,general,,2017,45,US
KG-000211,211,Kia,Optima,car,general,,2013,52,US
KG-000212,212,Toyota,Sienna,minivan,general,,2012,60,US
KG-000213,213,Toyota,Camry,car,general,,2020,67,US
KG-000214,214,Jeep,Patriot,suv,general,,2015,48,US
KG-000216,216,Toyota,Camry,car,general,,2018,54,US
KG-000217,217,Ford,Escape,suv,general,,2017,63,US
KG-000218,218,Toyota,Camry,car,general,,2017,54,US
KG-000219,219,Chevrolet,Suburban,suv,general,,2019,176,US
KG-000221,221,Ford,Focus,car,general,,2018,62,US
KG-000226,226,Nissan,Altima,car,general,,2015,50,US
KG-000228,228,Toyota,Yaris iA,car,general,,2017,45,US
KG-000229,229,Buick,LaCrosse,car,general,,2016,50,US
KG-000230,230,Acura,TSX,car,general,,2011,53,US
KG-000232,232,Volkswagen,Tiguan,suv,general,,2011,58,US
KG-000233,233,Toyota,Camry,car,general,,2008,43,US
KG-000235,235,Acura,TSX,car,general,,2011,52,US
KG-000236,236,Toyota,Prius v,car,general,,2012,37,US
KG-000237,237,Volkswagen,Jetta,car,general,,2017,38,US
KG-000238,238,Kia,Soul,car,general,,2018,35,US
KG-000239,239,Hyundai,Elantra,car,general,,2015,37,US
KG-000240,240,Toyota,Prius,car,general,,2010,35,US
KG-000241,241,Toyota,Prius,car,general,,2010,35,US
KG-000243,243,FIAT,500,car,general,,2012,35,US
KG-000244,244,Kia,Rio,car,general,,2009,24,US
KG-000245,245,Toyota,Prius,car,general,,2010,31,US
KG-000246,246,Honda,Accord,car,general,,2011,32,US
KG-000251,251,FIAT,500,car,general,,2013,34,US
KG-000258,258,Hyundai,Elantra GT,car,general,,2017,37,US
KG-000259,259,Hyundai,Sonata,car,general,,2019,35,US
KG-000260,260,Toyota,Prius c,car,general,,2012,31,US
KG-000261,261,Alfa-romeo,Giulia,car,general,,2019,99,US
KG-000263,263,Chevrolet,Camaro,car,general,,2018,60,US
KG-000265,265,Toyota,Yaris,car,general,,2008,32,US
KG-000270,270,Chevrolet,Trax,suv,general,,2018,39,US
KG-000271,271,Chevrolet,Corvette,car,general,,2007,91,US
KG-000275,275,Nissan,Sentra,car,general,,2017,31,US
KG-000276,276,Ford,Mustang,car,general,,2016,126,US
KG-000280,280,Ford,Mustang,car,general,,2014,35,US
KG-000284,284,Toyota,Prius,car,general,,2008,31,US
KG-000286,286,Volkswagen,Atlas Cross Sport,suv,general,,2020,59,US
KG-000287,287,Chevrolet,Corvette,car,general,,2019,129,US
KG-000289,289,Dodge,Challenger,car,general,,2015,87,US
KG-000290,290,Ford,Mustang,car,general,,2018,60,US
KG-000291,291,Dodge,Challenger,car,general,,2019,199,US
KG-000293,293,Toyota,4Runner,suv,general,,2016,60,US
KG-000300,300,Chevrolet,Corvette,car,general,,2019,149,US
KG-000304,304,Toyota,Prius,car,general,,2009,29,US
KG-000306,306,Toyota,Sequoia,suv,general,,2018,79,US
KG-000307,307,Toyota,Camry,car,general,,2010,29,US
KG-000308,308,Toyota,Camry,car,general,,2017,42,US
KG-000311,311,Lincoln,Navigator,suv,general,,2016,72,US
KG-000312,312,Acura,MDX,suv,general,,2016,79,US
KG-000313,313,Chevrolet,Equinox,suv,general,,2019,39,US
KG-000314,314,Honda,Accord Sedan,car,general,,2019,46,US
KG-000318,318,Toyota,Highlander,suv,general,,2019,60,US
KG-000323,323,Toyota,Prius,car,general,,2009,29,US
KG-000325,325,Chevrolet,Suburban,suv,general,,2020,110,US
KG-000326,326,FIAT,500,car,general,,2012,29,US
KG-000328,328,Jeep,Wrangler Unlimited,suv,general,,2020,110,US
KG-000330,330,Dodge,Challenger,car,general,,2015,55,US
KG-000331,331,Jeep,Wrangler,suv,general,,2013,65,US
KG-000332,332,Hyundai,Genesis,car,general,,2013,45,US
KG-000334,334,Ford,Escape,suv,general,,2015,75,US
KG-000335,335,Mitsubishi,Eclipse Cross,suv,general,,2019,31,US
KG-000336,336,Jeep,Wrangler,suv,general,,2020,49,US
KG-000338,338,Nissan,Rogue,suv,general,,2019,65,US
KG-000339,339,Chevrolet,Suburban,suv,general,,2017,150,US
KG-000340,340,Chevrolet,Suburban,suv,general,,2012,58,US
KG-000342,342,Infiniti,QX60,suv,general,,2020,55,US
KG-000343,343,Honda,Pilot,suv,general,,2019,65,US
KG-000344,344,GMC,Yukon,suv,general,,2012,85,US
KG-000346,346,Honda,Odyssey,minivan,general,,2020,65,US
KG-000347,347,Jeep,Wrangler,suv,general,,2018,99,US
KG-000348,348,Hyundai,Santa Fe,suv,general,,2013,45,US
KG-000349,349,Toyota,Supra,car,general,,2020,113,US
KG-000350,350,Cadillac,CTS Coupe,car,general,,2011,90,US
KG-000352,352,GMC,Acadia,suv,general,,2015,65,US
KG-000353,353,Toyota,Highlander,suv,general,,2019,69,US
KG-000354,354,Toyota,Highlander,suv,general,,2019,69,US
KG-000355,355,Jeep,Wrangler,suv,general,,2017,84,US
KG-000356,356,Jeep,Wrangler,suv,general,,2015,85,US
KG-000358,358,Jeep,Wrangler,suv,general,,2016,88,US
KG-000359,359,Lincoln,Navigator,suv,general,,2015,175,US
KG-000360,360,Chevrolet,Tahoe,suv,general,,2011,90,US
KG-000364,364,Subaru,Impreza,car,general,,2012,34,US
KG-000365,365,Toyota,Camry,car,general,,2020,49,US
KG-000366,366,Toyota,Camry,car,general,,2017,44,US
KG-000367,367,Infiniti,QX60,suv,general,,2020,65,US
KG-000368,368,Honda,Accord Sedan,car,general,,2019,42,US
KG-000369,369,Toyota,Camry,car,general,,2020,42,US
KG-000370,370,Honda,Civic Sedan,car,general,,2019,44,US
KG-000372,372,Hyundai,Sonata,car,general,,2020,30,US
KG-000373,373,Toyota,Camry,car,general,,2015,32,US
KG-000374,374,MINI,Convertible,car,general,,2018,45,US
KG-000375,375,Toyota,Prius,car,general,,2013,36,US
KG-000376,376,Subaru,Impreza,car,general,,2009,31,US
KG-000377,377,Mazda,Mazda6,car,general,,2019,57,US
KG-000378,378,Mazda,CX-5,suv,general,,2014,40,US
KG-000379,379,Hyundai,Sonata,car,general,,2015,42,US
KG-000380,380,Toyota,Sienna,minivan,general,,2012,49,US
KG-000381,381,MINI,Hardtop 2 Door,car,general,,2017,49,US
KG-000382,382,Hyundai,Elantra,car,general,,2017,52,US
KG-000383,383,Infiniti,Q50,car,general,,2019,45,US
KG-000385,385,Nissan,Sentra,car,general,,2015,52,US
KG-000386,386,Honda,HR-V,suv,general,,2019,30,US
KG-000387,387,Honda,Civic,car,general,,2016,33,US
KG-000388,388,Kia,Rio,car,general,,2019,52,US
KG-000389,389,Nissan,Sentra,car,general,,2018,36,US
KG-000392,392,Volvo,S40,car,general,,2011,32,US
KG-000393,393,Kia,Optima Hybrid,car,general,,2018,35,US
KG-000395,395,Toyota,Corolla,car,general,,2018,30,US
KG-000396,396,Toyota,Camry,car,general,,2009,37,US
KG-000397,397,Toyota,Prius,car,general,,2015,30,US
KG-000398,398,Toyota,Corolla,car,general,,2017,30,US
KG-000399,399,Toyota,Prius c,car,general,,2012,27,US
KG-000400,400,Volkswagen,Jetta,car,general,,2013,31,US
KG-000401,401,Toyota,Prius c,car,general,,2015,29,US
KG-000402,402,Honda,Civic,car,general,,2014,28,US
KG-000403,403,Toyota,Camry,car,general,,2011,27,US
KG-000404,404,Toyota,RAV4,suv,general,,2011,28,US
KG-000405,405,Toyota,RAV4,suv,general,,2012,26,US
KG-000406,406,Honda,Fit,car,general,,2011,25,US
KG-000407,407,Toyota,Corolla,car,general,,2007,22,US
KG-000408,408,Honda,Fit,car,general,,2008,24,US
KG-000409,409,Toyota,Corolla,car,general,,2006,24,US
KG-000410,410,Ford,Mustang,car,general,,2019,99,US
KG-000412,412,Kia,Niro,suv,general,,2017,42,US
KG-000413,413,Dodge,Grand Caravan,minivan,general,,2017,57,US
KG-000414,414,Jeep,Cherokee,suv,general,,2017,68,US
KG-000415,415,Jeep,Wrangler,suv,general,,2018,99,US
KG-000416,416,Ford,Transit Wagon,van,general,,2018,80,US
KG-000418,418,Ford,mustang,car,general,,1968,300,US
KG-000420,420,Ford,Shelby AC Cobra,car,general,,1965,450,US
KG-000423,423,Chevrolet,Corvette Stingray,car,general,,2014,152,US
KG-000428,428,Toyota,Prius v,car,general,,2015,59,US
KG-000430,430,Toyota,Prius,car,general,,2010,34,US
KG-000432,432,Toyota,Prius,car,general,,2010,31,US
KG-000433,433,Jeep,Wrangler Unlimited,suv,general,,2019,78,US
KG-000434,434,Hyundai,Sonata,car,general,,2017,49,US
KG-000436,436,Volkswagen,CC,car,general,,2013,47,US
KG-000440,440,Toyota,Prius,car,general,,2015,42,US
KG-000441,441,Mitsubishi,Outlander,suv,general,,2020,42,US
KG-000442,442,Toyota,Sienna,minivan,general,,2017,90,US
KG-000443,443,Ford,Fiesta,car,general,,2018,32,US
KG-000444,444,Toyota,Sienna,minivan,general,,2011,99,US
KG-000445,445,Honda,Accord,car,general,,2011,36,US
KG-000446,446,Honda,Civic,car,general,,2009,39,US
KG-000447,447,Toyota,Corolla,car,general,,2009,34,US
KG-000448,448,Hyundai,Accent,car,general,,2019,39,US
KG-000449,449,Hyundai,Accent,car,general,,2019,39,US
KG-000450,450,Mazda,CX-9,suv,general,,2013,65,US
KG-000451,451,Toyota,Yaris,car,general,,2009,24,US
KG-000452,452,Toyota,Prius,car,general,,2015,80,US
KG-000453,453,Ford,Fusion,car,general,,2018,45,US
KG-000454,454,Honda,Odyssey,minivan,general,,2007,49,US
KG-000455,455,Toyota,Sienna,minivan,general,,2009,45,US
KG-000456,456,Hyundai,Santa Fe,suv,general,,2014,48,US
KG-000457,457,Volkswagen,Jetta,car,general,,2008,34,US
KG-000458,458,Ford,Focus,car,general,,2014,34,US
KG-000459,459,Toyota,Prius,car,general,,2010,28,US
KG-000462,462,Chevrolet,Cruze,car,general,,2019,41,US
KG-000463,463,Ford,C-Max Hybrid,car,general,,2017,55,US
KG-000464,464,Honda,Civic,car,general,,2015,45,US
KG-000465,465,Chevrolet,Equinox,suv,general,,2018,40,US
KG-000466,466,Honda,Odyssey,minivan,general,,2019,130,US
KG-000469,469,Toyota,Corolla,car,general,,2020,46,US
KG-000470,470,Volvo,XC60,suv,general,,2010,74,US
KG-000471,471,Chevrolet,Cruze,car,general,,2017,32,US
KG-000472,472,Chrysler,200,car,general,,2013,29,US
KG-000473,473,Chevrolet,Sonic,car,general,,2013,29,US
KG-000474,474,Nissan,Versa,car,general,,2012,29,US
KG-000475,475,Toyota,Camry,car,general,,2017,35,US
KG-000476,476,Pontiac,Solstice,car,general,,2007,40,US
KG-000478,478,Hyundai,Tucson,suv,general,,2016,39,US
KG-000479,479,Buick,Regal Sportback,car,general,,2018,67,US
KG-000482,482,Chevrolet,Camaro,car,general,,2019,69,US
KG-000484,484,Ford,Mustang,car,general,,2018,59,US
KG-000486,486,Ford,Mustang,car,general,,2018,69,US
KG-000488,488,Mazda,Mazda3,car,general,,2019,36,US
KG-000490,490,Ford,Mustang,car,general,,2018,79,US
KG-000493,493,Ford,Mustang,car,general,,2019,55,US
KG-000496,496,Nissan,Quest,minivan,general,,2016,59,US
KG-000498,498,Chevrolet,Camaro,car,general,,2014,55,US
KG-000500,500,Ford,Explorer,suv,general,,2013,89,US
KG-000501,501,Toyota,Highlander,suv,general,,2011,46,US
KG-000502,502,Kia,Forte,car,general,,2015,52,US
KG-000503,503,Toyota,4Runner,suv,general,,2010,89,US
KG-000504,504,Chevrolet,Express,van,general,,2015,72,US
KG-000505,505,Volkswagen,Tiguan,suv,general,,2016,49,US
KG-000506,506,Jeep,Compass,suv,general,,2020,50,US
KG-000507,507,Chevrolet,Cruze,car,general,,2014,52,US
KG-000511,511,Volkswagen,Golf GTI,car,general,,2020,56,US
KG-000512,512,Nissan,Altima,car,general,,2017,42,US
KG-000514,514,Cadillac,CT6,car,general,,2016,184,US
KG-000517,517,Jeep,Wrangler JK,suv,general,,2018,119,US
KG-000521,521,Nissan,Maxima,car,general,,2011,43,US
KG-000522,522,Ford,Explorer,suv,general,,2018,65,US
KG-000524,524,Nissan,Altima,car,general,,2016,39,US
KG-000525,525,Nissan,Sentra,car,general,,2019,35,US
KG-000526,526,Nissan,Altima,car,general,,2013,52,US
KG-000527,527,Infiniti,Q50,car,general,,2014,65,US
KG-000530,530,Nissan,Maxima,car,general,,2017,58,US
KG-000531,531,Hyundai,Elantra,car,general,,2020,40,US
KG-000532,532,Dodge,Challenger,car,general,,2017,70,US
KG-000533,533,Mazda,MX-5 Miata RF,car,general,,2017,111,US
KG-000536,536,Jeep,Wrangler,suv,general,,2011,79,US
KG-000537,537,Chevrolet,Spark,car,general,,2020,28,US
KG-000538,538,Chevrolet,Spark,car,general,,2020,30,US
KG-000539,539,Nissan,Altima,car,general,,2019,65,US
KG-000540,540,Toyota,Camry,car,general,,2019,64,US
KG-000541,541,Toyota,Camry,car,general,,2012,35,US
KG-000542,542,Ford,Explorer,suv,general,,2018,95,US
KG-000543,543,Nissan,Sentra,car,general,,2019,55,US
KG-000545,545,Honda,Civic,car,general,,2016,40,US
KG-000546,546,Ford,Explorer,suv,general,,2016,75,US
KG-000547,547,Mazda,3,car,general,,2011,32,US
KG-000548,548,Kia,Forte,car,general,,2018,60,US
KG-000549,549,Subaru,Impreza,car,general,,2017,39,US
KG-000550,550,smart,fortwo,car,general,,2012,27,US
KG-000551,551,FIAT,500,car,general,,2013,26,US
KG-000552,552,Kia,Optima,car,general,,2019,37,US
KG-000553,553,Kia,Optima,car,general,,2019,37,US
KG-000555,555,Chevrolet,Camaro,car,general,,2015,65,US
KG-000556,556,Ford,Fusion,car,general,,2014,34,US
KG-000557,557,Dodge,Grand Caravan,minivan,general,,2013,45,US
KG-000561,561,Chevrolet,Cruze,car,general,,2013,30,US
KG-000562,562,Volvo,S60,car,general,,2015,52,US
KG-000563,563,Chevrolet,Camaro,car,general,,2010,56,US
KG-000564,564,Alfa Romeo,Stelvio,suv,general,,2018,101,US
KG-000565,565,Toyota,4Runner,suv,general,,2018,80,US
KG-000568,568,Volkswagen,Jetta,car,general,,2013,31,US
KG-000569,569,Jeep,Wrangler,suv,general,,2015,70,US
KG-000570,570,Volkswagen,Jetta,car,general,,2011,34,US
KG-000571,571,Chevrolet,Bolt EV,car,general,,2019,48,US
KG-000574,574,Chevrolet,Malibu,car,general,,2018,39,US
KG-000575,575,Ford,Fusion,car,general,,2015,38,US
KG-000576,576,Toyota,Yaris,car,general,,2007,25,US
KG-000577,577,Toyota,Yaris,car,general,,2014,44,US
KG-000578,578,Honda,Accord,car,general,,2015,52,US
KG-000579,579,Ford,Mustang,car,general,,2019,88,US
KG-000581,581,Volvo,XC60,suv,general,,2019,74,US
KG-000585,585,Volkswagen,Jetta,car,general,,2020,34,US
KG-000588,588,Volkswagen,Golf,car,general,,2015,42,US
KG-000589,589,Jeep,Wrangler,suv,general,,2018,95,US
KG-000590,590,Toyota,4Runner,suv,general,,2020,70,US
KG-000591,591,Volkswagen,Touareg,suv,general,,2012,63,US
KG-000593,593,Dodge,Challenger,car,general,,2018,93,US
KG-000595,595,Ford,Mustang,car,general,,2017,76,US
KG-000597,597,Kia,Soul,car,general,,2015,35,US
KG-000600,600,Jeep,Grand Cherokee,suv,general,,2018,65,US
KG-000601,601,Mazda,3,car,general,,2016,42,US
KG-000603,603,Mitsubishi,Outlander,suv,general,,2018,65,US
KG-000604,604,Toyota,Prius,car,general,,2016,54,US
KG-000606,606,Volkswagen,Passat,car,general,,2014,60,US
KG-000608,608,Chevrolet,Impala,car,general,,2018,44,US
KG-000609,609,Volkswagen,Jetta,car,general,,2014,60,US
KG-000610,610,Hyundai,Sonata,car,general,,2016,46,US
KG-000612,612,Hyundai,Sonata,car,general,,2016,40,US
KG-000613,613,Chevrolet,Camaro,car,general,,2017,84,US
KG-000614,614,Toyota,Highlander,suv,general,,2015,150,US
KG-000616,616,Chevrolet,Malibu,car,general,,2017,60,US
KG-000618,618,Toyota,RAV4,suv,general,,2013,46,US
KG-000619,619,Hyundai,Sonata,car,general,,2015,45,US
KG-000620,620,Hyundai,Elantra GT,car,general,,2014,39,US
KG-000621,621,Honda,Odyssey,minivan,general,,2005,79,US
KG-000622,622,Kia,Soul,car,general,,2014,37,US
KG-000623,623,Honda,Odyssey,minivan,general,,2008,46,US
KG-000624,624,Honda,Accord,car,general,,2012,44,US
KG-000625,625,Acura,TSX,car,general,,2009,42,US
KG-000626,626,Chevrolet,Cruze,car,general,,2017,42,US
KG-000627,627,Toyota,Corolla,car,general,,2017,37,US
KG-000628,628,Honda,CR-V,suv,general,,2012,55,US
KG-000629,629,Mazda,3,car,general,,2018,40,US
KG-000630,630,Hyundai,Ioniq Plug-In Hybrid,car,general,,2019,53,US
KG-000631,631,Toyota,RAV4,suv,general,,2010,34,US
KG-000632,632,Mazda,3,car,general,,2012,41,US
KG-000633,633,Nissan,Versa,car,general,,2008,42,US
KG-000634,634,Toyota,Yaris,car,general,,2007,42,US
KG-000635,635,Nissan,Altima,car,general,,2006,39,US
KG-000636,636,Toyota,Corolla,car,general,,2007,37,US
KG-000638,638,Toyota,Camry Solara,car,general,,2008,51,US
KG-000642,642,Volkswagen,CC,car,general,,2014,53,US
KG-000643,643,Nissan,Maxima,car,general,,2012,50,US
KG-000644,644,Honda,Accord,car,general,,2014,36,US
KG-000645,645,Chevrolet,Camaro,car,general,,2018,102,US
KG-000647,647,Jeep,Wrangler,suv,general,,2018,91,US
KG-000648,648,Jeep,Wrangler,suv,general,,2016,95,US
KG-000649,649,Infiniti,G37,car,general,,2009,65,US
KG-000650,650,Infiniti,G Sedan,car,general,,2013,85,US
KG-000652,652,Ford,Mustang,car,general,,2018,89,US
KG-000653,653,Chevrolet,Bolt EV,car,general,,2017,55,US
KG-000654,654,Ford,Fusion Hybrid,car,general,,2018,56,US
KG-000655,655,Toyota,4Runner,suv,general,,2017,76,US
KG-000658,658,Buick,Enclave,suv,general,,2014,58,US
KG-000659,659,Volkswagen,Jetta,car,general,,2013,31,US
KG-000662,662,Toyota,Camry Hybrid,car,general,,2017,39,US
KG-000668,668,FIAT,500L,car,general,,2014,38,US
KG-000670,670,Jeep,Compass,suv,general,,2015,47,US
KG-000671,671,FIAT,500,car,general,,2015,37,US
KG-000673,673,Toyota,Camry,car,general,,2014,34,US
KG-000674,674,MINI,Cooper,car,general,,2015,38,US
KG-000675,675,Nissan,Altima,car,general,,2014,36,US
KG-000676,676,Honda,Accord,car,general,,2009,30,US
KG-000677,677,Honda,Civic,car,general,,2017,44,US
KG-000678,678,Nissan,Sentra,car,general,,2014,32,US
KG-000679,679,Nissan,Armada,suv,general,,2017,125,US
KG-000681,681,MINI,Cooper,car,general,,2009,33,US
KG-000683,683,Lincoln,Continental,car,general,,2018,134,US
KG-000690,690,Volkswagen,Golf GTI,car,general,,2017,56,US
KG-000693,693,Chevrolet,Camaro,car,general,,2010,79,US
KG-000694,694,Cadillac,ATS,car,general,,2016,90,US
KG-000695,695,Chevrolet,Suburban,suv,general,,2019,126,US
KG-000697,697,Chevrolet,Express,van,general,,2017,100,US
KG-000699,699,Cadillac,XTS,car,general,,2014,100,US
KG-000700,700,Honda,Civic,car,general,,2008,32,US
KG-000702,702,Honda,Accord,car,general,,2010,37,US
KG-000703,703,Toyota,Sienna,minivan,general,,2014,79,US
KG-000705,705,Honda,Odyssey,minivan,general,,2018,50,US
KG-000706,706,Nissan,Altima,car,general,,2013,36,US
KG-000707,707,Toyota,Prius,car,general,,2018,40,US
KG-000708,708,Toyota,Camry Hybrid,car,general,,2014,50,US
KG-000709,709,Kia,Rio,car,general,,2009,28,US
KG-000711,711,Honda,Civic,car,general,,2016,41,US
KG-000712,712,Toyota,4Runner,suv,general,,2018,85,US
KG-000713,713,Mazda,MX-5 Miata,car,general,,2008,56,US
KG-000714,714,Nissan,Sentra,car,general,,2015,39,US
KG-000715,715,Honda,Odyssey,minivan,general,,2012,52,US
KG-000719,719,FIAT,124 Spider,car,general,,2017,72,US
KG-000722,722,Volkswagen,Atlas,suv,general,,2019,58,US
KG-000726,726,Ford,Fusion,car,general,,2013,50,US
KG-000727,727,Honda,Accord,car,general,,2014,38,US
KG-000728,728,Chevrolet,Corvette,car,general,,2017,220,US
KG-000731,731,Cadillac,Escalade,suv,general,,2016,160,US
KG-000733,733,Cadillac,Escalade,suv,general,,2017,299,US
KG-000734,734,Subaru,Outback,suv,general,,2017,57,US
KG-000737,737,Kia,Optima,car,general,,2013,36,US
KG-000738,738,Ford,C-Max,car,general,,2013,42,US
KG-000739,739,Dodge,Charger,car,general,,2018,45,US
KG-000740,740,Nissan,Altima,car,general,,2018,48,US
KG-000747,747,Honda,Odyssey,minivan,general,,2020,70,US
KG-000748,748,Dodge,Challenger,car,general,,2019,74,US
KG-000749,749,Kia,Optima,car,general,,2018,50,US
KG-000753,753,Hyundai,Santa Fe,suv,general,,2013,50,US
KG-000754,754,Dodge,Challenger,car,general,,2018,80,US
KG-000758,758,Hyundai,Sonata,car,general,,2012,34,US
KG-000759,759,GMC,Acadia,suv,general,,2016,86,US
KG-000760,760,Ford,Focus,car,general,,2014,32,US
KG-000761,761,FIAT,500,car,general,,2013,46,US
KG-000764,764,Hyundai,Elantra,car,general,,2017,30,US
KG-000767,767,Toyota,4Runner,suv,general,,2013,78,US
KG-000769,769,Ford,Mustang,car,general,,2014,66,US
KG-000770,770,MINI,Cooper,car,general,,2013,44,US
KG-000771,771,Dodge,Challenger,car,general,,2019,64,US
KG-000772,772,Dodge,Challenger,car,general,,2019,64,US
KG-000774,774,Volkswagen,Jetta,car,general,,2014,42,US
KG-000775,775,Hyundai,Elantra,car,general,,2014,43,US
KG-000779,779,Ford,Focus,car,general,,2014,33,US
KG-000780,780,Jeep,Grand Cherokee,suv,general,,2018,70,US
KG-000781,781,Subaru,Crosstrek,suv,general,,2017,60,US
KG-000783,783,Nissan,Murano,suv,general,,2011,56,US
KG-000784,784,Honda,CR-V,suv,general,,2015,48,US
KG-000788,788,Toyota,Prius,car,general,,2014,36,US
KG-000789,789,Toyota,Camry,car,general,,2015,45,US
KG-000790,790,Kia,Optima,car,general,,2016,42,US
KG-000791,791,Honda,Civic,car,general,,2016,38,US
KG-000793,793,Toyota,Corolla,car,general,,2014,34,US
KG-000794,794,Toyota,RAV4,suv,general,,2017,45,US
KG-000796,796,GMC,Acadia,suv,general,,2011,42,US
KG-000797,797,Ford,Edge,suv,general,,2011,40,US
KG-000798,798,Hyundai,Tucson,suv,general,,2017,40,US
KG-000799,799,Kia,Soul,car,general,,2016,36,US
KG-000800,800,Kia,Soul,car,general,,2015,36,US
KG-000801,801,Jeep,Patriot,suv,general,,2016,45,US
KG-000802,802,Nissan,Versa,car,general,,2017,39,US
KG-000803,803,Dodge,Avenger,car,general,,2014,34,US
KG-000804,804,Hyundai,Elantra,car,general,,2015,32,US
KG-000805,805,Mazda,3,car,general,,2012,32,US
KG-000806,806,Kia,Soul,suv,general,,2019,32,US
KG-000807,807,Ford,Fusion,car,general,,2015,30,US
KG-000808,808,Pontiac,G6,car,general,,2008,26,US
KG-000813,813,Dodge,Grand Caravan,minivan,general,,2011,37,US
KG-000818,818,Ford,Mustang,car,general,,2015,69,US
KG-000819,819,Chevrolet,Cruze Limited,car,general,,2016,32,US
KG-000820,820,Chrysler,300,car,general,,2011,42,US
KG-000824,824,Jeep,Wrangler,suv,general,,2015,90,US
KG-000825,825,Chevrolet,Equinox,suv,general,,2016,49,US
KG-000828,828,Nissan,Rogue,suv,general,,2016,47,US
KG-000829,829,Jeep,Patriot,suv,general,,2016,46,US
KG-000832,832,Toyota,86,car,general,,2017,86,US
KG-000833,833,Lincoln,Navigator,suv,general,,2018,180,US
KG-000834,834,Honda,Accord,car,general,,2017,40,US
KG-000837,837,Mitsubishi,Outlander,suv,general,,2014,43,US
KG-000839,839,Toyota,Corolla,car,general,,2017,33,US
KG-000841,841,Cadillac,ATS Coupe,car,general,,2016,90,US
KG-000842,842,Acura,TLX,car,general,,2018,85,US
KG-000844,844,Buick,Enclave,suv,general,,2016,47,US
KG-000845,845,Chrysler,200,car,general,,2012,34,US
KG-000846,846,Ford,Fiesta,car,general,,2012,31,US
KG-000847,847,Ford,Fiesta,car,general,,2019,31,US
KG-000848,848,Toyota,Corolla,car,general,,2009,33,US
KG-000849,849,Ford,Escape,suv,general,,2015,42,US
KG-000851,851,Honda,Pilot,suv,general,,2014,59,US
KG-000852,852,GMC,Yukon XL,suv,general,,2019,125,US
KG-000853,853,Acura,RDX,suv,general,,2020,85,US
KG-000854,854,Jeep,Wrangler,suv,general,,2009,65,US
KG-000856,856,Jeep,Wrangler,suv,general,,2014,82,US
KG-000857,857,Honda,Accord,car,general,,2014,39,US
KG-000858,858,Toyota,Sienna,minivan,general,,2011,50,US
KG-000861,861,Chevrolet,Corvette,car,general,,2008,249,US
KG-000863,863,Toyota,Camry Hybrid,car,general,,2009,34,US
KG-000864,864,Toyota,4Runner,suv,general,,2015,90,US
KG-000866,866,Nissan,Murano,suv,general,,2015,49,US
KG-000868,868,Chevrolet,Suburban,suv,general,,2011,95,US
KG-000869,869,Chevrolet,Suburban,suv,general,,2012,95,US
KG-000870,870,Chevrolet,Suburban,suv,general,,2009,120,US
KG-000871,871,Kia,Sorento,suv,general,,2011,45,US
KG-000872,872,Chevrolet,Tahoe,suv,general,,2011,75,US
KG-000873,873,Acura,TL,car,general,,2011,39,US
KG-000874,874,Ford,Mustang,car,general,,2007,75,US
KG-000875,875,Chevrolet,Tahoe,suv,general,,2011,75,US
KG-000876,876,GMC,Yukon XL,suv,general,,2014,80,US
KG-000877,877,Ford,Mustang,car,general,,2020,1485,US
KG-000878,878,Kia,Optima,car,general,,2011,35,US
KG-000879,879,Ford,Fusion,car,general,,2013,36,US
KG-000880,880,GMC,Yukon,suv,general,,2005,73,US
KG-000881,881,Kia,Optima,car,general,,2015,39,US
KG-000882,882,Chevrolet,TrailBlazer,suv,general,,2009,55,US
KG-000883,883,Jeep,Grand Cherokee,suv,general,,2008,57,US
KG-000884,884,Jeep,Wrangler,suv,general,,2017,75,US
KG-000885,885,Hyundai,Tucson,suv,general,,2019,50,US
KG-000886,886,Hyundai,Elantra,car,general,,2018,45,US
KG-000888,888,FIAT,124 Convertible 2000,car,general,,1979,110,US
KG-000889,889,Mitsubishi,Mirage,car,general,,2015,30,US
KG-000890,890,Volkswagen,Jetta,car,general,,2013,40,US
KG-000891,891,Ford,Flex,car,general,,2017,65,US
KG-000892,892,Ford,Mustang,car,general,,2010,79,US
KG-000894,894,Honda,Civic Sedan,car,general,,2019,59,US
KG-000895,895,Buick,LaCrosse,car,general,,2014,42,US
KG-000897,897,Dodge,Charger,car,general,,2020,150,US
KG-000898,898,Kia,Optima,car,general,,2018,37,US
KG-000899,899,Ford,Focus,car,general,,2014,30,US
KG-000900,900,Ford,Mustang,car,general,,2016,74,US
KG-000901,901,Honda,Accord,car,general,,2012,32,US
KG-000902,902,Ford,Fusion,car,general,,2014,45,US
KG-000903,903,Chevrolet,Bolt EV,car,general,,2017,225,US
KG-000904,904,Volkswagen,Passat,car,general,,2014,46,US
KG-000905,905,Jeep,Renegade,suv,general,,2017,40,US
KG-000907,907,Chevrolet,Sonic,car,general,,2017,32,US
KG-000908,908,Chevrolet,Camaro,car,general,,2015,59,US
KG-000910,910,Nissan,Armada,suv,general,,2014,56,US
KG-000911,911,Jeep,Wrangler,suv,general,,2014,64,US
KG-000913,913,Nissan,Altima,car,general,,2014,34,US
KG-000915,915,Chevrolet,Sonic,car,general,,2018,30,US
KG-000916,916,Chevrolet,Cruze,car,general,,2013,33,US
KG-000917,917,Chevrolet,Spark,car,general,,2019,29,US
KG-000918,918,Jeep,Renegade,suv,general,,2019,51,US
KG-000919,919,Chevrolet,Equinox,suv,general,,2020,41,US
KG-000920,920,Chevrolet,Equinox,suv,general,,2020,41,US
KG-000921,921,Acura,RDX,suv,general,,2010,42,US
KG-000922,922,Nissan,Versa,car,general,,2017,35,US
KG-000923,923,Hyundai,Elantra,car,general,,2017,42,US
KG-000924,924,Kia,Forte,car,general,,2016,42,US
KG-000925,925,Toyota,Corolla,car,general,,2017,40,US
KG-000926,926,Volkswagen,Passat,car,general,,2017,38,US
KG-000927,927,Ford,Fiesta,car,general,,2016,40,US
KG-000928,928,Nissan,Versa,car,general,,2017,38,US
KG-000929,929,Ford,Fiesta,car,general,,2016,40,US
KG-000930,930,Jeep,Wrangler,suv,general,,2018,79,US
KG-000931,931,Jeep,Grand Cherokee,suv,general,,2014,54,US
KG-000933,933,Chevrolet,Blazer,suv,general,,2019,68,US
KG-000936,936,Jeep,Wrangler Unlimited,suv,general,,2020,79,US
KG-000938,938,Infiniti,Q60 Coupe,car,general,,2015,49,US
KG-000940,940,Toyota,FJ Cruiser,suv,general,,2012,69,US
KG-000942,942,Honda,CR-V,suv,general,,2012,45,US
KG-000943,943,Chrysler,Pacifica,minivan,general,,2019,59,US
KG-000947,947,Honda,Accord,car,general,,2014,38,US
KG-000951,951,Jeep,Grand Cherokee,suv,general,,2015,64,US
KG-000952,952,Toyota,Supra,car,general,,2020,159,US
KG-000954,954,Toyota,Sienna,minivan,general,,2016,55,US
KG-000955,955,Toyota,Yaris,car,general,,2008,25,US
KG-000956,956,Chevrolet,Malibu,car,general,,2016,32,US
KG-000957,957,Chevrolet,Camaro,car,general,,2012,56,US
KG-000958,958,Ford,Mustang,car,general,,2014,60,US
KG-000971,971,Chevrolet,Camaro,car,general,,2016,61,US
KG-000978,978,Ford,Fusion Energi,car,general,,2016,54,US
KG-000980,980,Honda,Odyssey,minivan,general,,2015,56,US
KG-000981,981,Mercury,Mariner,suv,general,,2010,36,US
KG-000986,986,Jeep,Wrangler,suv,general,,2015,143,US
KG-000987,987,Nissan,Altima,car,general,,2016,34,US
KG-000988,988,Nissan,Rogue,suv,general,,2011,45,US
KG-000989,989,Chevrolet,Malibu,car,general,,2015,50,US
KG-000990,990,Acura,ILX,car,general,,2017,40,US
KG-000991,991,Ford,Escape,suv,general,,2016,41,US
KG-000992,992,Nissan,Altima,car,general,,2017,50,US
KG-000993,993,Kia,Soul,car,general,,2016,45,US
KG-000995,995,Volkswagen,Jetta,car,general,,2014,32,US
KG-000996,996,Mazda,3,car,general,,2014,34,US
KG-000997,997,Hyundai,Elantra,car,general,,2015,32,US
KG-000998,998,Nissan,Sentra,car,general,,2016,32,US
KG-000999,999,Ford,Focus,car,general,,2015,32,US
KG-001001,1001,Volkswagen,Jetta,car,general,,2019,59,US
KG-001002,1002,Mazda,3,car,general,,2011,32,US
KG-001004,1004,Hyundai,Elantra,car,general,,2018,45,US
KG-001005,1005,Hyundai,Elantra,car,general,,2015,32,US
KG-001006,1006,Kia,Forte,car,general,,2015,31,US
KG-001007,1007,Ford,Fiesta,car,general,,2014,30,US
KG-001008,1008,Toyota,Corolla,car,general,,2018,30,US
KG-001010,1010,Chevrolet,Spark,car,general,,2015,32,US
KG-001011,1011,Subaru,Impreza,car,general,,2011,80,US
KG-001012,1012,Chevrolet,Volt,car,general,,2014,49,US
KG-001013,1013,Honda,Accord Sedan,car,general,,2019,46,US
KG-001017,1017,Nissan,Rogue,suv,general,,2014,28,US
KG-001018,1018,Nissan,Versa Note,car,general,,2017,37,US
KG-001020,1020,Volkswagen,Jetta,car,general,,2017,50,US
KG-001021,1021,Hyundai,Elantra,car,general,,2018,49,US
KG-001022,1022,Chevrolet,Spark,car,general,,2013,30,US
KG-001023,1023,Subaru,Legacy,car,general,,2018,45,US
KG-001028,1028,Subaru,Outback,suv,general,,2014,45,US
KG-001031,1031,Dodge,Challenger,car,general,,2017,74,US
KG-001033,1033,Chevrolet,Volt,car,general,,2016,43,US
KG-001034,1034,Nissan,Maxima,car,general,,2017,60,US
KG-001035,1035,Toyota,4Runner,suv,general,,2019,74,US
KG-001037,1037,GMC,Yukon XL,suv,general,,2017,101,US
KG-001040,1040,Toyota,FJ Cruiser,suv,general,,2008,54,US
KG-001041,1041,Toyota,4Runner,suv,general,,2005,48,US
KG-001042,1042,Toyota,4Runner,suv,general,,2006,50,US
KG-001043,1043,Toyota,4Runner,suv,general,,2005,47,US
KG-001044,1044,Hyundai,Santa Fe Sport,suv,general,,2018,60,US
KG-001046,1046,Jeep,Renegade,suv,general,,2017,55,US
KG-001048,1048,Toyota,4Runner,suv,general,,2005,49,US
KG-001049,1049,Nissan,Pathfinder,suv,general,,2012,55,US
KG-001050,1050,Toyota,RAV4,suv,general,,2010,45,US
KG-001051,1051,FIAT,500,car,general,,2012,40,US
KG-001053,1053,Nissan,Pathfinder,suv,general,,2011,47,US
KG-001055,1055,Toyota,Sienna,minivan,general,,2006,40,US
KG-001056,1056,Nissan,Pathfinder,suv,general,,2012,50,US
KG-001057,1057,Subaru,Forester,suv,general,,2017,60,US
KG-001059,1059,Toyota,Sienna,minivan,general,,2005,40,US
KG-001060,1060,Subaru,Forester,suv,general,,2014,50,US
KG-001061,1061,Jeep,Wrangler Unlimited,suv,general,,2020,75,US
KG-001063,1063,Chevrolet,Express,van,general,,2010,79,US
KG-001064,1064,Subaru,Forester,suv,general,,2014,52,US
KG-001065,1065,Toyota,Sienna,minivan,general,,2007,40,US
KG-001066,1066,Subaru,Legacy,car,general,,2008,62,US
KG-001068,1068,Toyota,4Runner,suv,general,,2009,60,US
KG-001069,1069,Nissan,Pathfinder,suv,general,,2014,55,US
KG-001070,1070,Nissan,Pathfinder,suv,general,,2012,55,US
KG-001071,1071,Subaru,Outback,suv,general,,2017,68,US
KG-001072,1072,Toyota,Sienna,minivan,general,,2006,42,US
KG-001073,1073,Toyota,FJ Cruiser,suv,general,,2008,52,US
KG-001076,1076,Toyota,Sienna,minivan,general,,2012,49,US
KG-001077,1077,Toyota,Sienna,minivan,general,,2012,55,US
KG-001078,1078,GMC,Acadia,suv,general,,2014,70,US
KG-001079,1079,Toyota,RAV4,suv,general,,2006,45,US
KG-001080,1080,Toyota,4Runner,suv,general,,2008,49,US
KG-001081,1081,Honda,Civic,car,general,,2016,35,US
KG-001084,1084,Cadillac,Escalade,suv,general,,2015,115,US
KG-001085,1085,Toyota,4Runner,suv,general,,2005,45,US
KG-001086,1086,Toyota,RAV4,suv,general,,2013,50,US
KG-001087,1087,INFINITI,QX60,suv,general,,2018,89,US
KG-001088,1088,Toyota,Sienna,minivan,general,,2011,48,US
KG-001089,1089,Toyota,4Runner,suv,general,,2008,50,US
KG-001090,1090,Nissan,Xterra,suv,general,,2010,49,US
KG-001091,1091,Toyota,Sienna,minivan,general,,2006,45,US
KG-001092,1092,Nissan,Xterra,suv,general,,2012,50,US
KG-001093,1093,Toyota,Prius,car,general,,2014,46,US
KG-001094,1094,Nissan,Xterra,suv,general,,2011,50,US
KG-001096,1096,Toyota,Prius,car,general,,2008,51,US
KG-001097,1097,Toyota,RAV4,suv,general,,2010,45,US
KG-001099,1099,Jeep,Renegade,suv,general,,2017,55,US
KG-001102,1102,Toyota,FJ Cruiser,suv,general,,2007,50,US
KG-001103,1103,Nissan,Xterra,suv,general,,2008,45,US
KG-001104,1104,Subaru,Forester,suv,general,,2013,55,US
KG-001105,1105,Subaru,Forester,suv,general,,2014,55,US
KG-001107,1107,Nissan,Xterra,suv,general,,2010,50,US
KG-001109,1109,Toyota,Sienna,minivan,general,,2007,47,US
KG-001110,1110,GMC,Terrain,suv,general,,2020,60,US
KG-001112,1112,FIAT,500,car,general,,2013,52,US
KG-001113,1113,Toyota,4Runner,suv,general,,2005,50,US
KG-001115,1115,Nissan,Armada,suv,general,,2017,79,US
KG-001116,1116,Honda,Pilot,suv,general,,2008,48,US
KG-001117,1117,Toyota,RAV4,suv,general,,2011,50,US
KG-001119,1119,Toyota,Sienna,minivan,general,,2007,60,US
KG-001120,1120,Cadillac,Escalade ESV,suv,general,,2018,149,US
KG-001122,1122,Dodge,Grand Caravan,minivan,general,,2017,97,US
KG-001125,1125,Toyota,Highlander,suv,general,,2011,90,US
KG-001128,1128,Ford,Escape,suv,general,,2012,59,US
KG-001129,1129,Nissan,Sentra,car,general,,2014,38,US
KG-001130,1130,Honda,CR-V,suv,general,,2016,79,US
KG-001133,1133,Toyota,Sienna,minivan,general,,2008,60,US
KG-001134,1134,Mazda,CX-5,suv,general,,2016,51,US
KG-001135,1135,Toyota,Venza,car,general,,2011,55,US
KG-001136,1136,Nissan,Pathfinder,suv,general,,2016,65,US
KG-001139,1139,Acura,MDX,suv,general,,2011,53,US
KG-001141,1141,Honda,CR-V,suv,general,,2010,51,US
KG-001142,1142,Chevrolet,Express,van,general,,2010,99,US
KG-001146,1146,Chevrolet,Corvette,car,general,,2017,200,US
KG-001147,1147,Mitsubishi,Outlander Sport,suv,general,,2014,50,US
KG-001148,1148,Dodge,Grand Caravan,minivan,general,,2019,85,US
KG-001150,1150,Ford,Explorer,suv,general,,2015,69,US
KG-001151,1151,Chevrolet,Express,van,general,,2010,99,US
KG-001153,1153,Toyota,RAV4,suv,general,,2010,60,US
KG-001154,1154,Toyota,4Runner,suv,general,,2016,85,US
KG-001155,1155,Dodge,Grand Caravan,minivan,general,,2011,74,US
KG-001156,1156,Honda,Accord,car,general,,2011,48,US
KG-001157,1157,Chevrolet,Camaro,car,general,,2011,64,US
KG-001158,1158,Toyota,Camry,car,general,,2015,65,US
KG-001159,1159,Toyota,4Runner,suv,general,,2011,90,US
KG-001162,1162,Chevrolet,Corvette Stingray,car,general,,2014,160,US
KG-001163,1163,Dodge,Grand Caravan,minivan,general,,2018,108,US
KG-001164,1164,Toyota,Highlander,suv,general,,2018,72,US
KG-001165,1165,Nissan,Rogue,suv,general,,2016,55,US
KG-001166,1166,GMC,Yukon XL,suv,general,,2018,139,US
KG-001168,1168,Ford,Fusion,car,general,,2011,69,US
KG-001169,1169,Nissan,Pathfinder,suv,general,,2017,102,US
KG-001174,1174,Acura,MDX,suv,general,,2012,60,US
KG-001175,1175,Toyota,Yaris,car,general,,2008,50,US
KG-001176,1176,Toyota,Yaris,car,general,,2015,51,US
KG-001177,1177,Chevrolet,Suburban,suv,general,,2018,80,US
KG-001178,1178,Honda,CR-V,suv,general,,2007,67,US
KG-001179,1179,GMC,Yukon XL,suv,general,,2015,200,US
KG-001181,1181,Chevrolet,Express,van,general,,2011,125,US
KG-001182,1182,Chevrolet,Suburban,suv,general,,2018,75,US
KG-001186,1186,Kia,Optima,car,general,,2017,62,US
KG-001188,1188,Nissan,Xterra,suv,general,,2010,70,US
KG-001189,1189,Honda,Odyssey,minivan,general,,2016,125,US
KG-001190,1190,Ford,Expedition,suv,general,,2014,125,US
KG-001191,1191,Nissan,Pathfinder,suv,general,,2017,64,US
KG-001192,1192,GMC,Terrain,suv,general,,2018,50,US
KG-001193,1193,Toyota,Highlander,suv,general,,2015,97,US
KG-001194,1194,Hyundai,Sonata,car,general,,2019,44,US
KG-001195,1195,Ford,Explorer,suv,general,,2014,118,US
KG-001198,1198,Toyota,Prius,car,general,,2012,50,US
KG-001199,1199,Ford,Fusion,car,general,,2011,59,US
KG-001200,1200,Chevrolet,Suburban,suv,general,,2014,75,US
KG-001201,1201,Toyota,4Runner,suv,general,,2018,110,US
KG-001202,1202,Cadillac,Escalade ESV,suv,general,,2016,171,US
KG-001203,1203,Honda,CR-V,suv,general,,2016,58,US
KG-001204,1204,Jeep,Grand Cherokee,suv,general,,2018,68,US
KG-001205,1205,Toyota,Sequoia,suv,general,,2014,153,US
KG-001206,1206,Dodge,Grand Caravan,minivan,general,,2019,85,US
KG-001207,1207,Dodge,Grand Caravan,minivan,general,,2015,95,US
KG-001208,1208,Ford,Fusion,car,general,,2011,61,US
KG-001209,1209,Ford,Escape,suv,general,,2017,48,US
KG-001213,1213,Kia,Sedona,minivan,general,,2019,75,US
KG-001214,1214,Volkswagen,Touareg,suv,general,,2012,57,US
KG-001216,1216,Honda,Insight,car,general,,2011,62,US
KG-001217,1217,Nissan,Rogue,suv,general,,2018,54,US
KG-001219,1219,Ford,Mustang,car,general,,2016,75,US
KG-001220,1220,Dodge,Charger,car,general,,2018,78,US
KG-001221,1221,Chevrolet,Cruze,car,general,,2017,46,US
KG-001222,1222,Kia,Forte,car,general,,2018,32,US
KG-001223,1223,Nissan,Sentra,car,general,,2019,35,US
KG-001224,1224,Nissan,Sentra,car,general,,2019,35,US
KG-001225,1225,Nissan,Sentra,car,general,,2019,35,US
KG-001226,1226,Nissan,Sentra,car,general,,2019,35,US
KG-001227,1227,Nissan,Sentra,car,general,,2019,35,US
KG-001228,1228,Nissan,Sentra,car,general,,2019,35,US
KG-001229,1229,Nissan,Sentra,car,general,,2019,35,US
KG-001230,1230,Nissan,Sentra,car,general,,2019,35,US
KG-001231,1231,Kia,Forte,car,general,,2018,32,US
KG-001232,1232,Toyota,Camry,car,general,,2007,26,US
KG-001233,1233,Mitsubishi,Mirage G4,car,general,,2017,45,US
KG-001235,1235,Nissan,Sentra,car,general,,2019,35,US
KG-001236,1236,Chevrolet,Suburban,suv,general,,2018,79,US
KG-001238,1238,Chevrolet,Corvette,car,general,,2015,169,US
KG-001241,1241,INFINITI,QX80,suv,general,,2017,98,US
KG-001243,1243,GMC,Yukon XL,suv,general,,2012,90,US
KG-001245,1245,Chevrolet,Corvette,car,general,,1961,399,US
KG-001246,1246,Honda,Accord Sedan,car,general,,2019,50,US
KG-001247,1247,Infiniti,Q60,car,general,,2019,108,US
KG-001249,1249,Chrysler,Town and Country,minivan,general,,2014,62,US
KG-001250,1250,Infiniti,QX,suv,general,,2013,84,US
KG-001252,1252,Chevrolet,Malibu,car,general,,2015,30,US
KG-001253,1253,Toyota,Camry,car,general,,2014,25,US
KG-001254,1254,Honda,Pilot,suv,general,,2014,60,US
KG-001255,1255,Kia,Niro,suv,general,,2019,41,US
KG-001256,1256,Ford,Mustang,car,general,,2014,59,US
KG-001257,1257,Dodge,Grand Caravan,minivan,general,,2014,49,US
KG-001258,1258,GMC,Acadia,suv,general,,2008,40,US
KG-001259,1259,Dodge,Durango,suv,general,,2011,49,US
KG-001260,1260,Hyundai,Santa Fe Sport,suv,general,,2015,45,US
KG-001264,1264,Mitsubishi,Mirage,car,general,,2014,33,US
KG-001265,1265,Nissan,Altima,car,general,,2017,54,US
KG-001266,1266,Honda,Odyssey,minivan,general,,2018,54,US
KG-001267,1267,Ford,Fusion,car,general,,2012,28,US
KG-001268,1268,Ford,Expedition,suv,general,,2018,143,US
KG-001269,1269,Chevrolet,Camaro,car,general,,2017,139,US
KG-001271,1271,Ford,Fusion,car,general,,2010,27,US
KG-001272,1272,Nissan,Sentra,car,general,,2019,35,US
KG-001273,1273,Dodge,Caliber,car,general,,2009,26,US
KG-001274,1274,Dodge,Caliber,car,general,,2008,24,US
KG-001275,1275,Toyota,RAV4,suv,general,,2018,47,US
KG-001276,1276,Dodge,Avenger,car,general,,2009,27,US
KG-001277,1277,Jeep,Wrangler Unlimited,suv,general,,2020,100,US
KG-001278,1278,Nissan,Rogue,suv,general,,2019,49,US
KG-001279,1279,Ford,Focus,car,general,,2009,27,US
KG-001280,1280,Chevrolet,Aveo,car,general,,2009,22,US
KG-001281,1281,Ford,Expedition MAX,suv,general,,2020,130,US
KG-001282,1282,Ford,Fusion,car,general,,2016,65,US
KG-001284,1284,Toyota,4Runner,suv,general,,2019,79,US
KG-001285,1285,Dodge,Challenger,car,general,,2017,99,US
KG-001286,1286,Infiniti,Q50,car,general,,2015,69,US
KG-001289,1289,Chevrolet,Traverse,suv,general,,2020,74,US
KG-001291,1291,Nissan,Sentra,car,general,,2020,60,US
KG-001292,1292,Jeep,Wrangler Unlimited,suv,general,,2019,86,US
KG-001296,1296,Nissan,Rogue,suv,general,,2019,88,US
KG-001297,1297,Toyota,Camry,car,general,,2012,48,US
KG-001298,1298,Chevrolet,Equinox,suv,general,,2019,64,US
KG-001299,1299,Chrysler,200,car,general,,2016,55,US
KG-001300,1300,Honda,CR-V,suv,general,,2018,70,US
KG-001301,1301,Chevrolet,Traverse,suv,general,,2016,75,US
KG-001302,1302,Jeep,Grand Cherokee,suv,general,,2015,85,US
KG-001303,1303,Ford,Fusion Hybrid,car,general,,2019,65,US
KG-001304,1304,Dodge,Charger,car,general,,2019,350,US
KG-001305,1305,Chrysler,Voyager,minivan,general,,2020,55,US
KG-001308,1308,Kia,Optima,car,general,,2018,45,US
KG-001309,1309,Mazda,CX-5,suv,general,,2020,84,US
KG-001311,1311,Honda,Accord,car,general,,2016,96,US
KG-001312,1312,Jeep,Compass,suv,general,,2019,58,US
KG-001313,1313,GMC,Terrain,suv,general,,2016,66,US
KG-001314,1314,Kia,Optima,car,general,,2019,45,US
KG-001315,1315,Ford,Escape,suv,general,,2011,34,US
KG-001316,1316,Hyundai,Accent,car,general,,2013,31,US
KG-001317,1317,Chevrolet,Sonic,car,general,,2015,28,US
KG-001318,1318,Ford,Focus,car,general,,2008,28,US
KG-001319,1319,Toyota,Corolla,car,general,,2018,88,US
KG-001321,1321,Mitsubishi,Mirage,car,general,,2017,26,US
KG-001322,1322,Saturn,ION,car,general,,2007,26,US
KG-001323,1323,Mazda,6,car,general,,2011,36,US
KG-001324,1324,Ford,Taurus,car,general,,2013,35,US
KG-001325,1325,Nissan,Versa,car,general,,2015,40,US
KG-001331,1331,Dodge,Challenger,car,general,,2017,115,US
KG-001333,1333,Toyota,Highlander,suv,general,,2018,104,US
KG-001335,1335,Ford,Explorer,suv,general,,2014,88,US
KG-001337,1337,Toyota,Camry,car,general,,2016,56,US
KG-001338,1338,Chevrolet,Camaro,car,general,,2017,160,US
KG-001341,1341,Chevrolet,Suburban,suv,general,,2018,168,US
KG-001346,1346,Toyota,Avalon,car,general,,2013,71,US
KG-001350,1350,Dodge,Charger,car,general,,2018,125,US
KG-001352,1352,Chevrolet,Corvette,car,general,,2016,230,US
KG-001358,1358,Alfa Romeo,4C,car,general,,2017,185,US
KG-001366,1366,Acura,MDX,suv,general,,2016,124,US
KG-001368,1368,Volvo,XC60,suv,general,,2019,92,US
KG-001369,1369,Chevrolet,Impala,car,general,,2017,100,US
KG-001372,1372,Honda,Pilot,suv,general,,2009,50,US
KG-001373,1373,Alfa-romeo,Stelvio,suv,general,,2019,99,US
KG-001374,1374,Ford,Mustang,car,general,,2019,114,US
KG-001379,1379,Honda,Odyssey,minivan,general,,2019,118,US
KG-001392,1392,Chevrolet,Corvette,car,general,,2015,167,US
KG-001395,1395,Honda,Odyssey,minivan,general,,2013,94,US
KG-001408,1408,Toyota,Sienna,minivan,general,,2017,99,US
KG-001409,1409,Ford,Mustang,car,general,,2018,115,US
KG-001410,1410,Honda,CR-V,suv,general,,2015,80,US
KG-001412,1412,Toyota,RAV4,suv,general,,2017,73,US
KG-001417,1417,Acura,MDX,suv,general,,2020,149,US
KG-001418,1418,Toyota,RAV4,suv,general,,2014,84,US
KG-001420,1420,Alfa Romeo,Stelvio,suv,general,,2018,109,US
KG-001421,1421,Scion,FR-S,car,general,,2013,76,US
KG-001422,1422,Honda,Pilot,suv,general,,2017,65,US
KG-001424,1424,Toyota,Camry,car,general,,2016,70,US
KG-001425,1425,Ford,Mustang,car,general,,2019,69,US
KG-001427,1427,Jeep,Wrangler,suv,general,,2016,139,US
KG-001432,1432,Toyota,RAV4,suv,general,,2016,70,US
KG-001433,1433,Toyota,Camry,car,general,,2017,74,US
KG-001434,1434,Nissan,GT-R,car,general,,2013,300,US
KG-001435,1435,Honda,Accord,car,general,,2018,74,US
KG-001436,1436,Honda,Odyssey,minivan,general,,2014,127,US
KG-001439,1439,Alfa Romeo,Giulia,car,general,,2017,95,US
KG-001440,1440,Jeep,Grand Cherokee SRT,suv,general,,2017,199,US
KG-001447,1447,Nissan,Rogue,suv,general,,2017,76,US
KG-001451,1451,Volvo,S90,car,general,,2018,94,US
KG-001452,1452,Mazda,3,car,general,,2012,60,US
KG-001456,1456,Cadillac,CTS,car,general,,2015,74,US
KG-001458,1458,Toyota,Sequoia,suv,general,,2013,119,US
KG-001459,1459,Jeep,Wrangler,suv,general,,2018,80,US
KG-001463,1463,Kia,Stinger,car,general,,2019,110,US
KG-001465,1465,HUMMER,H2,suv,general,,2008,217,US
KG-001466,1466,Jeep,Cherokee,suv,general,,2017,65,US
KG-001468,1468,Toyota,Sienna,minivan,general,,2015,83,US
KG-001469,1469,Infiniti,Q50,car,general,,2015,125,US
KG-001470,1470,Jeep,Wrangler,suv,general,,2015,158,US
KG-001473,1473,Nissan,Rogue,suv,general,,2019,85,US
KG-001475,1475,Toyota,Highlander,suv,general,,2017,99,US
KG-001476,1476,Chevrolet,Corvette,car,general,,2020,545,US
KG-001477,1477,Toyota,Supra,car,general,,2020,250,US
KG-001478,1478,Hyundai,Sonata,car,general,,2015,72,US
KG-001479,1479,Toyota,RAV4,suv,general,,2014,78,US
KG-001483,1483,Honda,CR-V,suv,general,,2016,77,US
KG-001486,1486,Chevrolet,Impala,car,general,,2019,68,US
KG-001489,1489,Chevrolet,Equinox,suv,general,,2019,65,US
KG-001490,1490,Mazda,CX-5,suv,general,,2015,76,US
KG-001491,1491,Honda,HR-V,suv,general,,2016,76,US
KG-001495,1495,Honda,Accord,car,general,,2017,74,US
KG-001496,1496,Toyota,Sienna,minivan,general,,2011,87,US
KG-001500,1500,Chevrolet,Malibu,car,general,,2018,49,US
KG-001501,1501,Chrysler,Pacifica,minivan,general,,2018,89,US
KG-001502,1502,Chevrolet,Corvette,car,general,,2009,149,US
KG-001504,1504,Toyota,RAV4,suv,general,,2017,74,US
KG-001505,1505,Honda,HR-V,suv,general,,2017,76,US
KG-001506,1506,Jeep,Wrangler Unlimited,suv,general,,2019,104,US
KG-001508,1508,Mazda,3,car,general,,2016,64,US
KG-001510,1510,Jeep,Wrangler Unlimited,suv,general,,2020,110,US
KG-001511,1511,Ford,Mustang,car,general,,2015,99,US
KG-001512,1512,Lincoln,MKX,suv,general,,2016,72,US
KG-001513,1513,Jeep,Wrangler,suv,general,,2018,79,US
KG-001517,1517,Mitsubishi,Mirage,car,general,,2019,31,US
KG-001518,1518,Chevrolet,Corvette,car,general,,2019,159,US
KG-001519,1519,Chevrolet,Corvette,car,general,,2019,169,US
KG-001520,1520,Mitsubishi,Mirage,car,general,,2019,30,US
KG-001523,1523,Honda,Civic,car,general,,2017,33,US
KG-001524,1524,Dodge,Challenger,car,general,,2018,76,US
KG-001525,1525,Toyota,C-HR,suv,general,,2018,35,US
KG-001526,1526,Jeep,Grand Cherokee,suv,general,,2018,46,US
KG-001529,1529,Chevrolet,Camaro,car,general,,2018,65,US
KG-001534,1534,Nissan,Versa,car,general,,2018,35,US
KG-001535,1535,Jeep,Wrangler,suv,general,,2016,80,US
KG-001536,1536,Ford,Mustang,car,general,,2018,63,US
KG-001537,1537,Ford,Mustang,car,general,,2018,69,US
KG-001538,1538,Chevrolet,Camaro,car,general,,2019,100,US
KG-001540,1540,Nissan,Versa,car,general,,2018,33,US
KG-001542,1542,Toyota,Highlander,suv,general,,2019,40,US
KG-001543,1543,Ford,Mustang,car,general,,2016,55,US
KG-001544,1544,Cadillac,XT4,suv,general,,2019,85,US
KG-001546,1546,Toyota,Corolla Hatchback,car,general,,2019,35,US
KG-001548,1548,Jeep,Cherokee,suv,general,,2019,45,US
KG-001550,1550,Ford,Mustang,car,general,,2016,53,US
KG-001552,1552,Ford,Mustang,car,general,,2016,55,US
KG-001554,1554,Ford,Fusion Hybrid,car,general,,2018,46,US
KG-001555,1555,Ford,Mustang,car,general,,2018,75,US
KG-001557,1557,Chevrolet,Express,van,general,,2015,55,US
KG-001560,1560,Ford,Mustang,car,general,,2016,55,US
KG-001563,1563,Chevrolet,Corvette,car,general,,2016,177,US
KG-001565,1565,Ford,Mustang,car,general,,2014,49,US
KG-001566,1566,GMC,Yukon,suv,general,,2019,95,US
KG-001573,1573,Nissan,Versa,car,general,,2018,33,US
KG-001574,1574,Nissan,Rogue,suv,general,,2017,42,US
KG-001575,1575,Chevrolet,Express,van,general,,2016,79,US
KG-001579,1579,Chevrolet,Camaro,car,general,,2019,128,US
KG-001580,1580,Ford,Mustang,car,general,,2018,59,US
KG-001581,1581,Chevrolet,Express,van,general,,2017,99,US
KG-001583,1583,Chevrolet,Corvette,car,general,,2019,190,US
KG-001584,1584,Volvo,XC90,suv,general,,2020,89,US
KG-001587,1587,Mazda,MAZDA2,car,general,,2012,40,US
KG-001588,1588,FIAT,500,car,general,,2015,35,US
KG-001589,1589,FIAT,500,car,general,,2012,32,US
KG-001590,1590,FIAT,500,car,general,,2015,20,US
KG-001592,1592,Honda,Civic,car,general,,2008,36,US
KG-001594,1594,Alfa Romeo,Giulia,car,general,,2017,95,US
KG-001595,1595,Dodge,Challenger,car,general,,2017,64,US
KG-001596,1596,Subaru,Crosstrek,suv,general,,2018,49,US
KG-001598,1598,Buick,Enclave,suv,general,,2008,49,US
KG-001599,1599,Chrysler,300,car,general,,2018,63,US
KG-001600,1600,FIAT,124 Spider,car,general,,2017,81,US
KG-001602,1602,Dodge,Charger,car,general,,2016,200,US
KG-001603,1603,Volkswagen,Touareg 2,suv,general,,2008,60,US
KG-001605,1605,Ford,Mustang,car,general,,2020,140,US
KG-001606,1606,Kia,Soul,car,general,,2016,47,US
KG-001607,1607,Ford,Fusion,car,general,,2014,38,US
KG-001608,1608,Volkswagen,Jetta,car,general,,2011,38,US
KG-001609,1609,Toyota,RAV4,suv,general,,2016,48,US
KG-001610,1610,Toyota,Corolla,car,general,,2015,34,US
KG-001611,1611,Chevrolet,Sonic,car,general,,2014,32,US
KG-001612,1612,Toyota,Corolla,car,general,,2016,36,US
KG-001613,1613,Hyundai,Sonata,car,general,,2017,45,US
KG-001614,1614,Chevrolet,Impala Limited,car,general,,2015,27,US
KG-001615,1615,Mazda,CX-5,suv,general,,2014,45,US
KG-001618,1618,FIAT,500,car,general,,2012,50,US
KG-001619,1619,Pontiac,G6,car,general,,2010,30,US
KG-001620,1620,Chevrolet,HHR,car,general,,2009,30,US
KG-001621,1621,Nissan,Murano,suv,general,,2015,48,US
KG-001622,1622,Volkswagen,Touareg,suv,general,,2013,49,US
KG-001623,1623,Honda,Accord Sedan,car,general,,2019,52,US
KG-001624,1624,Subaru,XV Crosstrek,suv,general,,2013,60,US
KG-001625,1625,Jeep,Patriot,suv,general,,2016,48,US
KG-001628,1628,Honda,Pilot,suv,general,,2020,85,US
KG-001631,1631,Dodge,Challenger,car,general,,2016,120,US
KG-001632,1632,Chevrolet,Corvette,car,general,,2009,85,US
KG-001633,1633,Chevrolet,Express Cargo,van,general,,2009,35,US
KG-001639,1639,Chrysler,300,car,general,,2014,75,US
KG-001640,1640,Dodge,Grand Caravan,minivan,general,,2017,86,US
KG-001641,1641,Nissan,Altima,car,general,,2016,30,US
KG-001642,1642,MINI,Cooper Countryman,car,general,,2016,48,US
KG-001643,1643,Chrysler,Pacifica,car,general,,2007,24,US
KG-001644,1644,Chrysler,200,car,general,,2015,48,US
KG-001646,1646,Honda,Odyssey,minivan,general,,2012,67,US
KG-001647,1647,Hyundai,Sonata,car,general,,2018,56,US
KG-001648,1648,Toyota,4Runner,suv,general,,2015,85,US
KG-001651,1651,Chevrolet,Malibu,car,general,,2014,35,US
KG-001652,1652,Subaru,Forester,suv,general,,2013,32,US
KG-001653,1653,Honda,CR-V,suv,general,,2011,35,US
KG-001654,1654,Toyota,Prius,car,general,,2013,28,US
KG-001655,1655,Chevrolet,Camaro,car,general,,2011,75,US
KG-001656,1656,Toyota,Corolla,car,general,,2016,28,US
KG-001657,1657,Nissan,Murano,suv,general,,2016,55,US
KG-001658,1658,Toyota,Camry,car,general,,2018,35,US
KG-001660,1660,Toyota,Avalon,car,general,,2009,26,US
KG-001662,1662,Hyundai,Elantra,car,general,,2015,50,US
KG-001663,1663,Toyota,Camry,car,general,,2011,26,US
KG-001664,1664,Toyota,Camry,car,general,,2011,26,US
KG-001665,1665,Toyota,Camry,car,general,,2011,26,US
KG-001669,1669,Toyota,Corolla,car,general,,2010,25,US
KG-001670,1670,Toyota,Corolla,car,general,,2010,25,US
KG-001672,1672,Acura,MDX,suv,general,,2014,119,US
KG-001673,1673,Hyundai,Santa Fe,suv,general,,2020,35,US
KG-001674,1674,Toyota,Corolla,car,general,,2015,28,US
KG-001676,1676,Toyota,Corolla,car,general,,2014,28,US
KG-001677,1677,Toyota,Prius,car,general,,2011,26,US
KG-001678,1678,Toyota,Camry,car,general,,2011,26,US
KG-001679,1679,Toyota,Camry,car,general,,2016,57,US
KG-001680,1680,Toyota,Corolla,car,general,,2009,25,US
KG-001681,1681,Toyota,Camry,car,general,,2009,26,US
KG-001682,1682,Toyota,Corolla,car,general,,2013,26,US
KG-001683,1683,Toyota,Corolla,car,general,,2006,23,US
KG-001684,1684,Toyota,Camry,car,general,,2016,30,US
KG-001685,1685,Toyota,Corolla,car,general,,2010,25,US
KG-001686,1686,Toyota,Corolla,car,general,,2008,23,US
KG-001687,1687,Kia,Forte,car,general,,2019,29,US
KG-001688,1688,Hyundai,Elantra,car,general,,2019,27,US
KG-001689,1689,Honda,Accord Sedan,car,general,,2019,57,US
KG-001690,1690,Nissan,Xterra,suv,general,,2013,61,US
KG-001691,1691,Chevrolet,Tahoe Hybrid,suv,general,,2009,48,US
KG-001693,1693,Toyota,Corolla,car,general,,2010,25,US
KG-001694,1694,Nissan,Murano,suv,general,,2015,62,US
KG-001695,1695,Toyota,Camry,car,general,,2018,54,US
KG-001696,1696,Ford,Transit Wagon,van,general,,2016,199,US
KG-001698,1698,Toyota,Camry,car,general,,2013,40,US
KG-001699,1699,Toyota,Camry,car,general,,2011,45,US
KG-001701,1701,Toyota,Corolla,car,general,,2013,26,US
KG-001702,1702,Hyundai,Tucson,suv,general,,2013,42,US
KG-001703,1703,Toyota,Camry,car,general,,2016,30,US
KG-001705,1705,Chevrolet,Volt,car,general,,2017,44,US
KG-001706,1706,Ford,Fusion,car,general,,2012,30,US
KG-001707,1707,Ford,Mustang,car,general,,2017,99,US
KG-001708,1708,Kia,Soul,car,general,,2018,44,US
KG-001711,1711,Hyundai,Elantra,car,general,,2020,38,US
KG-001712,1712,Jeep,Wrangler,suv,general,,2011,60,US
KG-001718,1718,Honda,Insight,car,general,,2013,35,US
KG-001719,1719,Volvo,XC40,suv,general,,2019,49,US
KG-001722,1722,Chevrolet,Bolt EV,car,general,,2017,57,US
KG-001723,1723,Hyundai,Sonata,car,general,,2015,33,US
KG-001724,1724,Toyota,Highlander,suv,general,,2015,58,US
KG-001725,1725,Toyota,Prius,car,general,,2017,40,US
KG-001726,1726,Hyundai,Santa Fe,suv,general,,2019,55,US
KG-001727,1727,Nissan,Altima,car,general,,2013,34,US
KG-001729,1729,Dodge,Charger,car,general,,2015,39,US
KG-001730,1730,Chevrolet,Volt,car,general,,2017,53,US
KG-001732,1732,Infiniti,QX60,suv,general,,2014,90,US
KG-001733,1733,Mazda,CX-9,suv,general,,2019,55,US
KG-001734,1734,Dodge,Grand Caravan,minivan,general,,2014,37,US
KG-001735,1735,Kia,Forte,car,general,,2010,26,US
KG-001737,1737,Chevrolet,Malibu,car,general,,2012,26,US
KG-001741,1741,Buick,Enclave,suv,general,,2015,60,US
KG-001742,1742,Chevrolet,Volt,car,general,,2013,46,US
KG-001745,1745,Toyota,Camry,car,general,,2017,44,US
KG-001746,1746,Alfa-romeo,Giulia,car,general,,2019,171,US
KG-001747,1747,Mazda,MAZDA5,minivan,general,,2012,38,US
KG-001748,1748,Alfa-romeo,Stelvio,suv,general,,2019,136,US
KG-001749,1749,Kia,Soul,car,general,,2016,38,US
KG-001750,1750,Toyota,Sienna,minivan,general,,2012,58,US
KG-001751,1751,Kia,Forte,car,general,,2017,37,US
KG-001752,1752,Ford,Fusion,car,general,,2014,35,US
KG-001753,1753,Mazda,MAZDA5,minivan,general,,2010,38,US
KG-001754,1754,Toyota,Highlander,suv,general,,2011,60,US
KG-001755,1755,Honda,CR-V,suv,general,,2015,49,US
KG-001756,1756,Hyundai,Sonata,car,general,,2013,37,US
KG-001757,1757,Kia,Forte,car,general,,2014,34,US
KG-001758,1758,Mazda,3,car,general,,2018,35,US
KG-001759,1759,Toyota,Yaris,car,general,,2020,40,US
KG-001760,1760,Hyundai,Sonata,car,general,,2013,35,US
KG-001761,1761,Honda,Civic,car,general,,2014,39,US
KG-001762,1762,Nissan,Sentra,car,general,,2014,33,US
KG-001764,1764,Toyota,Corolla,car,general,,2009,29,US
KG-001766,1766,Mazda,3,car,general,,2016,42,US
KG-001767,1767,Honda,Accord,car,general,,2012,34,US
KG-001768,1768,Toyota,Camry,car,general,,2014,35,US
KG-001770,1770,Honda,Civic,car,general,,2008,30,US
KG-001775,1775,Acura,ILX,car,general,,2013,40,US
KG-001779,1779,Acura,ILX,car,general,,2017,50,US
KG-001781,1781,Chevrolet,Camaro,car,general,,2017,100,US
KG-001783,1783,Toyota,Camry,car,general,,2013,30,US
KG-001793,1793,Volkswagen,Tiguan,suv,general,,2018,53,US
KG-001798,1798,Toyota,Sienna,minivan,general,,2012,36,US
KG-001799,1799,Infiniti,Q50,car,general,,2014,63,US
KG-001800,1800,Jeep,Renegade,suv,general,,2015,45,US
KG-001801,1801,Hyundai,Elantra,car,general,,2020,38,US
KG-001802,1802,Cadillac,XTS,car,general,,2017,60,US
KG-001804,1804,Nissan,Murano,suv,general,,2012,42,US
KG-001805,1805,Honda,Accord,car,general,,2010,29,US
KG-001807,1807,Honda,Accord Sedan,car,general,,2019,58,US
KG-001808,1808,Honda,Odyssey,minivan,general,,2013,44,US
KG-001809,1809,Toyota,RAV4,suv,general,,2012,39,US
KG-001810,1810,Nissan,Versa Note,car,general,,2015,44,US
KG-001811,1811,INFINITI,Q50,car,general,,2018,75,US
KG-001812,1812,Chevrolet,Equinox,suv,general,,2015,42,US
KG-001813,1813,Scion,tC,car,general,,2011,29,US
KG-001814,1814,Chevrolet,Cruze,car,general,,2014,29,US
KG-001815,1815,Jeep,Cherokee,suv,general,,2016,45,US
KG-001816,1816,Cadillac,Escalade,suv,general,,2017,199,US
KG-001818,1818,Ford,Focus,car,general,,2014,32,US
KG-001819,1819,Toyota,RAV4,suv,general,,2012,39,US
KG-001820,1820,Chevrolet,Cruze,car,general,,2013,29,US
KG-001822,1822,Ford,Focus,car,general,,2015,27,US
KG-001823,1823,Nissan,Rogue,suv,general,,2013,37,US
KG-001824,1824,FIAT,500X,suv,general,,2016,55,US
KG-001826,1826,Jeep,Renegade,suv,general,,2017,45,US
KG-001827,1827,Buick,Verano,car,general,,2013,32,US
KG-001828,1828,Ford,Escape,suv,general,,2017,42,US
KG-001829,1829,Kia,Soul,car,general,,2013,27,US
KG-001830,1830,Chevrolet,Malibu,car,general,,2017,45,US
KG-001831,1831,Chevrolet,Cruze,car,general,,2016,28,US
KG-001833,1833,Chevrolet,Equinox,suv,general,,2014,42,US
KG-001834,1834,Chevrolet,Equinox,suv,general,,2015,42,US
KG-001835,1835,Volkswagen,Jetta,car,general,,2007,25,US
KG-001836,1836,Mazda,MAZDA5,minivan,general,,2013,30,US
KG-001839,1839,Kia,Soul,car,general,,2014,27,US
KG-001840,1840,Toyota,RAV4,suv,general,,2010,39,US
KG-001841,1841,Chevrolet,Cruze,car,general,,2014,29,US
KG-001843,1843,Hyundai,Sonata,car,general,,2011,27,US
KG-001844,1844,Scion,xB,car,general,,2013,29,US
KG-001845,1845,Dodge,Charger,car,general,,2019,132,US
KG-001849,1849,Chevrolet,Corvette,car,general,,2017,200,US
KG-001855,1855,Honda,Civic,car,general,,2015,65,US
KG-001856,1856,Toyota,Corolla,car,general,,2016,34,US
KG-001859,1859,Volkswagen,Eos,car,general,,2010,43,US
KG-001860,1860,Honda,Insight,car,general,,2014,34,US
KG-001861,1861,Chrysler,Pacifica,minivan,general,,2017,64,US
KG-001862,1862,Toyota,Yaris iA,car,general,,2017,38,US
KG-001863,1863,Honda,S2000,car,general,,2007,77,US
KG-001864,1864,Toyota,Yaris iA,car,general,,2017,38,US
KG-001865,1865,Jeep,Wrangler,suv,general,,2015,74,US
KG-001869,1869,Hyundai,Accent,car,general,,2014,39,US
KG-001870,1870,Toyota,Prius,car,general,,2016,54,US
KG-001871,1871,Toyota,Yaris iA,car,general,,2018,42,US
KG-001872,1872,Toyota,Yaris,car,general,,2020,38,US
KG-001874,1874,Toyota,Supra,car,general,,2020,150,US
KG-001876,1876,Hyundai,Sonata,car,general,,2018,42,US
KG-001878,1878,Hyundai,Tucson,suv,general,,2019,50,US
KG-001879,1879,Acura,TLX,car,general,,2015,40,US
KG-001880,1880,Chevrolet,Volt,car,general,,2016,45,US
KG-001882,1882,Chevrolet,Equinox,suv,general,,2017,89,US
KG-001883,1883,Honda,Civic,car,general,,2013,45,US
KG-001886,1886,Dodge,Charger,car,general,,2019,90,US
KG-001887,1887,Ford,Escape,suv,general,,2015,38,US
KG-001888,1888,Chevrolet,Cruze,car,general,,2015,39,US
KG-001889,1889,Infiniti,G Sedan,car,general,,2012,36,US
KG-001890,1890,Chevrolet,Equinox,suv,general,,2019,43,US
KG-001891,1891,Chevrolet,Trax,suv,general,,2019,40,US
KG-001895,1895,Chevrolet,Corvette,car,general,,2019,139,US
KG-001896,1896,Chevrolet,Corvette,car,general,,2019,139,US
KG-001898,1898,Chevrolet,Corvette Stingray,car,general,,2014,139,US
KG-001899,1899,Nissan,370Z,car,general,,2011,66,US
KG-001901,1901,Chevrolet,Express,van,general,,2015,55,US
KG-001902,1902,Toyota,Corolla,car,general,,2016,45,US
KG-001903,1903,Chevrolet,Express,van,general,,2017,75,US
KG-001904,1904,Chevrolet,Corvette Stingray,car,general,,2014,139,US
KG-001906,1906,Chevrolet,Camaro,car,general,,2016,125,US
KG-001908,1908,Chevrolet,Corvette,car,general,,2019,139,US
KG-001910,1910,Chevrolet,Express,van,general,,2017,95,US
KG-001911,1911,Chevrolet,Express,van,general,,2017,109,US
KG-001912,1912,Chevrolet,Express,van,general,,2016,99,US
KG-001917,1917,Ford,C-Max Hybrid,car,general,,2016,45,US
KG-001918,1918,Dodge,Durango,suv,general,,2017,72,US
KG-001920,1920,Chevrolet,Camaro,car,general,,2019,110,US
KG-001922,1922,Kia,Sedona,minivan,general,,2016,49,US
KG-001923,1923,Chevrolet,Camaro,car,general,,2016,149,US
KG-001924,1924,Chevrolet,Corvette,car,general,,2016,275,US
KG-001925,1925,smart,fortwo,car,general,,2015,28,US
KG-001926,1926,Toyota,Prius,car,general,,2011,28,US
KG-001927,1927,Jeep,Renegade,suv,general,,2017,50,US
KG-001928,1928,Jeep,Wrangler,suv,general,,2017,84,US
KG-001930,1930,Ford,Focus,car,general,,2017,39,US
KG-001932,1932,Toyota,Camry,car,general,,2018,55,US
KG-001937,1937,Mazda,3,car,general,,2017,69,US
KG-001938,1938,Dodge,Charger,car,general,,2016,79,US
KG-001945,1945,Chevrolet,Equinox,suv,general,,2010,35,US
KG-001946,1946,Nissan,Pathfinder,suv,general,,2017,70,US
KG-001947,1947,Honda,Civic,car,general,,2018,54,US
KG-001948,1948,Chevrolet,Cruze,car,general,,2018,54,US
KG-001949,1949,Dodge,Grand Caravan,minivan,general,,2018,54,US
KG-001950,1950,Jeep,Grand Cherokee,suv,general,,2018,85,US
KG-001951,1951,Hyundai,Tucson,suv,general,,2017,50,US
KG-001952,1952,Nissan,Murano,suv,general,,2015,69,US
KG-001953,1953,Mazda,CX-5,suv,general,,2016,39,US
KG-001954,1954,Toyota,Corolla,car,general,,2017,67,US
KG-001955,1955,Ford,Fusion Hybrid,car,general,,2017,75,US
KG-001956,1956,Toyota,Yaris,car,general,,2019,49,US
KG-001957,1957,Chevrolet,Cruze,car,general,,2018,37,US
KG-001958,1958,Nissan,Rogue,suv,general,,2014,45,US
KG-001959,1959,Chevrolet,Corvette,car,general,,2016,160,US
KG-001960,1960,Honda,Civic,car,general,,2016,38,US
KG-001962,1962,Chevrolet,Camaro,car,general,,2017,69,US
KG-001963,1963,Nissan,GT-R,car,general,,2016,199,US
KG-001966,1966,Honda,Accord,car,general,,2017,39,US
KG-001971,1971,Nissan,Pathfinder,suv,general,,2015,60,US
KG-001975,1975,Dodge,Durango,suv,general,,2016,64,US
KG-001976,1976,Alfa Romeo,4C,car,general,,2016,129,US
KG-001977,1977,Nissan,GT-R,car,general,,2009,149,US
KG-001983,1983,Cadillac,Escalade ESV,suv,general,,2017,199,US
KG-001988,1988,Dodge,Challenger,car,general,,2018,75,US
KG-001991,1991,Cadillac,Escalade ESV,suv,general,,2017,136,US
KG-001992,1992,Jeep,Cherokee,suv,general,,2017,49,US
KG-001995,1995,Jeep,Wrangler,suv,general,,2016,71,US
KG-001999,1999,Nissan,Rogue,suv,general,,2018,49,US
KG-002005,2005,Jeep,Wrangler,suv,general,,2017,69,US
KG-002006,2006,Nissan,GT-R,car,general,,2017,229,US
KG-002008,2008,Chevrolet,Corvette Stingray,car,general,,2014,299,US
KG-002009,2009,Cadillac,Escalade,suv,general,,2015,109,US
KG-002011,2011,Hyundai,Sonata,car,general,,2013,40,US
KG-002019,2019,Honda,Civic,car,general,,2017,35,US
KG-002023,2023,Toyota,Corolla,car,general,,2017,35,US
KG-002025,2025,Infiniti,QX50,suv,general,,2019,89,US
KG-002026,2026,Alfa Romeo,4C,car,general,,2016,125,US
KG-002029,2029,Chevrolet,Corvette,car,general,,2017,159,US
KG-002031,2031,Kia,Soul,suv,general,,2020,39,US
KG-002039,2039,GMC,Yukon XL,suv,general,,2015,89,US
KG-002043,2043,Subaru,Outback,suv,general,,2019,66,US
KG-002047,2047,Chevrolet,Malibu,car,general,,2015,52,US
KG-002049,2049,Dodge,Challenger,car,general,,2018,99,US
KG-002053,2053,Chevrolet,Corvette Stingray,car,general,,2014,109,US
KG-002054,2054,Mitsubishi,Outlander,suv,general,,2019,49,US
KG-002058,2058,Chevrolet,Cruze,car,general,,2014,29,US
KG-002060,2060,Toyota,Corolla,car,general,,2018,52,US
KG-002072,2072,Volkswagen,Jetta,car,general,,2018,39,US
KG-002075,2075,Subaru,Ascent,suv,general,,2019,84,US
KG-002086,2086,Toyota,RAV4,suv,general,,2018,59,US
KG-002092,2092,Ford,Mustang,car,general,,2019,80,US
KG-002093,2093,Ford,Mustang,car,general,,2017,76,US
KG-002094,2094,Honda,Pilot,suv,general,,2014,59,US
KG-002099,2099,Chevrolet,Corvette,car,general,,2017,139,US
KG-002105,2105,Ford,Mustang,car,general,,2016,73,US
KG-002107,2107,Volkswagen,Jetta,car,general,,2014,40,US
KG-002114,2114,Jeep,Wrangler Unlimited,suv,general,,2019,88,US
KG-002115,2115,Chrysler,300,car,general,,2015,50,US
KG-002125,2125,Jeep,Grand Cherokee,suv,general,,2016,56,US
KG-002126,2126,Jeep,Wrangler,suv,general,,2014,129,US
KG-002129,2129,Dodge,Grand Caravan,minivan,general,,2017,56,US
KG-002131,2131,Jeep,Wrangler,suv,general,,2018,85,US
KG-002143,2143,Ford,Mustang,car,general,,2019,81,US
KG-002147,2147,INFINITI,QX60,suv,general,,2018,69,US
KG-002148,2148,Chevrolet,Corvette,car,general,,2017,99,US
KG-002150,2150,Dodge,Avenger,car,general,,2013,45,US
KG-002156,2156,Dodge,Charger,car,general,,2019,130,US
KG-002158,2158,Toyota,Corolla,car,general,,2019,31,US
KG-002160,2160,Hyundai,Sonata,car,general,,2017,39,US
KG-002161,2161,Honda,Civic,car,general,,2018,30,US
KG-002162,2162,Nissan,Sentra,car,general,,2018,30,US
KG-002166,2166,Ford,Mustang,car,general,,2016,47,US
KG-002168,2168,Chevrolet,Camaro,car,general,,2018,68,US
KG-002169,2169,Chevrolet,Camaro,car,general,,2018,77,US
KG-002170,2170,Saturn,Sky,car,general,,2007,27,US
KG-002171,2171,Dodge,Challenger,car,general,,2018,49,US
KG-002172,2172,Kia,Soul,car,general,,2016,27,US
KG-002174,2174,Ford,Mustang,car,general,,2016,44,US
KG-002175,2175,Dodge,Charger,car,general,,2018,79,US
KG-002176,2176,Dodge,Dart,car,general,,2015,26,US
KG-002181,2181,Kia,Soul,car,general,,2015,29,US
KG-002182,2182,Alfa-romeo,Giulia,car,general,,2019,69,US
KG-002186,2186,Dodge,Challenger,car,general,,2019,44,US
KG-002187,2187,Ford,Mustang,car,general,,2016,46,US
KG-002188,2188,Kia,Cadenza,car,general,,2014,30,US
KG-002189,2189,Hyundai,Tucson,suv,general,,2017,39,US
KG-002190,2190,Jeep,Compass,suv,general,,2015,39,US
KG-002191,2191,Chevrolet,Corvette,car,general,,2016,111,US
KG-002192,2192,Honda,Civic,car,general,,2014,30,US
KG-002193,2193,Jeep,Patriot,suv,general,,2016,35,US
KG-002194,2194,Hyundai,Sonata,car,general,,2017,30,US
KG-002195,2195,Ford,Mustang,car,general,,2012,39,US
KG-002196,2196,Toyota,Camry,car,general,,2018,35,US
KG-002197,2197,Ford,Mustang,car,general,,2019,69,US
KG-002198,2198,Kia,Soul,car,general,,2016,29,US
KG-002201,2201,Nissan,Murano,suv,general,,2011,35,US
KG-002203,2203,Ford,Mustang,car,general,,2016,47,US
KG-002204,2204,Nissan,Pathfinder,suv,general,,2014,39,US
KG-002205,2205,Scion,xB,car,general,,2011,27,US
KG-002206,2206,Volkswagen,Beetle,car,general,,2013,36,US
KG-002211,2211,FIAT,124 Spider,car,general,,2017,59,US
KG-002216,2216,Volkswagen,Beetle,car,general,,2013,35,US
KG-002217,2217,Kia,Soul,suv,general,,2019,30,US
KG-002218,2218,Ford,Mustang,car,general,,2013,39,US
KG-002220,2220,Volkswagen,Beetle,car,general,,2013,35,US
KG-002221,2221,Ford,Mustang,car,general,,2014,44,US
KG-002223,2223,Volkswagen,Jetta,car,general,,2010,27,US
KG-002224,2224,Toyota,Camry,car,general,,2016,30,US
KG-002226,2226,MINI,Cooper,car,general,,2012,35,US
KG-002228,2228,Kia,Optima,car,general,,2015,35,US
KG-002229,2229,Chevrolet,Corvette,car,general,,2017,129,US
KG-002230,2230,Hyundai,Sonata,car,general,,2015,35,US
KG-002232,2232,Lincoln,MKS,car,general,,2010,35,US
KG-002234,2234,Toyota,Camry,car,general,,2011,29,US
KG-002235,2235,Volkswagen,Passat,car,general,,2014,35,US
KG-002237,2237,Kia,Soul,car,general,,2014,29,US
KG-002238,2238,Nissan,Rogue,suv,general,,2016,35,US
KG-002239,2239,Hyundai,Elantra,car,general,,2017,32,US
KG-002242,2242,Kia,Rio,car,general,,2015,26,US
KG-002244,2244,Ford,Fiesta,car,general,,2018,30,US
KG-002249,2249,Chrysler,300,car,general,,2010,35,US
KG-002250,2250,Cadillac,XT5,suv,general,,2020,90,US
KG-002252,2252,Kia,Soul,car,general,,2011,27,US
KG-002253,2253,Ford,Mustang,car,general,,2006,35,US
KG-002255,2255,Toyota,Matrix,car,general,,2009,27,US
KG-002256,2256,Jeep,Wrangler,suv,general,,2011,44,US
KG-002257,2257,Ford,Escape,suv,general,,2017,34,US
KG-002258,2258,Jeep,Compass,suv,general,,2016,34,US
KG-002259,2259,Hyundai,Sonata,car,general,,2017,35,US
KG-002260,2260,Honda,Civic Sedan,car,general,,2019,33,US
KG-002261,2261,Toyota,Corolla,car,general,,2016,35,US
KG-002262,2262,Toyota,Prius c,car,general,,2017,35,US
KG-002263,2263,Honda,Civic Sedan,car,general,,2019,39,US
KG-002265,2265,Jeep,Patriot,suv,general,,2011,27,US
KG-002266,2266,Dodge,Dart,car,general,,2014,30,US
KG-002270,2270,Ford,Mustang,car,general,,2016,69,US
KG-002271,2271,Chevrolet,Impala,car,general,,2018,39,US
KG-002272,2272,Kia,Sorento,suv,general,,2014,34,US
KG-002275,2275,Hyundai,Sonata,car,general,,2013,35,US
KG-002279,2279,Honda,Civic Sedan,car,general,,2019,37,US
KG-002280,2280,Ford,Mustang,car,general,,2016,69,US
KG-002283,2283,Ford,Mustang,car,general,,2018,59,US
KG-002287,2287,Mazda,MX-5 Miata,car,general,,2016,54,US
KG-002289,2289,Ford,Fiesta,car,general,,2016,30,US
KG-002290,2290,Mazda,CX-5,suv,general,,2017,49,US
KG-002291,2291,Dodge,Journey,suv,general,,2017,40,US
KG-002293,2293,Toyota,Camry,car,general,,2015,33,US
KG-002295,2295,Chevrolet,Corvette,car,general,,2016,99,US
KG-002296,2296,Ford,Mustang,car,general,,2019,51,US
KG-002298,2298,Chevrolet,Corvette,car,general,,2019,125,US
KG-002303,2303,Dodge,Challenger,car,general,,2018,122,US
KG-002305,2305,Dodge,Journey,suv,general,,2018,45,US
KG-002311,2311,Ford,Mustang,car,general,,2018,59,US
KG-002315,2315,Toyota,Yaris,car,general,,2012,27,US
KG-002316,2316,Hyundai,Sonata,car,general,,2012,34,US
KG-002319,2319,Alfa-romeo,Stelvio,suv,general,,2019,69,US
KG-002320,2320,Mazda,MX-5 Miata RF,car,general,,2018,59,US
KG-002321,2321,Honda,Civic Sedan,car,general,,2019,45,US
KG-002323,2323,Toyota,Yaris,car,general,,2013,27,US
KG-002328,2328,Ford,Fusion Energi,car,general,,2019,48,US
KG-002335,2335,Hyundai,Sonata,car,general,,2016,52,US
KG-002336,2336,Acura,TLX,car,general,,2015,52,US
KG-002337,2337,Honda,CR-V,suv,general,,2018,55,US
KG-002338,2338,Jeep,Wrangler Unlimited,suv,general,,2019,136,US
KG-002339,2339,Chrysler,Town and Country,minivan,general,,2013,54,US
KG-002340,2340,Chevrolet,Cruze,car,general,,2016,45,US
KG-002341,2341,Chevrolet,Volt,car,general,,2013,75,US
KG-002342,2342,Ford,Fiesta,car,general,,2018,57,US
KG-002343,2343,Ford,Fiesta,car,general,,2018,57,US
KG-002344,2344,Cadillac,Escalade ESV,suv,general,,2015,150,US
KG-002345,2345,Toyota,C-HR,car,general,,2019,49,US
KG-002346,2346,Chevrolet,Trax,suv,general,,2017,30,US
KG-002348,2348,Ford,Focus,car,general,,2012,41,US
KG-002349,2349,Dodge,Challenger,car,general,,2018,75,US
KG-002350,2350,Hyundai,Sonata,car,general,,2019,46,US
KG-002351,2351,Toyota,Yaris,car,general,,2017,36,US
KG-002352,2352,Toyota,Avalon,car,general,,2011,42,US
KG-002353,2353,Toyota,C-HR,car,general,,2019,45,US
KG-002354,2354,Hyundai,Elantra,car,general,,2020,33,US
KG-002355,2355,Toyota,C-HR,car,general,,2019,64,US
KG-002356,2356,Toyota,Camry,car,general,,2020,45,US
KG-002357,2357,Ford,Focus,car,general,,2013,55,US
KG-002358,2358,Hyundai,Tucson,suv,general,,2019,50,US
KG-002359,2359,Dodge,Grand Caravan,minivan,general,,2015,64,US
KG-002360,2360,Dodge,Grand Caravan,minivan,general,,2014,70,US
KG-002361,2361,Nissan,Sentra,car,general,,2019,45,US
KG-002362,2362,Nissan,Altima,car,general,,2013,55,US
KG-002364,2364,Kia,Sedona,minivan,general,,2011,63,US
KG-002367,2367,Ford,Focus,car,general,,2015,46,US
KG-002371,2371,Chevrolet,Sonic,car,general,,2014,44,US
KG-002373,2373,Ford,C-Max,car,general,,2013,35,US
KG-002374,2374,Honda,Pilot,suv,general,,2016,91,US
KG-002375,2375,Chevrolet,Camaro,car,general,,2017,64,US
KG-002376,2376,Subaru,Forester,suv,general,,2014,56,US
KG-002377,2377,Toyota,Corolla,car,general,,2015,29,US
KG-002378,2378,Honda,Civic,car,general,,2012,33,US
KG-002379,2379,Ford,Fusion,car,general,,2016,46,US
KG-002380,2380,Toyota,Prius,car,general,,2008,45,US
KG-002381,2381,Chevrolet,Volt,car,general,,2012,30,US
KG-002382,2382,Chevrolet,Cruze,car,general,,2014,21,US
KG-002389,2389,Toyota,Corolla,car,general,,2019,35,US
KG-002390,2390,Cadillac,XTS,car,general,,2018,55,US
KG-002395,2395,Kia,Soul,car,general,,2015,30,US
KG-002396,2396,Chrysler,200,car,general,,2016,30,US
KG-002397,2397,Ford,Mustang,car,general,,2019,65,US
KG-002398,2398,Chevrolet,Suburban,suv,general,,2015,72,US
KG-002399,2399,Dodge,Challenger,car,general,,2017,72,US
KG-002401,2401,Toyota,Corolla,car,general,,2018,38,US
KG-002405,2405,Hyundai,Accent,car,general,,2016,28,US
KG-002408,2408,Dodge,Grand Caravan,minivan,general,,2014,36,US
KG-002409,2409,Hyundai,Accent,car,general,,2012,26,US
KG-002410,2410,Dodge,Journey,suv,general,,2012,32,US
KG-002411,2411,Cadillac,ATS,car,general,,2013,42,US
KG-002415,2415,Chevrolet,Corvette,car,general,,2018,124,US
KG-002422,2422,Kia,Sedona,minivan,general,,2015,39,US
KG-002423,2423,Dodge,Grand Caravan,minivan,general,,2018,48,US
KG-002427,2427,Toyota,RAV4,suv,general,,2017,38,US
KG-002428,2428,Volkswagen,Jetta,car,general,,2015,35,US
KG-002429,2429,Chevrolet,Corvette Stingray,car,general,,2014,135,US
KG-002430,2430,Kia,Sorento,suv,general,,2011,32,US
KG-002431,2431,Dodge,Grand Caravan,minivan,general,,2012,34,US
KG-002432,2432,Hyundai,Accent,car,general,,2015,26,US
KG-002433,2433,Dodge,Grand Caravan,minivan,general,,2010,33,US
KG-002435,2435,Chevrolet,Traverse,suv,general,,2012,30,US
KG-002437,2437,Volkswagen,Eos,car,general,,2015,58,US
KG-002438,2438,Nissan,Rogue,suv,general,,2018,40,US
KG-002441,2441,Infiniti,QX60,suv,general,,2019,70,US
KG-002445,2445,Toyota,Corolla,car,general,,2019,35,US
KG-002447,2447,Ford,Mustang,car,general,,2018,64,US
KG-002448,2448,Ford,Mustang,car,general,,2018,120,US
KG-002449,2449,MINI,Cooper Countryman,car,general,,2015,45,US
KG-002450,2450,Dodge,Grand Caravan,minivan,general,,2017,60,US
KG-002452,2452,Dodge,Challenger,car,general,,2019,100,US
KG-002453,2453,Volkswagen,Passat,car,general,,2014,32,US
KG-002457,2457,FIAT,500,car,general,,2017,40,US
KG-002461,2461,Kia,Sedona,minivan,general,,2016,42,US
KG-002464,2464,Kia,Sedona,minivan,general,,2015,38,US
KG-002465,2465,Toyota,Corolla,car,general,,2017,26,US
KG-002466,2466,Kia,Sedona,minivan,general,,2015,38,US
KG-002467,2467,Nissan,Rogue,suv,general,,2015,45,US
KG-002468,2468,Kia,Sedona,minivan,general,,2015,69,US
KG-002469,2469,Hyundai,Elantra,car,general,,2017,30,US
KG-002470,2470,Jeep,Wrangler Unlimited,suv,general,,2020,80,US
KG-002471,2471,Hyundai,Santa Fe Sport,suv,general,,2016,36,US
KG-002473,2473,Toyota,Corolla,car,general,,2017,26,US
KG-002474,2474,Kia,Sorento,suv,general,,2015,37,US
KG-002476,2476,Kia,Sedona,minivan,general,,2012,32,US
KG-002477,2477,Ford,Mustang,car,general,,2017,70,US
KG-002480,2480,Ford,Mustang,car,general,,2019,60,US
KG-002482,2482,Kia,Optima,car,general,,2016,32,US
KG-002486,2486,Chevrolet,Express,van,general,,2017,79,US
KG-002487,2487,Ford,Mustang,car,general,,2017,73,US
KG-002490,2490,Kia,Sedona,minivan,general,,2016,43,US
KG-002491,2491,Mitsubishi,Outlander,suv,general,,2018,39,US
KG-002492,2492,Kia,Sedona,minivan,general,,2016,44,US
KG-002496,2496,Chevrolet,Corvette,car,general,,2017,250,US
KG-002498,2498,Kia,Forte,car,general,,2011,21,US
KG-002500,2500,Chevrolet,Camaro,car,general,,2017,59,US
KG-002501,2501,Dodge,Grand Caravan,minivan,general,,2018,40,US
KG-002502,2502,Hyundai,Elantra,car,general,,2013,22,US
KG-002503,2503,Chevrolet,Express,van,general,,2017,95,US
KG-002504,2504,Kia,Sedona,minivan,general,,2016,30,US
KG-002507,2507,Ford,Transit Wagon,van,general,,2018,109,US
KG-002510,2510,Toyota,Camry Hybrid,car,general,,2008,33,US
KG-002511,2511,Jeep,Wrangler,suv,general,,2015,78,US
KG-002513,2513,Ford,Fiesta,car,general,,2011,42,US
KG-002514,2514,Toyota,Corolla,car,general,,2016,52,US
KG-002515,2515,Kia,Soul,car,general,,2015,40,US
KG-002516,2516,Jeep,Grand Cherokee,suv,general,,2015,80,US
KG-002517,2517,Honda,Accord,car,general,,2017,44,US
KG-002518,2518,Volvo,V60,car,general,,2016,62,US
KG-002519,2519,Volvo,XC60,suv,general,,2020,70,US
KG-002520,2520,Infiniti,QX50,suv,general,,2019,90,US
KG-002521,2521,Jeep,Wrangler,suv,general,,2018,80,US
KG-002524,2524,FIAT,500,car,general,,2012,32,US
KG-002525,2525,Honda,Passport,suv,general,,2019,60,US
KG-002527,2527,Alfa Romeo,Stelvio,suv,general,,2018,99,US
KG-002528,2528,Chevrolet,Malibu,car,general,,2017,40,US
KG-002530,2530,Toyota,Corolla,car,general,,2007,27,US
KG-002531,2531,Acura,ILX,car,general,,2019,49,US
KG-002532,2532,Hyundai,Elantra,car,general,,2013,37,US
KG-002533,2533,Volkswagen,Passat,car,general,,2014,42,US
KG-002534,2534,Chevrolet,Sonic,car,general,,2018,47,US
KG-002535,2535,FIAT,500,car,general,,2013,43,US
KG-002536,2536,Toyota,Corolla,car,general,,2007,27,US
KG-002537,2537,Honda,Civic,car,general,,2012,30,US
KG-002538,2538,Kia,Forte,car,general,,2011,30,US
KG-002539,2539,Acura,RDX,suv,general,,2014,59,US
KG-002541,2541,Volkswagen,Passat,car,general,,2014,36,US
KG-002542,2542,Chevrolet,Traverse,suv,general,,2018,89,US
KG-002543,2543,Infiniti,QX60,suv,general,,2015,75,US
KG-002544,2544,Nissan,Rogue,suv,general,,2013,45,US
KG-002546,2546,Kia,Forte,car,general,,2014,47,US
KG-002547,2547,Honda,CR-V,suv,general,,2008,29,US
KG-002548,2548,Nissan,Versa Note,car,general,,2014,45,US
KG-002549,2549,Toyota,Prius,car,general,,2010,32,US
KG-002550,2550,Chevrolet,Malibu,car,general,,2017,32,US
KG-002551,2551,Nissan,Versa,car,general,,2016,40,US
KG-002552,2552,Ford,Focus,car,general,,2007,25,US
KG-002553,2553,Ford,Focus,car,general,,2007,25,US
KG-002554,2554,Mercury,Mariner,suv,general,,2006,32,US
KG-002555,2555,Dodge,Journey,suv,general,,2018,44,US
KG-002556,2556,Hyundai,Accent,car,general,,2017,38,US
KG-002558,2558,Chevrolet,Spark,car,general,,2013,35,US
KG-002559,2559,Infiniti,JX,suv,general,,2013,61,US
KG-002560,2560,Toyota,Prius,car,general,,2006,29,US
KG-002561,2561,Mazda,CX-9,suv,general,,2014,62,US
KG-002563,2563,Toyota,RAV4,suv,general,,2010,34,US
KG-002564,2564,Honda,Fit,car,general,,2009,25,US
KG-002565,2565,Nissan,Murano,suv,general,,2007,55,US
KG-002566,2566,Kia,Soul,car,general,,2017,54,US
KG-002567,2567,Toyota,RAV4,suv,general,,2006,29,US
KG-002568,2568,Toyota,Yaris,car,general,,2008,25,US
KG-002569,2569,Toyota,Prius,car,general,,2018,75,US
KG-002570,2570,Nissan,Versa,car,general,,2009,25,US
KG-002571,2571,Nissan,Versa,car,general,,2009,25,US
KG-002572,2572,Nissan,Versa,car,general,,2009,23,US
KG-002574,2574,Cadillac,STS,car,general,,2008,51,US
KG-002575,2575,Toyota,RAV4,suv,general,,2015,47,US
KG-002576,2576,Toyota,Corolla,car,general,,2015,50,US
KG-002577,2577,Jeep,Renegade,suv,general,,2019,36,US
KG-002579,2579,Jeep,Cherokee,suv,general,,2019,36,US
KG-002581,2581,Nissan,Altima,car,general,,2019,60,US
KG-002582,2582,Nissan,Altima,car,general,,2019,60,US
KG-002583,2583,Chevrolet,Camaro,car,general,,2013,58,US
KG-002584,2584,Toyota,Camry,car,general,,2013,46,US
KG-002587,2587,Kia,Telluride,suv,general,,2020,100,US
KG-002588,2588,Nissan,Altima,car,general,,2018,51,US
KG-002589,2589,Toyota,Highlander,suv,general,,2017,78,US
KG-002593,2593,Toyota,Prius c,car,general,,2013,46,US
KG-002594,2594,Chevrolet,Equinox,suv,general,,2012,43,US
KG-002595,2595,Hyundai,Sonata,car,general,,2015,47,US
KG-002596,2596,Chevrolet,Malibu,car,general,,2014,41,US
KG-002597,2597,GMC,Savana,van,general,,2014,92,US
KG-002598,2598,Toyota,Prius c,car,general,,2013,37,US
KG-002599,2599,Chevrolet,Cruze,car,general,,2015,37,US
KG-002600,2600,Ford,Fusion,car,general,,2013,120,US
KG-002601,2601,Volkswagen,e-Golf,car,general,,2016,69,US
KG-002602,2602,Chevrolet,Cruze,car,general,,2015,59,US
KG-002611,2611,Jeep,Wrangler,suv,general,,2013,74,US
KG-002616,2616,Alfa Romeo,Stelvio,suv,general,,2018,184,US
KG-002618,2618,Chrysler,200,car,general,,2016,89,US
KG-002619,2619,Hyundai,Sonata,car,general,,2018,35,US
KG-002620,2620,Nissan,Altima,car,general,,2019,35,US
KG-002621,2621,Nissan,Altima,car,general,,2018,40,US
KG-002622,2622,Nissan,Sentra,car,general,,2017,30,US
KG-002623,2623,Kia,Soul,car,general,,2014,25,US
KG-002624,2624,Mazda,6,car,general,,2016,30,US
KG-002627,2627,Chevrolet,Corvette,car,general,,2019,130,US
KG-002628,2628,Ford,Mustang,car,general,,2019,88,US
KG-002630,2630,Ford,Mustang,car,general,,2019,80,US
KG-002631,2631,Nissan,Rogue Sport,suv,general,,2019,35,US
KG-002632,2632,Ford,Mustang,car,general,,2018,86,US
KG-002633,2633,Nissan,Rogue Sport,suv,general,,2019,35,US
KG-002635,2635,Nissan,Rogue Sport,suv,general,,2020,35,US
KG-002637,2637,Nissan,Rogue Sport,suv,general,,2020,35,US
KG-002638,2638,Dodge,Grand Caravan,minivan,general,,2016,40,US
KG-002639,2639,Nissan,Versa,car,general,,2020,30,US
KG-002640,2640,Nissan,Versa,car,general,,2020,30,US
KG-002641,2641,Hyundai,Accent,car,general,,2019,29,US
KG-002642,2642,Nissan,Sentra,car,general,,2019,32,US
KG-002643,2643,Nissan,Sentra,car,general,,2018,30,US
KG-002644,2644,Dodge,Challenger,car,general,,2018,89,US
KG-002645,2645,Ford,Explorer,suv,general,,2018,60,US
KG-002646,2646,Nissan,Versa,car,general,,2020,30,US
KG-002647,2647,Honda,Odyssey,minivan,general,,2020,62,US
KG-002648,2648,Nissan,Sentra,car,general,,2019,32,US
KG-002649,2649,Ford,Mustang,car,general,,2018,86,US
KG-002651,2651,Hyundai,Sonata,car,general,,2019,30,US
KG-002652,2652,Nissan,Sentra,car,general,,2018,34,US
KG-002653,2653,Nissan,Versa,car,general,,2020,30,US
KG-002655,2655,Hyundai,Sonata,car,general,,2019,30,US
KG-002656,2656,Nissan,Versa,car,general,,2018,30,US
KG-002657,2657,Hyundai,Sonata,car,general,,2019,30,US
KG-002658,2658,Nissan,Versa,car,general,,2018,30,US
KG-002659,2659,Nissan,Versa,car,general,,2018,30,US
KG-002660,2660,Nissan,Versa,car,general,,2017,32,US
KG-002661,2661,Ford,Mustang,car,general,,2019,110,US
KG-002662,2662,Hyundai,Sonata,car,general,,2019,30,US
KG-002663,2663,Chevrolet,Tahoe,suv,general,,2016,100,US
KG-002664,2664,Hyundai,Sonata,car,general,,2019,30,US
KG-002665,2665,Jeep,Wrangler,suv,general,,2018,89,US
KG-002666,2666,Chevrolet,Camaro,car,general,,2017,98,US
KG-002667,2667,Nissan,Versa,car,general,,2017,32,US
KG-002668,2668,Ford,Mustang,car,general,,2018,74,US
KG-002669,2669,Nissan,Versa,car,general,,2020,30,US
KG-002670,2670,Nissan,Sentra,car,general,,2017,40,US
KG-002671,2671,Honda,CR-V,suv,general,,2012,40,US
KG-002672,2672,Nissan,NV200,minivan,general,,2017,64,US
KG-002675,2675,Mitsubishi,Mirage,car,general,,2019,30,US
KG-002676,2676,Hyundai,Kona,suv,general,,2019,39,US
KG-002677,2677,Nissan,Sentra,car,general,,2017,35,US
KG-002678,2678,Honda,Civic Sedan,car,general,,2020,40,US
KG-002679,2679,Nissan,Versa,car,general,,2016,30,US
KG-002681,2681,Dodge,Grand Caravan,minivan,general,,2016,46,US
KG-002683,2683,Nissan,Versa,car,general,,2018,30,US
KG-002684,2684,Nissan,Sentra,car,general,,2019,34,US
KG-002685,2685,Ford,Mustang,car,general,,2013,100,US
KG-002686,2686,Dodge,Grand Caravan,minivan,general,,2019,44,US
KG-002688,2688,Chevrolet,Trax,suv,general,,2018,54,US
KG-002689,2689,Volkswagen,Jetta,car,general,,2018,40,US
KG-002694,2694,Chevrolet,Tahoe,suv,general,,2018,89,US
KG-002695,2695,Chevrolet,Camaro,car,general,,2019,47,US
KG-002696,2696,Nissan,Sentra,car,general,,2019,40,US
KG-002699,2699,Nissan,Sentra,car,general,,2019,40,US
KG-002700,2700,Nissan,Sentra,car,general,,2017,40,US
KG-002704,2704,Mitsubishi,Mirage,car,general,,2019,34,US
KG-002706,2706,Kia,Cadenza,car,general,,2015,42,US
KG-002708,2708,Nissan,Versa,car,general,,2020,40,US
KG-002710,2710,Infiniti,QX60,suv,general,,2016,68,US
KG-002712,2712,Ford,Mustang,car,general,,2018,108,US
KG-002713,2713,Nissan,Armada,suv,general,,2017,82,US
KG-002714,2714,Honda,Civic Sedan,car,general,,2020,49,US
KG-002715,2715,Honda,Civic Sedan,car,general,,2020,49,US
KG-002716,2716,Dodge,Challenger,car,general,,2019,42,US
KG-002717,2717,Jeep,Compass,suv,general,,2015,50,US
KG-002723,2723,Lincoln,Continental,car,general,,2020,76,US
KG-002724,2724,Alfa Romeo,Giulia,car,general,,2017,90,US
KG-002727,2727,Jeep,Wrangler JK,suv,general,,2018,85,US
KG-002731,2731,GMC,Terrain,suv,general,,2015,52,US
KG-002732,2732,Honda,CR-V,suv,general,,2012,56,US
KG-002733,2733,Kia,Optima,car,general,,2015,43,US
KG-002734,2734,Honda,Civic,car,general,,2012,33,US
KG-002736,2736,Honda,Accord,car,general,,2010,35,US
KG-002737,2737,Toyota,Prius,car,general,,2011,34,US
KG-002738,2738,Honda,Civic,car,general,,2006,35,US
KG-002739,2739,Toyota,Prius c,car,general,,2012,36,US
KG-002740,2740,Honda,Civic,car,general,,2014,37,US
KG-002741,2741,Toyota,Corolla,car,general,,2010,30,US
KG-002742,2742,Toyota,Prius,car,general,,2012,38,US
KG-002745,2745,Mazda,6,car,general,,2016,49,US
KG-002746,2746,Hyundai,Azera,car,general,,2008,42,US
KG-002747,2747,Honda,Civic,car,general,,2008,32,US
KG-002750,2750,Honda,Odyssey,minivan,general,,2011,79,US
KG-002752,2752,Hyundai,Elantra Touring,car,general,,2011,38,US
KG-002754,2754,FIAT,500,car,general,,2013,45,US
KG-002755,2755,Scion,iM,car,general,,2016,45,US
KG-002756,2756,Chevrolet,Cruze,car,general,,2013,47,US
KG-002759,2759,Chevrolet,Sonic,car,general,,2017,39,US
KG-002760,2760,Chevrolet,Trax,suv,general,,2019,45,US
KG-002761,2761,Ford,Fiesta,car,general,,2016,39,US
KG-002762,2762,Mitsubishi,Outlander Sport,suv,general,,2017,47,US
KG-002763,2763,Nissan,Sentra,car,general,,2019,45,US
KG-002764,2764,Kia,Soul,car,general,,2011,39,US
KG-002765,2765,Mazda,2,car,general,,2014,39,US
KG-002766,2766,Mazda,2,car,general,,2014,39,US
KG-002767,2767,Dodge,Charger,car,general,,2017,200,US
KG-002768,2768,Chevrolet,Traverse,suv,general,,2016,54,US
KG-002770,2770,Toyota,4Runner,suv,general,,2020,66,US
KG-002771,2771,Toyota,Highlander,suv,general,,2018,88,US
KG-002772,2772,Toyota,FJ Cruiser,suv,general,,2013,65,US
KG-002777,2777,Jeep,Wrangler,suv,general,,2018,151,US
KG-002778,2778,Ford,Fusion,car,general,,2016,35,US
KG-002779,2779,Ford,Fiesta,car,general,,2013,29,US
KG-002780,2780,Honda,Civic,car,general,,2012,29,US
KG-002781,2781,Dodge,Durango,suv,general,,2015,44,US
KG-002782,2782,Kia,Optima,car,general,,2017,50,US
KG-002784,2784,Toyota,RAV4,suv,general,,2018,50,US
KG-002786,2786,Infiniti,G35,car,general,,2008,45,US
KG-002787,2787,Jeep,Patriot,suv,general,,2014,42,US
KG-002789,2789,Volkswagen,Atlas,suv,general,,2018,119,US
KG-002792,2792,Honda,Accord,car,general,,2017,51,US
KG-002795,2795,Cadillac,Escalade,suv,general,,2015,144,US
KG-002796,2796,Ford,Expedition,suv,general,,2012,69,US
KG-002799,2799,Hyundai,Santa Fe,suv,general,,2019,56,US
KG-002801,2801,Toyota,Corolla,car,general,,2012,27,US
KG-002802,2802,Toyota,Corolla,car,general,,2010,26,US
KG-002803,2803,Chevrolet,Volt,car,general,,2013,37,US
KG-002804,2804,Toyota,Corolla,car,general,,2011,26,US
KG-002805,2805,Ford,Escape,suv,general,,2012,38,US
KG-002806,2806,Toyota,Corolla,car,general,,2011,29,US
KG-002807,2807,Chevrolet,Bolt EV,car,general,,2017,66,US
KG-002808,2808,Toyota,Corolla,car,general,,2011,27,US
KG-002809,2809,Toyota,Corolla,car,general,,2013,27,US
KG-002810,2810,Kia,Soul,car,general,,2014,34,US
KG-002812,2812,Ford,Flex,suv,general,,2019,80,US
KG-002813,2813,Ford,Escape,suv,general,,2011,35,US
KG-002815,2815,Ford,Escape,suv,general,,2011,34,US
KG-002816,2816,Hyundai,Sonata,car,general,,2017,40,US
KG-002817,2817,Honda,Accord,car,general,,2010,34,US
KG-002818,2818,Cadillac,Escalade ESV,suv,general,,2018,164,US
KG-002819,2819,Toyota,Yaris,car,general,,2010,25,US
KG-002820,2820,Chevrolet,Volt,car,general,,2017,55,US
KG-002823,2823,Toyota,Corolla,car,general,,2010,24,US
KG-002825,2825,Toyota,Corolla,car,general,,2013,26,US
KG-002826,2826,Toyota,Corolla,car,general,,2011,26,US
KG-002830,2830,Honda,Fit,car,general,,2010,31,US
KG-002831,2831,Ford,Escape,suv,general,,2012,39,US
KG-002832,2832,Ford,Escape,suv,general,,2012,39,US
KG-002833,2833,Toyota,Corolla,car,general,,2010,26,US
KG-002834,2834,Toyota,Corolla,car,general,,2010,26,US
KG-002835,2835,Ford,Escape,suv,general,,2010,35,US
KG-002836,2836,Toyota,Yaris,car,general,,2012,20,US
KG-002837,2837,Ford,Escape,suv,general,,2011,29,US
KG-002838,2838,Chevrolet,Impala,car,general,,2016,42,US
KG-002839,2839,Toyota,Yaris,car,general,,2012,25,US
KG-002840,2840,Ford,Escape,suv,general,,2010,29,US
KG-002842,2842,Ford,Escape,suv,general,,2011,35,US
KG-002843,2843,Dodge,Grand Caravan,minivan,general,,2008,39,US
KG-002844,2844,Ford,Escape,suv,general,,2011,35,US
KG-002845,2845,Toyota,Yaris,car,general,,2010,25,US
KG-002846,2846,Toyota,Corolla,car,general,,2010,24,US
KG-002847,2847,Honda,Civic,car,general,,2012,26,US
KG-002848,2848,Toyota,Prius,car,general,,2010,31,US
KG-002849,2849,Ford,Escape,suv,general,,2015,59,US
KG-002850,2850,Toyota,Corolla,car,general,,2010,26,US
KG-002851,2851,Toyota,Yaris,car,general,,2012,25,US
KG-002852,2852,Toyota,Yaris,car,general,,2010,25,US
KG-002853,2853,Toyota,Prius,car,general,,2012,34,US
KG-002854,2854,Toyota,Corolla,car,general,,2009,21,US
KG-002855,2855,Dodge,Grand Caravan,minivan,general,,2011,39,US
KG-002856,2856,Ford,Escape,suv,general,,2010,29,US
KG-002857,2857,Hyundai,Genesis,car,general,,2015,65,US
KG-002859,2859,Hyundai,Sonata,car,general,,2012,43,US
KG-002860,2860,Toyota,Yaris,car,general,,2008,22,US
KG-002861,2861,Toyota,Yaris,car,general,,2012,25,US
KG-002862,2862,Toyota,Yaris,car,general,,2008,20,US
KG-002863,2863,Toyota,Yaris,car,general,,2012,24,US
KG-002864,2864,Toyota,Yaris,car,general,,2007,25,US
KG-002865,2865,Ford,Fusion,car,general,,2015,48,US
KG-002867,2867,Toyota,Yaris,car,general,,2012,25,US
KG-002868,2868,Nissan,Leaf,car,general,,2015,55,US
KG-002869,2869,Nissan,Altima,car,general,,2016,42,US
KG-002870,2870,Dodge,Grand Caravan,minivan,general,,2011,39,US
KG-002871,2871,Dodge,Grand Caravan,minivan,general,,2013,39,US
KG-002872,2872,Chevrolet,Tahoe,suv,general,,2008,77,US
KG-002873,2873,GMC,Yukon XL,suv,general,,2002,70,US
KG-002875,2875,Ford,Escape,suv,general,,2010,39,US
KG-002876,2876,Ford,Edge,suv,general,,2010,44,US
KG-002877,2877,Toyota,Yaris,car,general,,2007,25,US
KG-002878,2878,Dodge,Grand Caravan,minivan,general,,2011,39,US
KG-002879,2879,Ford,Explorer,suv,general,,2016,70,US
KG-002880,2880,Honda,Odyssey,minivan,general,,2019,74,US
KG-002881,2881,MINI,Clubman,car,general,,2018,66,US
KG-002882,2882,Mazda,6,car,general,,2014,35,US
KG-002883,2883,Ford,Escape,suv,general,,2015,42,US
KG-002884,2884,Dodge,Grand Caravan,minivan,general,,2012,35,US
KG-002886,2886,Pontiac,Vibe,car,general,,2009,28,US
KG-002887,2887,Hyundai,Veloster,car,general,,2019,61,US
KG-002889,2889,Volkswagen,Jetta,car,general,,2015,38,US
KG-002892,2892,Lincoln,MKZ,car,general,,2015,92,US
KG-002895,2895,Ford,Fusion Hybrid,car,general,,2019,35,US
KG-002896,2896,Dodge,Grand Caravan,minivan,general,,2011,45,US
KG-002898,2898,Chevrolet,Cruze,car,general,,2013,35,US
KG-002900,2900,Ford,Focus,car,general,,2015,25,US
KG-002901,2901,Chrysler,200,car,general,,2015,36,US
KG-002902,2902,Ford,Focus,car,general,,2016,25,US
KG-002904,2904,Ford,Focus,car,general,,2016,25,US
KG-002906,2906,Toyota,Corolla,car,general,,2012,27,US
KG-002908,2908,Toyota,Corolla,car,general,,2012,27,US
KG-002909,2909,Toyota,Corolla,car,general,,2012,27,US
KG-002910,2910,Toyota,Corolla,car,general,,2012,27,US
KG-002912,2912,Toyota,Corolla,car,general,,2012,26,US
KG-002913,2913,smart,fortwo,car,general,,2014,25,US
KG-002914,2914,Chevrolet,Corvette,car,general,,2016,189,US
KG-002921,2921,Chevrolet,Tahoe,suv,general,,2015,139,US
KG-002924,2924,Kia,Sorento,suv,general,,2017,68,US
KG-002926,2926,Jeep,Cherokee,suv,general,,2015,49,US
KG-002927,2927,Toyota,Yaris,car,general,,2014,38,US
KG-002928,2928,Hyundai,Sonata,car,general,,2015,36,US
KG-002929,2929,Scion,xD,car,general,,2008,42,US
KG-002931,2931,Ford,C-Max Hybrid,car,general,,2013,34,US
KG-002932,2932,Honda,Insight,car,general,,2010,29,US
KG-002933,2933,Kia,Forte,car,general,,2017,44,US
KG-002934,2934,Mitsubishi,Mirage,car,general,,2014,38,US
KG-002935,2935,Kia,Rio,car,general,,2016,34,US
KG-002936,2936,Nissan,Versa,car,general,,2016,32,US
KG-002937,2937,Cadillac,CTS,car,general,,2017,86,US
KG-002938,2938,Ford,Explorer,suv,general,,2015,61,US
KG-002939,2939,Toyota,Sienna,minivan,general,,2016,130,US
KG-002940,2940,Nissan,Versa,car,general,,2013,29,US
KG-002941,2941,Mitsubishi,Mirage,car,general,,2015,30,US
KG-002942,2942,Kia,Sorento,suv,general,,2019,65,US
KG-002945,2945,FIAT,500,car,general,,2016,58,US
KG-002946,2946,Hyundai,Accent,car,general,,2014,39,US
KG-002947,2947,Nissan,Versa,car,general,,2014,29,US
KG-002948,2948,Volkswagen,Beetle,car,general,,2016,48,US
KG-002949,2949,Toyota,C-HR,suv,general,,2018,51,US
KG-002950,2950,Ford,Fusion Energi,car,general,,2020,48,US
KG-002951,2951,Toyota,Sienna,minivan,general,,2019,72,US
KG-002952,2952,Toyota,Sienna,minivan,general,,2019,72,US
KG-002954,2954,Toyota,C-HR,car,general,,2019,48,US
KG-002955,2955,Toyota,Prius,car,general,,2018,48,US
KG-002956,2956,Toyota,Sienna,minivan,general,,2019,73,US
KG-002957,2957,Toyota,Camry,car,general,,2020,42,US
KG-002958,2958,MINI,Hardtop 2dr,car,general,,2019,50,US
KG-002959,2959,Volvo,XC60,suv,general,,2019,75,US
KG-002960,2960,Toyota,Prius,car,general,,2020,48,US
KG-002962,2962,Toyota,Highlander Hybrid,suv,general,,2020,68,US
KG-002964,2964,Cadillac,XT5,suv,general,,2017,74,US
KG-002965,2965,Chevrolet,Camaro,car,general,,2017,150,US
KG-002969,2969,Honda,Pilot,suv,general,,2019,85,US
KG-002970,2970,Ford,Mustang,car,general,,2018,79,US
KG-002971,2971,Acura,MDX,suv,general,,2018,75,US
KG-002973,2973,Chevrolet,Camaro,car,general,,2013,59,US
KG-002975,2975,Subaru,WRX,car,general,,2018,99,US
KG-002977,2977,Jeep,Wrangler,suv,general,,2015,83,US
KG-002978,2978,Jeep,Wrangler,suv,general,,2017,82,US
KG-002979,2979,Ford,Mustang,car,general,,2014,69,US
KG-002980,2980,Dodge,Charger,car,general,,2019,297,US
KG-002989,2989,Honda,Pilot,suv,general,,2017,99,US
KG-002992,2992,Honda,Pilot,suv,general,,2017,70,US
KG-002994,2994,Acura,MDX,suv,general,,2015,61,US
KG-002997,2997,FIAT,124 Spider,car,general,,2017,118,US
KG-002999,2999,Dodge,Challenger,car,general,,2019,119,US
KG-003001,3001,Nissan,Pathfinder,suv,general,,2014,70,US
KG-003006,3006,Honda,Civic,car,general,,2015,42,US
KG-003012,3012,Volkswagen,Jetta,car,general,,2012,57,US
KG-003022,3022,Cadillac,XTS,car,general,,2017,73,US
KG-003023,3023,Volkswagen,Jetta,car,general,,2013,30,US
KG-003024,3024,Toyota,Highlander,suv,general,,2018,55,US
KG-003025,3025,Chevrolet,Equinox,suv,general,,2015,49,US
KG-003026,3026,Honda,Crosstour,car,general,,2012,30,US
KG-003027,3027,Hyundai,Elantra,car,general,,2020,30,US
KG-003028,3028,Kia,Rio,car,general,,2013,28,US
KG-003029,3029,Nissan,Versa,car,general,,2018,28,US
KG-003031,3031,Chevrolet,Spark,car,general,,2020,28,US
KG-003032,3032,Chevrolet,Suburban,suv,general,,2014,83,US
KG-003033,3033,Dodge,Grand Caravan,minivan,general,,2017,54,US
KG-003035,3035,Chevrolet,Impala,car,general,,2016,39,US
KG-003036,3036,Ford,Explorer,suv,general,,2017,49,US
KG-003038,3038,Hyundai,Genesis G70,car,general,,2020,135,US
KG-003039,3039,Dodge,Charger,car,general,,2017,41,US
KG-003040,3040,Nissan,Pathfinder,suv,general,,2016,49,US
KG-003041,3041,Chrysler,300,car,general,,2013,48,US
KG-003042,3042,Chrysler,200,car,general,,2015,35,US
KG-003043,3043,Kia,Cadenza,car,general,,2014,35,US
KG-003044,3044,Chevrolet,Equinox,suv,general,,2012,37,US
KG-003045,3045,Ford,EcoSport,suv,general,,2018,39,US
KG-003046,3046,Dodge,Avenger,car,general,,2014,35,US
KG-003047,3047,Ford,Transit Wagon,van,general,,2018,143,US
KG-003048,3048,Hyundai,Elantra GT,car,general,,2013,32,US
KG-003049,3049,Hyundai,Sonata,car,general,,2011,34,US
KG-003050,3050,Volkswagen,Jetta,car,general,,2017,38,US
KG-003051,3051,Ford,Escape,suv,general,,2016,38,US
KG-003052,3052,Hyundai,Sonata,car,general,,2010,29,US
KG-003053,3053,Volkswagen,Passat,car,general,,2013,31,US
KG-003054,3054,Mitsubishi,Lancer,car,general,,2016,35,US
KG-003055,3055,MINI,Cooper Countryman,car,general,,2011,32,US
KG-003056,3056,Nissan,Altima,car,general,,2009,20,US
KG-003058,3058,Ford,Fusion,car,general,,2017,49,US
KG-003060,3060,Volkswagen,Passat,car,general,,2013,37,US
KG-003061,3061,Jeep,Cherokee,suv,general,,2017,43,US
KG-003062,3062,Hyundai,Elantra,car,general,,2014,33,US
KG-003063,3063,Volkswagen,Golf,car,general,,2013,42,US
KG-003064,3064,Jeep,Commander,suv,general,,2010,40,US
KG-003067,3067,Toyota,RAV4 Hybrid,suv,general,,2019,49,US
KG-003068,3068,Hyundai,Sonata,car,general,,2018,39,US
KG-003069,3069,Ford,Fusion,car,general,,2016,46,US
KG-003070,3070,Honda,Fit,car,general,,2015,35,US
KG-003071,3071,Nissan,Rogue,suv,general,,2016,35,US
KG-003072,3072,Toyota,Yaris,car,general,,2007,36,US
KG-003073,3073,Toyota,Yaris,car,general,,2007,24,US
KG-003074,3074,Toyota,Prius Prime,car,general,,2017,50,US
KG-003078,3078,Jeep,Wrangler,suv,general,,2015,55,US
KG-003080,3080,Nissan,Sentra,car,general,,2014,31,US
KG-003083,3083,Chevrolet,Bolt EV,car,general,,2019,49,US
KG-003084,3084,Ford,Focus,car,general,,2011,26,US
KG-003085,3085,Hyundai,Elantra,car,general,,2020,39,US
KG-003087,3087,Dodge,Challenger,car,general,,2020,119,US
KG-003089,3089,Subaru,Crosstrek,suv,general,,2018,49,US
KG-003090,3090,Honda,Accord,car,general,,2012,49,US
KG-003091,3091,Toyota,Prius,car,general,,2014,35,US
KG-003093,3093,Toyota,Corolla,car,general,,2016,49,US
KG-003096,3096,Ford,Mustang,car,general,,2019,80,US
KG-003099,3099,Hyundai,Tucson,suv,general,,2009,28,US
KG-003100,3100,Hyundai,Genesis,car,general,,2012,37,US
KG-003101,3101,Cadillac,Escalade ESV,suv,general,,2016,200,US
KG-003103,3103,Chevrolet,Trax,suv,general,,2019,37,US
KG-003104,3104,Nissan,Rogue Sport,suv,general,,2019,35,US
KG-003105,3105,Chevrolet,Traverse,suv,general,,2019,69,US
KG-003106,3106,Toyota,Avalon,car,general,,2013,30,US
KG-003107,3107,Alfa Romeo,4C,car,general,,2015,300,US
KG-003109,3109,Toyota,Camry,car,general,,2018,38,US
KG-003110,3110,Infiniti,QX80,suv,general,,2016,88,US
KG-003111,3111,Toyota,Camry,car,general,,2020,42,US
KG-003114,3114,Hyundai,Ioniq Hybrid,car,general,,2019,35,US
KG-003115,3115,Toyota,RAV4,suv,general,,2018,35,US
KG-003117,3117,Toyota,Highlander,suv,general,,2019,52,US
KG-003122,3122,Chevrolet,Equinox,suv,general,,2019,38,US
KG-003123,3123,Chevrolet,Corvette,car,general,,2017,155,US
KG-003124,3124,Volkswagen,Eos,car,general,,2009,39,US
KG-003125,3125,Chevrolet,Corvette Stingray,car,general,,2014,300,US
KG-003131,3131,Chevrolet,Corvette,car,general,,2019,123,US
KG-003132,3132,Kia,Soul,car,general,,2014,32,US
KG-003133,3133,Chevrolet,Camaro,car,general,,2011,65,US
KG-003135,3135,Kia,Optima,car,general,,2019,33,US
KG-003137,3137,Nissan,Altima,car,general,,2020,42,US
KG-003138,3138,Chevrolet,Camaro,car,general,,2011,59,US
KG-003139,3139,Chevrolet,Corvette,car,general,,2019,123,US
KG-003140,3140,Ford,Mustang,car,general,,2017,59,US
KG-003144,3144,Jeep,Wrangler Unlimited,suv,general,,2019,95,US
KG-003147,3147,Chevrolet,Trax,suv,general,,2020,37,US
KG-003149,3149,Hyundai,Sonata,car,general,,2019,38,US
KG-003151,3151,Chevrolet,Spark,car,general,,2020,25,US
KG-003155,3155,Jeep,Wrangler Unlimited,suv,general,,2019,86,US
KG-003158,3158,Chevrolet,Corvette,car,general,,2015,89,US
KG-003160,3160,Hyundai,Elantra,car,general,,2020,33,US
KG-003162,3162,Toyota,Supra,car,general,,2020,99,US
KG-003164,3164,Chevrolet,Corvette,car,general,,2018,98,US
KG-003165,3165,Toyota,Prius c,car,general,,2016,36,US
KG-003166,3166,Dodge,Challenger,car,general,,2018,75,US
KG-003167,3167,Chevrolet,Impala,car,general,,2019,45,US
KG-003168,3168,Acura,TSX,car,general,,2012,26,US
KG-003177,3177,Jeep,Cherokee,suv,general,,2016,55,US
KG-003182,3182,Honda,Odyssey,minivan,general,,2016,40,US
KG-003183,3183,Kia,Sorento,suv,general,,2018,50,US
KG-003188,3188,Pontiac,Solstice,car,general,,2007,47,US
KG-003189,3189,Nissan,Rogue,suv,general,,2020,56,US
KG-003192,3192,Honda,Civic,car,general,,2011,29,US
KG-003195,3195,FIAT,124 Spider,car,general,,2018,74,US
KG-003199,3199,Ford,Mustang,car,general,,2018,70,US
KG-003201,3201,Jeep,Grand Cherokee,suv,general,,2018,65,US
KG-003202,3202,Ford,Mustang,car,general,,2019,89,US
KG-003203,3203,Toyota,Supra,car,general,,2020,108,US
KG-003205,3205,Ford,Mustang,car,general,,2018,58,US
KG-003207,3207,Chrysler,Pacifica,minivan,general,,2018,65,US
KG-003209,3209,Ford,Fiesta,car,general,,2017,40,US
KG-003210,3210,Ford,Focus,car,general,,2018,40,US
KG-003211,3211,Mazda,MAZDA2,car,general,,2012,35,US
KG-003212,3212,Ford,Focus,car,general,,2018,40,US
KG-003214,3214,Dodge,Caliber,car,general,,2010,25,US
KG-003216,3216,Honda,Accord,car,general,,2013,50,US
KG-003217,3217,Chevrolet,Spark,car,general,,2014,30,US
KG-003220,3220,Chevrolet,Corvette,car,general,,2015,169,US
KG-003223,3223,Ford,Fiesta,car,general,,2017,40,US
KG-003224,3224,Chevrolet,Corvette,car,general,,2013,139,US
KG-003226,3226,Mazda,MX-5 Miata RF,car,general,,2017,112,US
KG-003227,3227,Ford,Fiesta,car,general,,2017,40,US
KG-003228,3228,Ford,Fiesta,car,general,,2017,40,US
KG-003238,3238,Kia,Optima,car,general,,2015,43,US
KG-003244,3244,Buick,Verano,car,general,,2014,39,US
KG-003245,3245,Jeep,Renegade,suv,general,,2017,75,US
KG-003250,3250,Jeep,Wrangler,suv,general,,2015,76,US
KG-003251,3251,Chevrolet,Corvette,car,general,,2017,369,US
KG-003252,3252,Hyundai,Genesis G70,car,general,,2019,125,US
KG-003253,3253,Chevrolet,Cruze,car,general,,2018,38,US
KG-003258,3258,Subaru,Forester,suv,general,,2017,44,US
KG-003260,3260,Ford,Fusion,car,general,,2013,55,US
KG-003261,3261,Volkswagen,Passat,car,general,,2014,60,US
KG-003263,3263,Ford,Mustang,car,general,,2019,82,US
KG-003264,3264,Dodge,Durango,suv,general,,2019,136,US
KG-003266,3266,Ford,Transit Wagon,van,general,,2018,160,US
KG-003267,3267,Ford,Transit Wagon,van,general,,2018,160,US
KG-003268,3268,Ford,Transit Wagon,van,general,,2018,160,US
KG-003270,3270,Honda,Odyssey,minivan,general,,2015,79,US
KG-003271,3271,Ford,Transit Wagon,van,general,,2017,130,US
KG-003272,3272,Toyota,Yaris,car,general,,2008,30,US
KG-003273,3273,Ford,Transit Wagon,van,general,,2015,140,US
KG-003275,3275,Ford,Fiesta,car,general,,2019,38,US
KG-003278,3278,Hyundai,Elantra,car,general,,2018,52,US
KG-003279,3279,Hyundai,Accent,car,general,,2018,44,US
KG-003280,3280,Hyundai,Accent,car,general,,2018,44,US
KG-003282,3282,Hyundai,Tucson,suv,general,,2018,48,US
KG-003287,3287,Ford,Fusion,car,general,,2010,42,US
KG-003288,3288,Ford,Fusion,car,general,,2017,70,US
KG-003289,3289,Mazda,MX-5 Miata,car,general,,2016,49,US
KG-003290,3290,Nissan,Sentra,car,general,,2015,30,US
KG-003291,3291,Subaru,Impreza,car,general,,2017,39,US
KG-003293,3293,Volkswagen,Jetta,car,general,,2017,40,US
KG-003295,3295,Hyundai,Sonata,car,general,,2013,36,US
KG-003296,3296,Volkswagen,Tiguan,suv,general,,2016,45,US
KG-003298,3298,MINI,Cooper Countryman,car,general,,2013,45,US
KG-003299,3299,Chevrolet,Tahoe,suv,general,,2017,90,US
KG-003300,3300,Mazda,CX-5,suv,general,,2016,45,US
KG-003303,3303,Ford,Mustang,car,general,,2017,55,US
KG-003304,3304,Ford,Mustang,car,general,,2017,65,US
KG-003305,3305,Jeep,Wrangler,suv,general,,2018,49,US
KG-003308,3308,Toyota,Prius,car,general,,2010,32,US
KG-003309,3309,Chevrolet,Camaro,car,general,,2019,69,US
KG-003310,3310,Subaru,WRX,car,general,,2016,132,US
KG-003311,3311,Chevrolet,Corvette,car,general,,2019,245,US
KG-003313,3313,Ford,Mustang,car,general,,2017,59,US
KG-003314,3314,Toyota,Sienna,minivan,general,,2018,79,US
KG-003316,3316,Chevrolet,Corvette,car,general,,2019,229,US
KG-003317,3317,Toyota,Camry,car,general,,2020,40,US
KG-003319,3319,Jeep,Wrangler Unlimited,suv,general,,2020,53,US
KG-003320,3320,Volvo,S60,car,general,,2014,40,US
KG-003322,3322,Cadillac,XTS,car,general,,2017,80,US
KG-003323,3323,Chevrolet,Corvette Stingray,car,general,,2014,119,US
KG-003327,3327,Jeep,Wrangler Unlimited,suv,general,,2020,90,US
KG-003334,3334,Volkswagen,Eos,car,general,,2013,45,US
KG-003336,3336,Dodge,Grand Caravan,minivan,general,,2013,46,US
KG-003338,3338,Ford,Focus,car,general,,2016,35,US
KG-003341,3341,Infiniti,QX60,suv,general,,2014,60,US
KG-003343,3343,Ford,Mustang,car,general,,2018,55,US
KG-003344,3344,Ford,Mustang,car,general,,2018,55,US
KG-003346,3346,Ford,Mustang,car,general,,2016,52,US
KG-003347,3347,Dodge,Grand Caravan,minivan,general,,2019,56,US
KG-003350,3350,Volvo,XC90,suv,general,,2020,115,US
KG-003352,3352,Alfa Romeo,Giulia,car,general,,2017,89,US
KG-003353,3353,Jeep,Cherokee,suv,general,,2019,80,US
KG-003355,3355,Volvo,XC90,suv,general,,2018,81,US
KG-003356,3356,Dodge,Challenger,car,general,,2014,45,US
KG-003359,3359,Ford,Mustang,car,general,,2019,93,US
KG-003361,3361,Volvo,S80,car,general,,2008,30,US
KG-003363,3363,Volkswagen,Passat,car,general,,2017,72,US
KG-003364,3364,Chevrolet,Suburban,suv,general,,2015,139,US
KG-003367,3367,Nissan,Rogue,suv,general,,2013,30,US
KG-003368,3368,Ford,Mustang,car,general,,2016,79,US
KG-003370,3370,Chevrolet,Cruze Limited,car,general,,2016,34,US
KG-003372,3372,Kia,Sportage,suv,general,,2015,35,US
KG-003375,3375,Dodge,Grand Caravan,minivan,general,,2019,50,US
KG-003376,3376,Dodge,Durango,suv,general,,2015,69,US
KG-003377,3377,Chevrolet,Equinox,suv,general,,2016,50,US
KG-003378,3378,FIAT,500,car,general,,2013,36,US
KG-003379,3379,Chevrolet,Equinox,suv,general,,2011,34,US
KG-003381,3381,Dodge,Grand Caravan,minivan,general,,2014,46,US
KG-003383,3383,Toyota,RAV4,suv,general,,2018,41,US
KG-003384,3384,Hyundai,Equus,car,general,,2014,100,US
KG-003385,3385,Chrysler,Town and Country,minivan,general,,2012,46,US
KG-003387,3387,Toyota,Camry,car,general,,2017,42,US
KG-003388,3388,Ford,Mustang,car,general,,2017,125,US
KG-003390,3390,Chevrolet,Cruze,car,general,,2012,28,US
KG-003392,3392,Chevrolet,Cruze,car,general,,2011,28,US
KG-003395,3395,Chevrolet,Sonic,car,general,,2013,36,US
KG-003397,3397,Nissan,Versa,car,general,,2016,23,US
KG-003398,3398,Subaru,Outback,suv,general,,2019,50,US
KG-003399,3399,Toyota,Corolla,car,general,,2016,40,US
KG-003400,3400,Honda,Civic,car,general,,2017,38,US
KG-003402,3402,Volkswagen,Jetta,car,general,,2015,36,US
KG-003403,3403,Honda,Accord,car,general,,2018,36,US
KG-003407,3407,Subaru,Legacy,car,general,,2020,44,US
KG-003408,3408,Honda,CR-V,suv,general,,2019,48,US
KG-003409,3409,Toyota,RAV4,suv,general,,2015,44,US
KG-003410,3410,Honda,Pilot,suv,general,,2019,49,US
KG-003411,3411,Nissan,Rogue,suv,general,,2017,42,US
KG-003412,3412,Jeep,Wrangler Unlimited,suv,general,,2020,52,US
KG-003413,3413,Honda,Odyssey,minivan,general,,2018,53,US
KG-003417,3417,Honda,Civic,car,general,,2018,35,US
KG-003418,3418,Volkswagen,Touareg,suv,general,,2014,44,US
KG-003420,3420,Volkswagen,Tiguan,suv,general,,2015,38,US
KG-003425,3425,Honda,Accord Sedan,car,general,,2020,41,US
KG-003427,3427,MINI,Hardtop 2dr,car,general,,2019,35,US
KG-003431,3431,Hyundai,Ioniq Hybrid,car,general,,2017,39,US
KG-003437,3437,FIAT,500,car,general,,2013,35,US
KG-003446,3446,Scion,xB,car,general,,2006,27,US
KG-003449,3449,Ford,Shelby GT350,car,general,,2016,127,US
KG-003453,3453,Volkswagen,Routan,minivan,general,,2011,50,US
KG-003454,3454,Ford,Shelby GT350,car,general,,2016,85,US
KG-003458,3458,Hyundai,Genesis,car,general,,2013,35,US
KG-003459,3459,Volkswagen,Tiguan,suv,general,,2016,45,US
KG-003460,3460,Toyota,Sequoia,suv,general,,2016,67,US
KG-003464,3464,Subaru,Outback,suv,general,,2017,45,US
KG-003465,3465,Subaru,Outback,suv,general,,2019,49,US
KG-003467,3467,Mazda,3,car,general,,2012,36,US
KG-003468,3468,Subaru,WRX,car,general,,2017,55,US
KG-003469,3469,Toyota,Sienna,minivan,general,,2018,69,US
KG-003472,3472,Volkswagen,Touareg,suv,general,,2014,48,US
KG-003474,3474,Toyota,Highlander,suv,general,,2017,73,US
KG-003478,3478,Jeep,Wrangler,suv,general,,2015,70,US
KG-003485,3485,Volkswagen,Golf GTI,car,general,,2017,99,US
KG-003486,3486,Toyota,RAV4 Hybrid,suv,general,,2016,44,US
KG-003488,3488,Toyota,Camry,car,general,,2018,59,US
KG-003493,3493,Subaru,Outback,suv,general,,2019,46,US
KG-003497,3497,Ford,Expedition,suv,general,,2007,44,US
KG-003499,3499,Alfa Romeo,Stelvio,suv,general,,2018,65,US
KG-003503,3503,Hyundai,Santa Fe Sport,suv,general,,2016,40,US
KG-003505,3505,Toyota,Sienna,minivan,general,,2015,48,US
KG-003506,3506,Toyota,Sienna,minivan,general,,2016,48,US
KG-003508,3508,Toyota,Supra,car,general,,2020,99,US
KG-003510,3510,Toyota,Sienna,minivan,general,,2019,62,US
KG-003512,3512,Ford,Mustang,car,general,,2017,65,US
KG-003516,3516,Volkswagen,Atlas,suv,general,,2018,59,US
KG-003517,3517,Ford,Fusion Energi,car,general,,2016,44,US
KG-003518,3518,Subaru,Forester,suv,general,,2009,40,US
KG-003519,3519,Toyota,Supra,car,general,,2020,95,US
KG-003520,3520,Toyota,Supra,car,general,,2020,99,US
KG-003524,3524,Toyota,4Runner,suv,general,,2019,85,US
KG-003527,3527,Subaru,Outback,suv,general,,2018,68,US
KG-003531,3531,Ford,Expedition,suv,general,,2018,199,US
KG-003532,3532,Subaru,Outback,suv,general,,2018,50,US
KG-003534,3534,Subaru,Forester,suv,general,,2017,56,US
KG-003535,3535,Subaru,Outback,suv,general,,2017,50,US
KG-003538,3538,Subaru,Outback,suv,general,,2017,55,US
KG-003541,3541,Subaru,Outback,suv,general,,2017,55,US
KG-003543,3543,Subaru,Outback,suv,general,,2019,45,US
KG-003544,3544,Subaru,Outback,suv,general,,2019,45,US
KG-003546,3546,Toyota,Camry,car,general,,2019,40,US
KG-003548,3548,Subaru,Outback,suv,general,,2019,47,US
KG-003549,3549,Nissan,Rogue,suv,general,,2019,46,US
KG-003551,3551,Subaru,Outback,suv,general,,2019,49,US
KG-003552,3552,Subaru,Outback,suv,general,,2019,48,US
KG-003553,3553,Subaru,Outback,suv,general,,2019,49,US
KG-003554,3554,Subaru,Outback,suv,general,,2019,49,US
KG-003555,3555,Toyota,Sienna,minivan,general,,2019,60,US
KG-003558,3558,Nissan,Rogue,suv,general,,2016,43,US
KG-003565,3565,Nissan,Rogue,suv,general,,2017,42,US
KG-003567,3567,Toyota,Corolla,car,general,,2020,39,US
KG-003568,3568,Toyota,Camry,car,general,,2019,39,US
KG-003570,3570,Jeep,Wrangler,suv,general,,2013,70,US
KG-003571,3571,Subaru,Outback,suv,general,,2019,47,US
KG-003572,3572,Subaru,Outback,suv,general,,2019,47,US
KG-003575,3575,Kia,Soul EV,car,general,,2017,40,US
KG-003578,3578,Subaru,Outback,suv,general,,2019,49,US
KG-003581,3581,Cadillac,SRX,suv,general,,2014,45,US
KG-003583,3583,Ford,Fusion Hybrid,car,general,,2015,45,US
KG-003584,3584,Jeep,Wrangler,suv,general,,2012,89,US
KG-003586,3586,Volkswagen,Beetle,car,general,,2019,30,US
KG-003587,3587,Honda,Odyssey,minivan,general,,2015,40,US
KG-003589,3589,Toyota,RAV4,suv,general,,2017,55,US
KG-003590,3590,Toyota,RAV4,suv,general,,2017,55,US
KG-003591,3591,Kia,Optima,car,general,,2015,35,US
KG-003592,3592,MINI,Cooper,car,general,,2015,34,US
KG-003595,3595,Toyota,Corolla iM,car,general,,2017,31,US
KG-003596,3596,Chevrolet,Traverse,suv,general,,2018,149,US
KG-003597,3597,Mazda,CX-5,suv,general,,2017,55,US
KG-003598,3598,Chevrolet,Corvette,car,general,,2015,124,US
KG-003599,3599,Dodge,Challenger,car,general,,2011,53,US
KG-003600,3600,Hyundai,Sonata,car,general,,2017,59,US
KG-003606,3606,Honda,CR-V,suv,general,,2008,60,US
KG-003607,3607,Honda,Accord Sedan,car,general,,2019,82,US
KG-003608,3608,Hyundai,Santa Fe,suv,general,,2009,55,US
KG-003610,3610,Honda,CR-V,suv,general,,2007,69,US
KG-003611,3611,Nissan,Altima,car,general,,2013,70,US
KG-003612,3612,Honda,Pilot,suv,general,,2009,74,US
KG-003614,3614,Kia,Forte,car,general,,2011,57,US
KG-003615,3615,Mitsubishi,Outlander Sport,suv,general,,2016,60,US
KG-003616,3616,Volvo,XC60,suv,general,,2015,68,US
KG-003617,3617,Ford,Focus,car,general,,2007,25,US
KG-003618,3618,Dodge,Avenger,car,general,,2013,37,US
KG-003622,3622,Chevrolet,Camaro,car,general,,2019,125,US
KG-003627,3627,Jeep,Grand Cherokee,suv,general,,2014,115,US
KG-003629,3629,Dodge,Grand Caravan,minivan,general,,2008,44,US
KG-003630,3630,Mazda,5,minivan,general,,2012,66,US
KG-003631,3631,Acura,MDX,suv,general,,2014,140,US
KG-003634,3634,Hyundai,Sonata,car,general,,2017,69,US
KG-003635,3635,Honda,Accord Hybrid,car,general,,2017,55,US
KG-003637,3637,Chrysler,Pacifica,minivan,general,,2017,120,US
KG-003639,3639,Chevrolet,Corvette,car,general,,2018,559,US
KG-003646,3646,Chevrolet,Suburban,suv,general,,2015,169,US
KG-003648,3648,Jeep,Wrangler,suv,general,,2017,85,US
KG-003650,3650,Nissan,Altima,car,general,,2017,56,US
KG-003652,3652,Alfa Romeo,Stelvio,suv,general,,2018,90,US
KG-003653,3653,Lincoln,Navigator,suv,general,,2013,85,US
KG-003654,3654,Chevrolet,Malibu,car,general,,2013,53,US
KG-003655,3655,Volkswagen,Golf GTI,car,general,,2018,74,US
KG-003658,3658,Honda,Accord Sedan,car,general,,2019,75,US
KG-003659,3659,Acura,NSX,car,general,,2017,499,US
KG-003661,3661,Jeep,Cherokee,suv,general,,2016,88,US
KG-003663,3663,Kia,Stinger,car,general,,2018,143,US
KG-003664,3664,Chrysler,Town and Country,minivan,general,,2013,72,US
KG-003665,3665,Jeep,Wrangler,suv,general,,2010,89,US
KG-003668,3668,Acura,MDX,suv,general,,2019,149,US
KG-003669,3669,Nissan,Maxima,car,general,,2011,74,US
KG-003670,3670,Acura,RDX,suv,general,,2014,74,US
KG-003671,3671,Chevrolet,Malibu,car,general,,2013,70,US
KG-003672,3672,Volkswagen,Passat,car,general,,2012,70,US
KG-003673,3673,Toyota,Corolla,car,general,,2013,33,US
KG-003674,3674,Kia,Soul,car,general,,2012,34,US
KG-003675,3675,Acura,TSX,car,general,,2012,55,US
KG-003676,3676,GMC,Savana,van,general,,2010,170,US
KG-003677,3677,Honda,Odyssey,minivan,general,,2015,76,US
KG-003680,3680,Toyota,Camry,car,general,,2015,52,US
KG-003681,3681,Honda,Civic Hatch,car,general,,2019,62,US
KG-003682,3682,Kia,Forte,car,general,,2010,33,US
KG-003683,3683,Ford,Fusion,car,general,,2013,55,US
KG-003684,3684,Nissan,370Z,car,general,,2009,95,US
KG-003685,3685,Dodge,Charger,car,general,,2020,92,US
KG-003686,3686,Honda,Accord Sedan,car,general,,2019,85,US
KG-003687,3687,Honda,Insight,car,general,,2010,33,US
KG-003688,3688,Toyota,Prius c,car,general,,2016,82,US
KG-003689,3689,Toyota,Prius,car,general,,2008,33,US
KG-003690,3690,Toyota,RAV4,suv,general,,2019,62,US
KG-003691,3691,Honda,CR-V,suv,general,,2020,56,US
KG-003692,3692,Honda,Insight,car,general,,2010,33,US
KG-003693,3693,Volkswagen,Passat,car,general,,2020,72,US
KG-003694,3694,Volkswagen,Atlas,suv,general,,2018,78,US
KG-003695,3695,Toyota,Camry,car,general,,2015,75,US
KG-003696,3696,Chrysler,Sebring,car,general,,2009,35,US
KG-003697,3697,Chevrolet,Cruze,car,general,,2015,45,US
KG-003698,3698,Volkswagen,E-Golf,car,general,,2019,80,US
KG-003699,3699,Honda,Accord,car,general,,2018,77,US
KG-003700,3700,Volkswagen,Golf,car,general,,2017,45,US
KG-003701,3701,Nissan,Altima,car,general,,2017,49,US
KG-003702,3702,Chrysler,Town and Country,minivan,general,,2008,72,US
KG-003703,3703,Chevrolet,Equinox,suv,general,,2018,70,US
KG-003704,3704,Hyundai,Elantra,car,general,,2016,80,US
KG-003705,3705,Toyota,Corolla iM,car,general,,2018,48,US
KG-003706,3706,Chevrolet,Traverse,suv,general,,2012,37,US
KG-003707,3707,Toyota,Prius,car,general,,2017,62,US
KG-003708,3708,Volkswagen,Passat,car,general,,2020,77,US
KG-003709,3709,Toyota,Corolla,car,general,,2020,48,US
KG-003710,3710,Nissan,Altima,car,general,,2020,72,US
KG-003711,3711,Volkswagen,Passat,car,general,,2015,65,US
KG-003712,3712,Volkswagen,Jetta,car,general,,2019,62,US
KG-003713,3713,Volkswagen,GTI,car,general,,2011,49,US
KG-003714,3714,Toyota,Corolla,car,general,,2019,56,US
KG-003715,3715,smart,fortwo,car,general,,2015,37,US
KG-003716,3716,Chevrolet,Corvette,car,general,,2016,149,US
KG-003719,3719,Toyota,Yaris,car,general,,2014,29,US
KG-003723,3723,Chevrolet,Spark,car,general,,2019,29,US
KG-003724,3724,Nissan,Versa Note,car,general,,2015,33,US
KG-003727,3727,Volkswagen,Jetta,car,general,,2017,38,US
KG-003730,3730,Cadillac,CTS,car,general,,2009,29,US
KG-003736,3736,Hyundai,Elantra,car,general,,2018,49,US
KG-003737,3737,Volkswagen,Passat,car,general,,2014,44,US
KG-003739,3739,Chevrolet,Corvette,car,general,,2019,149,US
KG-003741,3741,Nissan,Altima,car,general,,2015,40,US
KG-003742,3742,Mazda,MAZDA2,car,general,,2014,47,US
KG-003744,3744,Dodge,Challenger,car,general,,2019,69,US
KG-003746,3746,Mitsubishi,Eclipse Spyder,car,general,,2011,41,US
KG-003748,3748,Nissan,Sentra,car,general,,2015,39,US
KG-003749,3749,Jeep,Wrangler,suv,general,,2016,89,US
KG-003750,3750,Kia,Soul,car,general,,2013,30,US
KG-003751,3751,Honda,Odyssey,minivan,general,,2009,35,US
KG-003754,3754,Chevrolet,Camaro,car,general,,2018,88,US
KG-003756,3756,GMC,Yukon,suv,general,,2015,120,US
KG-003757,3757,Toyota,Sienna,minivan,general,,2007,32,US
KG-003759,3759,Ford,Explorer,suv,general,,2018,106,US
KG-003761,3761,Toyota,Corolla,car,general,,2012,41,US
KG-003763,3763,Toyota,Corolla,car,general,,2013,41,US
KG-003764,3764,Honda,Odyssey,minivan,general,,2011,52,US
KG-003767,3767,Nissan,Sentra,car,general,,2013,42,US
KG-003769,3769,Toyota,Yaris,car,general,,2014,46,US
KG-003770,3770,Nissan,Versa,car,general,,2010,35,US
KG-003771,3771,Dodge,Charger,car,general,,2017,119,US
KG-003773,3773,Toyota,Camry,car,general,,2014,46,US
KG-003774,3774,Nissan,Sentra,car,general,,2014,41,US
KG-003776,3776,Honda,Odyssey,minivan,general,,2012,57,US
KG-003777,3777,Ford,Fusion,car,general,,2015,49,US
KG-003778,3778,Toyota,Camry Solara,car,general,,2007,58,US
KG-003779,3779,Ford,Fiesta,car,general,,2015,35,US
KG-003780,3780,Dodge,Grand Caravan,minivan,general,,2018,59,US
KG-003781,3781,Dodge,Durango,suv,general,,2018,89,US
KG-003782,3782,Nissan,Versa,car,general,,2011,28,US
KG-003784,3784,Toyota,Prius c,car,general,,2012,40,US
KG-003785,3785,Jeep,Wrangler,suv,general,,2012,65,US
KG-003786,3786,Chevrolet,Equinox,suv,general,,2018,54,US
KG-003787,3787,Chrysler,Town and Country,minivan,general,,2013,62,US
KG-003789,3789,Dodge,Grand Caravan,minivan,general,,2011,52,US
KG-003791,3791,Kia,Sedona,minivan,general,,2014,58,US
KG-003792,3792,Hyundai,Elantra,car,general,,2018,48,US
KG-003794,3794,Nissan,Altima,car,general,,2018,40,US
KG-003795,3795,Toyota,Prius,car,general,,2011,39,US
KG-003796,3796,Jeep,Wrangler,suv,general,,2017,79,US
KG-003797,3797,Jeep,Wrangler,suv,general,,2010,74,US
KG-003798,3798,Jeep,Patriot,suv,general,,2015,51,US
KG-003800,3800,Ford,Freestyle,car,general,,2005,30,US
KG-003802,3802,Acura,TSX,car,general,,2010,41,US
KG-003803,3803,Jeep,Wrangler JK,suv,general,,2018,99,US
KG-003805,3805,Nissan,Rogue,suv,general,,2016,59,US
KG-003806,3806,Toyota,Highlander,suv,general,,2015,79,US
KG-003807,3807,Toyota,Prius,car,general,,2011,39,US
KG-003808,3808,Dodge,Grand Caravan,minivan,general,,2016,79,US
KG-003809,3809,Jeep,Wrangler,suv,general,,2011,84,US
KG-003810,3810,Chevrolet,Cruze Limited,car,general,,2016,34,US
KG-003811,3811,Chevrolet,Malibu Limited,car,general,,2016,52,US
KG-003812,3812,Ford,Explorer,suv,general,,2017,69,US
KG-003814,3814,Scion,xB,car,general,,2012,35,US
KG-003817,3817,Ford,Fiesta,car,general,,2016,26,US
KG-003818,3818,Nissan,Rogue,suv,general,,2018,49,US
KG-003819,3819,Acura,TSX,car,general,,2007,36,US
KG-003820,3820,Jeep,Cherokee,suv,general,,2016,32,US
KG-003822,3822,Chevrolet,Spark,car,general,,2016,44,US
KG-003824,3824,Hyundai,Elantra,car,general,,2016,28,US
KG-003825,3825,Ford,Explorer,suv,general,,2016,69,US
KG-003826,3826,Toyota,Camry Solara,car,general,,2007,46,US
KG-003827,3827,Nissan,Pathfinder,suv,general,,2017,69,US
KG-003830,3830,MINI,Clubman,car,general,,2017,59,US
KG-003831,3831,Jeep,Wrangler,suv,general,,2016,82,US
KG-003833,3833,Chevrolet,Corvette,car,general,,2015,130,US
KG-003834,3834,Toyota,Highlander Hybrid,suv,general,,2013,65,US
KG-003836,3836,Dodge,Caliber,car,general,,2009,31,US
KG-003837,3837,Jeep,Grand Cherokee,suv,general,,2015,69,US
KG-003838,3838,Scion,xD,car,general,,2014,50,US
KG-003839,3839,Jeep,Renegade,suv,general,,2018,49,US
KG-003840,3840,Chevrolet,Corvette,car,general,,2016,229,US
KG-003841,3841,Nissan,Rogue Sport,suv,general,,2018,49,US
KG-003843,3843,Kia,Sorento,suv,general,,2019,49,US
KG-003844,3844,Kia,Sportage,suv,general,,2018,49,US
KG-003845,3845,Toyota,Prius,car,general,,2008,39,US
KG-003846,3846,Hyundai,Accent,car,general,,2017,49,US
KG-003849,3849,Dodge,Journey,suv,general,,2018,59,US
KG-003851,3851,Jeep,Wrangler,suv,general,,2014,89,US
KG-003852,3852,Jeep,Renegade,suv,general,,2017,39,US
KG-003853,3853,Jeep,Cherokee,suv,general,,2015,59,US
KG-003854,3854,Hyundai,Tucson,suv,general,,2016,65,US
KG-003855,3855,Chevrolet,Cruze,car,general,,2014,39,US
KG-003857,3857,GMC,Yukon XL,suv,general,,2013,75,US
KG-003858,3858,Ford,Escape,suv,general,,2018,59,US
KG-003859,3859,Mazda,2,car,general,,2013,44,US
KG-003860,3860,Nissan,Murano,suv,general,,2014,56,US
KG-003861,3861,Kia,Optima,car,general,,2016,52,US
KG-003862,3862,Chevrolet,Cruze Limited,car,general,,2016,37,US
KG-003863,3863,Nissan,Quest,minivan,general,,2009,49,US
KG-003866,3866,Ford,Edge,suv,general,,2019,60,US
KG-003869,3869,Ford,Escape,suv,general,,2019,59,US
KG-003871,3871,Dodge,Viper,car,general,,2008,297,US
KG-003874,3874,Honda,Accord,car,general,,2016,56,US
KG-003875,3875,GMC,Yukon XL,suv,general,,2016,227,US
KG-003876,3876,Hyundai,Tucson,suv,general,,2017,59,US
KG-003877,3877,Honda,Insight,car,general,,2012,36,US
KG-003879,3879,Hyundai,Tucson,suv,general,,2018,59,US
KG-003880,3880,Toyota,Prius c,car,general,,2015,49,US
KG-003882,3882,Toyota,Sienna,minivan,general,,2011,79,US
KG-003883,3883,Dodge,Grand Caravan,minivan,general,,2018,79,US
KG-003884,3884,Toyota,Yaris,car,general,,2008,21,US
KG-003885,3885,Nissan,Sentra,car,general,,2019,40,US
KG-003886,3886,Jeep,Cherokee,suv,general,,2015,44,US
KG-003887,3887,Jeep,Wrangler,suv,general,,2017,70,US
KG-003888,3888,Chevrolet,Corvette,car,general,,2015,169,US
KG-003889,3889,Toyota,Prius c,car,general,,2014,49,US
KG-003890,3890,Honda,Accord,car,general,,2017,43,US
KG-003891,3891,FIAT,500,car,general,,2014,49,US
KG-003892,3892,Chevrolet,Impala,car,general,,2019,49,US
KG-003894,3894,Jeep,Wrangler,suv,general,,2016,70,US
KG-003896,3896,Genesis,G80,car,general,,2018,60,US
KG-003897,3897,Jeep,Cherokee,suv,general,,2017,42,US
KG-003901,3901,Chevrolet,Suburban,suv,general,,2016,119,US
KG-003902,3902,Honda,Odyssey,minivan,general,,2017,79,US
KG-003904,3904,Chevrolet,Corvette,car,general,,2016,249,US
KG-003905,3905,Chevrolet,Camaro,car,general,,2018,68,US
KG-003907,3907,Toyota,Camry,car,general,,2012,48,US
KG-003908,3908,Chevrolet,Camaro,car,general,,2018,72,US
KG-003910,3910,Nissan,Versa,car,general,,2016,20,US
KG-003911,3911,Kia,Forte,car,general,,2014,31,US
KG-003912,3912,Jeep,Wrangler JK,suv,general,,2018,50,US
KG-003915,3915,Dodge,Grand Caravan,minivan,general,,2016,60,US
KG-003919,3919,Dodge,Grand Caravan,minivan,general,,2018,61,US
KG-003920,3920,Chevrolet,Corvette,car,general,,2016,259,US
KG-003926,3926,Honda,Civic,car,general,,2016,48,US
KG-003927,3927,Honda,Odyssey,minivan,general,,2015,65,US
KG-003930,3930,Toyota,Camry,car,general,,2012,34,US
KG-003932,3932,Mazda,6,car,general,,2015,38,US
KG-003937,3937,Acura,MDX,suv,general,,2013,88,US
KG-003941,3941,Volkswagen,Jetta Hybrid,car,general,,2013,59,US
KG-003943,3943,Volkswagen,Golf,car,general,,2015,59,US
KG-003944,3944,Volkswagen,Golf,car,general,,2015,59,US
KG-003945,3945,Toyota,Highlander,suv,general,,2013,75,US
KG-003947,3947,Nissan,Leaf,car,general,,2019,79,US
KG-003948,3948,Volkswagen,Jetta,car,general,,2014,54,US
KG-003950,3950,Chrysler,Pacifica,minivan,general,,2018,75,US
KG-003957,3957,Ford,Mustang,car,general,,1966,200,US
KG-003962,3962,Infiniti,Q50,car,general,,2016,93,US
KG-003967,3967,Mazda,6,car,general,,2016,65,US
KG-003971,3971,Chrysler,Pacifica,minivan,general,,2018,65,US
KG-003972,3972,Jeep,Grand Cherokee,suv,general,,2019,79,US
KG-003973,3973,Volvo,XC60,suv,general,,2014,59,US
KG-003974,3974,Acura,RDX,suv,general,,2019,75,US
KG-003975,3975,Jeep,Wrangler Unlimited,suv,general,,2019,105,US
KG-003976,3976,Jeep,Grand Cherokee,suv,general,,2019,70,US
KG-003978,3978,Acura,TLX,car,general,,2019,89,US
KG-003979,3979,Jeep,Grand Cherokee,suv,general,,2019,85,US
KG-003980,3980,Jeep,Wrangler,suv,general,,2018,90,US
KG-003981,3981,Jeep,Wrangler,suv,general,,2018,76,US
KG-003983,3983,Jeep,Compass,suv,general,,2018,79,US
KG-003984,3984,Subaru,Outback,car,general,,2020,55,US
KG-003985,3985,Nissan,Sentra,car,general,,2018,52,US
KG-003986,3986,GMC,Terrain,suv,general,,2018,79,US
KG-003987,3987,Nissan,Rogue,suv,general,,2018,69,US
KG-003988,3988,Honda,Accord Sedan,car,general,,2019,105,US
KG-003989,3989,MINI,Cooper,car,general,,2015,49,US
KG-003990,3990,Toyota,Corolla iM,car,general,,2018,46,US
KG-003991,3991,Honda,Accord,car,general,,2018,99,US
KG-003994,3994,Volkswagen,Jetta,car,general,,2019,53,US
KG-003995,3995,smart,fortwo,car,general,,2013,45,US
KG-003996,3996,Lincoln,MKZ,car,general,,2012,28,US
KG-003997,3997,Toyota,Prius,car,general,,2010,55,US
KG-003999,3999,Toyota,Corolla,car,general,,2010,34,US
KG-004000,4000,Ford,Focus,car,general,,2013,30,US
KG-004002,4002,Nissan,Juke,car,general,,2015,54,US
KG-004003,4003,Hyundai,Tucson,suv,general,,2011,43,US
KG-004004,4004,Chevrolet,Equinox,suv,general,,2018,67,US
KG-004005,4005,Nissan,Pathfinder,suv,general,,2015,74,US
KG-004006,4006,Honda,Odyssey,minivan,general,,2012,64,US
KG-004007,4007,Jeep,Cherokee,suv,general,,2016,54,US
KG-004009,4009,Toyota,RAV4,suv,general,,2019,70,US
KG-004010,4010,Toyota,RAV4,suv,general,,2019,70,US
KG-004012,4012,Chrysler,200,car,general,,2016,45,US
KG-004014,4014,Jeep,Wrangler,suv,general,,2018,81,US
KG-004015,4015,Subaru,Outback,suv,general,,2016,50,US
KG-004016,4016,Jeep,Wrangler,suv,general,,2017,81,US
KG-004017,4017,Chevrolet,Corvette Stingray,car,general,,2014,139,US
KG-004020,4020,Jeep,Wrangler Unlimited,suv,general,,2019,80,US
KG-004021,4021,Dodge,Challenger,car,general,,2016,68,US
KG-004022,4022,Volkswagen,Atlas,suv,general,,2018,99,US
KG-004023,4023,Chevrolet,Camaro,car,general,,2016,74,US
KG-004025,4025,Nissan,Rogue,suv,general,,2015,55,US
KG-004026,4026,Nissan,Cube,car,general,,2013,30,US
KG-004028,4028,GMC,Yukon XL,suv,general,,2017,125,US
KG-004030,4030,Scion,xD,car,general,,2010,30,US
KG-004031,4031,Jeep,Wrangler Unlimited,suv,general,,2019,80,US
KG-004032,4032,Honda,Clarity,car,general,,2018,50,US
KG-004033,4033,Chevrolet,Suburban,suv,general,,2015,112,US
KG-004037,4037,Jeep,Wrangler,suv,general,,2017,78,US
KG-004038,4038,Toyota,Prius Prime,car,general,,2020,53,US
KG-004039,4039,Jeep,Wrangler JK,suv,general,,2018,64,US
KG-004040,4040,Subaru,WRX,car,general,,2015,88,US
KG-004043,4043,Chevrolet,Camaro,car,general,,2019,64,US
KG-004044,4044,Hyundai,Genesis G70,car,general,,2019,70,US
KG-004049,4049,Honda,Pilot,suv,general,,2019,70,US
KG-004050,4050,Toyota,Highlander,suv,general,,2019,57,US
KG-004053,4053,Acura,MDX,suv,general,,2017,94,US
KG-004055,4055,Subaru,Forester,suv,general,,2020,50,US
KG-004056,4056,Subaru,Forester,suv,general,,2016,39,US
KG-004057,4057,Dodge,Challenger,car,general,,2017,75,US
KG-004059,4059,Honda,Odyssey,minivan,general,,2008,39,US
KG-004062,4062,Honda,Accord,car,general,,2018,70,US
KG-004063,4063,Jeep,Wrangler JK,suv,general,,2018,59,US
KG-004064,4064,Chevrolet,Cruze,car,general,,2018,35,US
KG-004065,4065,Acura,MDX,suv,general,,2019,90,US
KG-004066,4066,Chevrolet,Traverse,suv,general,,2010,38,US
KG-004068,4068,Honda,Odyssey,minivan,general,,2009,39,US
KG-004069,4069,Dodge,Charger,car,general,,2017,62,US
KG-004070,4070,Volvo,V60,car,general,,2015,60,US
KG-004071,4071,Hyundai,Santa Fe,suv,general,,2011,39,US
KG-004072,4072,Jeep,Wrangler Unlimited,suv,general,,2020,109,US
KG-004073,4073,Buick,LaCrosse,car,general,,2007,26,US
KG-004074,4074,Jeep,Cherokee,suv,general,,2015,43,US
KG-004076,4076,Infiniti,JX,suv,general,,2013,52,US
KG-004077,4077,Infiniti,QX50,suv,general,,2019,75,US
KG-004078,4078,Honda,Accord,car,general,,2013,39,US
KG-004082,4082,Honda,Civic Sedan,car,general,,2019,45,US
KG-004084,4084,Subaru,Forester,suv,general,,2009,38,US
KG-004085,4085,Honda,Civic Sedan,car,general,,2019,48,US
KG-004086,4086,Acura,ILX,car,general,,2019,55,US
KG-004087,4087,Mazda,CX-7,suv,general,,2010,36,US
KG-004088,4088,Chrysler,300,car,general,,2011,45,US
KG-004089,4089,Toyota,RAV4,suv,general,,2009,36,US
KG-004090,4090,Honda,CR-V,suv,general,,2007,35,US
KG-004091,4091,Hyundai,Sonata,car,general,,2016,36,US
KG-004094,4094,Honda,Odyssey,minivan,general,,2012,60,US
KG-004096,4096,Ford,Escape,suv,general,,2017,53,US
KG-004097,4097,Honda,Civic,car,general,,2014,44,US
KG-004098,4098,Ford,Shelby Cobra,car,general,,1966,795,US
KG-004099,4099,Jeep,Grand Cherokee,suv,general,,2014,100,US
KG-004101,4101,Toyota,Prius,car,general,,2015,39,US
KG-004103,4103,Toyota,camry,car,general,,1986,60,US
KG-004104,4104,Jeep,Wrangler,suv,general,,2013,115,US
KG-004105,4105,Ford,Fusion,car,general,,2019,39,US
KG-004106,4106,Kia,Soul,car,general,,2012,35,US
KG-004107,4107,Chevrolet,Malibu,car,general,,2016,52,US
KG-004108,4108,Kia,Niro,suv,general,,2017,41,US
KG-004111,4111,Hyundai,Veloster,car,general,,2020,42,US
KG-004112,4112,Nissan,Rogue,suv,general,,2020,42,US
KG-004113,4113,Nissan,Altima,car,general,,2019,45,US
KG-004114,4114,Nissan,Versa,car,general,,2020,30,US
KG-004115,4115,Nissan,Altima,car,general,,2012,37,US
KG-004116,4116,Nissan,Versa,car,general,,2020,30,US
KG-004117,4117,Nissan,Versa,car,general,,2020,30,US
KG-004118,4118,Honda,CR-V,suv,general,,2012,65,US
KG-004119,4119,Honda,Insight,car,general,,2010,35,US
KG-004120,4120,Hyundai,Accent,car,general,,2016,31,US
KG-004122,4122,Jeep,Liberty,suv,general,,2012,49,US
KG-004123,4123,Toyota,Yaris,car,general,,2016,25,US
KG-004124,4124,Nissan,Sentra,car,general,,2010,31,US
KG-004125,4125,Nissan,Altima,car,general,,2015,32,US
KG-004126,4126,Toyota,Corolla,car,general,,2016,30,US
KG-004127,4127,Toyota,Corolla,car,general,,2013,29,US
KG-004128,4128,Honda,Civic,car,general,,2012,29,US
KG-004129,4129,Subaru,Outback,suv,general,,2016,54,US
KG-004130,4130,Kia,Optima,car,general,,2015,33,US
KG-004131,4131,Hyundai,Elantra,car,general,,2017,49,US
KG-004132,4132,Cadillac,CTS Coupe,car,general,,2014,42,US
KG-004136,4136,Toyota,Corolla,car,general,,2015,40,US
KG-004137,4137,Kia,Sportage,suv,general,,2017,62,US
KG-004140,4140,Kia,Sedona,minivan,general,,2017,62,US
KG-004142,4142,Jeep,Wrangler,suv,general,,2018,86,US
KG-004145,4145,Cadillac,Escalade ESV,suv,general,,2017,299,US
KG-004148,4148,Jeep,Grand Cherokee,suv,general,,2016,80,US
KG-004149,4149,Ford,Edge,suv,general,,2013,58,US
KG-004150,4150,Ford,Focus,car,general,,2012,40,US
KG-004151,4151,Jeep,Wrangler Unlimited,suv,general,,2020,89,US
KG-004152,4152,Kia,Forte,car,general,,2018,45,US
KG-004154,4154,Chevrolet,Suburban,suv,general,,2008,69,US
KG-004156,4156,Dodge,Durango,suv,general,,2013,67,US
KG-004157,4157,Ford,Escape,suv,general,,2011,60,US
KG-004158,4158,Infiniti,Q50,car,general,,2014,75,US
KG-004159,4159,Dodge,Grand Caravan,minivan,general,,2014,130,US
KG-004160,4160,Volkswagen,Jetta,car,general,,2019,61,US
KG-004164,4164,HUMMER,H3,suv,general,,2007,94,US
KG-004165,4165,MINI,Cooper Countryman,car,general,,2012,69,US
KG-004166,4166,Subaru,XV Crosstrek,suv,general,,2014,56,US
KG-004170,4170,Chevrolet,Camaro,car,general,,2018,98,US
KG-004172,4172,Chevrolet,Camaro,car,general,,2019,89,US
KG-004173,4173,Jeep,Wrangler,suv,general,,2018,89,US
KG-004174,4174,GMC,Yukon XL,suv,general,,2017,125,US
KG-004176,4176,Alfa Romeo,Stelvio,suv,general,,2018,99,US
KG-004180,4180,Ford,Transit-350 Wagon EL,van,general,,2019,75,US
KG-004183,4183,Toyota,Prius,car,general,,2012,36,US
KG-004184,4184,Jeep,Wrangler,suv,general,,2015,89,US
KG-004186,4186,Ford,Expedition,suv,general,,2018,119,US
KG-004187,4187,Volkswagen,Eos,car,general,,2012,50,US
KG-004188,4188,Chrysler,Town and Country,minivan,general,,2015,52,US
KG-004189,4189,Nissan,Sentra,car,general,,2018,30,US
KG-004190,4190,Toyota,RAV4,suv,general,,2018,47,US
KG-004191,4191,Lincoln,MKC,suv,general,,2019,47,US
KG-004193,4193,Toyota,Prius,car,general,,2007,31,US
KG-004194,4194,Ford,Flex,car,general,,2014,50,US
KG-004197,4197,Acura,MDX,suv,general,,2015,79,US
KG-004199,4199,Toyota,Yaris,car,general,,2017,40,US
KG-004200,4200,Jeep,Wrangler Unlimited,suv,general,,2019,149,US
KG-004201,4201,Chrysler,Town and Country,minivan,general,,2014,49,US
KG-004202,4202,Dodge,Grand Caravan,minivan,general,,2018,57,US
KG-004203,4203,Jeep,Wrangler JK,suv,general,,2018,76,US
KG-004204,4204,MINI,Cooper Clubman,car,general,,2012,47,US
KG-004206,4206,Dodge,Grand Caravan,minivan,general,,2018,57,US
KG-004210,4210,Toyota,Prius,car,general,,2009,33,US
KG-004211,4211,Chevrolet,Camaro,car,general,,2012,40,US
KG-004212,4212,Toyota,Camry,car,general,,2015,30,US
KG-004214,4214,Kia,Forte,car,general,,2016,36,US
KG-004215,4215,GMC,Yukon,suv,general,,2017,84,US
KG-004217,4217,Scion,tC,car,general,,2014,35,US
KG-004219,4219,Hyundai,Elantra,car,general,,2020,50,US
KG-004220,4220,Hyundai,Elantra,car,general,,2020,50,US
KG-004221,4221,Hyundai,Elantra,car,general,,2020,50,US
KG-004222,4222,Chevrolet,Equinox,suv,general,,2017,40,US
KG-004223,4223,Hyundai,Elantra,car,general,,2020,55,US
KG-004224,4224,Hyundai,Elantra,car,general,,2020,55,US
KG-004225,4225,Toyota,C-HR,suv,general,,2020,40,US
KG-004228,4228,Chevrolet,Camaro,car,general,,2019,183,US
KG-004229,4229,Chevrolet,Camaro,car,general,,2018,186,US
KG-004231,4231,Ford,Mustang,car,general,,2018,150,US
KG-004232,4232,Chevrolet,Camaro,car,general,,2019,145,US
KG-004241,4241,Toyota,Highlander,suv,general,,2019,118,US
KG-004243,4243,FIAT,500L,car,general,,2017,45,US
KG-004244,4244,Chrysler,Pacifica,minivan,general,,2018,95,US
KG-004245,4245,Volkswagen,Tiguan,suv,general,,2017,108,US
KG-004247,4247,Honda,Civic,car,general,,2012,22,US
KG-004249,4249,Ford,Mustang,car,general,,2018,50,US
KG-004251,4251,Chevrolet,Camaro,car,general,,2018,50,US
KG-004254,4254,Ford,Mustang,car,general,,2018,60,US
KG-004256,4256,Chevrolet,Corvette Stingray,car,general,,2014,139,US
KG-004257,4257,FIAT,500,car,general,,2012,45,US
KG-004263,4263,Chrysler,Town and Country,minivan,general,,2015,46,US
KG-004268,4268,Toyota,Corolla,car,general,,2015,30,US
KG-004270,4270,FIAT,500,car,general,,2012,39,US
KG-004271,4271,Toyota,Corolla,car,general,,2014,40,US
KG-004274,4274,Chevrolet,Volt,car,general,,2014,39,US
KG-004275,4275,Hyundai,Sonata,car,general,,2017,34,US
KG-004278,4278,Toyota,Corolla,car,general,,2016,33,US
KG-004279,4279,Nissan,Altima,car,general,,2009,30,US
KG-004286,4286,Mazda,CX-5,suv,general,,2017,49,US
KG-004288,4288,Dodge,Grand Caravan,minivan,general,,2018,39,US
KG-004290,4290,Nissan,Rogue,suv,general,,2017,36,US
KG-004291,4291,Volkswagen,Jetta,car,general,,2016,39,US
KG-004293,4293,Honda,Accord Sedan,car,general,,2019,36,US
KG-004294,4294,Ford,Mustang,car,general,,2016,69,US
KG-004295,4295,Toyota,Sienna,minivan,general,,2013,59,US
KG-004296,4296,Chevrolet,Camaro,car,general,,2015,57,US
KG-004297,4297,Toyota,RAV4,suv,general,,2017,38,US
KG-004303,4303,Acura,MDX,suv,general,,2018,58,US
KG-004310,4310,Toyota,Avalon,car,general,,2014,45,US
KG-004312,4312,Mitsubishi,Mirage,car,general,,2017,26,US
KG-004313,4313,Nissan,Rogue,suv,general,,2018,44,US
KG-004316,4316,Toyota,Yaris,car,general,,2017,30,US
KG-004320,4320,Ford,Mustang,car,general,,2019,58,US
KG-004322,4322,MINI,Cooper,car,general,,2008,49,US
KG-004327,4327,Chevrolet,Camaro,car,general,,2017,50,US
KG-004329,4329,Chevrolet,Camaro,car,general,,2018,67,US
KG-004333,4333,Chevrolet,Corvette,car,general,,2017,250,US
KG-004335,4335,Chevrolet,Corvette,car,general,,2008,89,US
KG-004338,4338,Toyota,Corolla,car,general,,2020,30,US
KG-004339,4339,Kia,Soul,car,general,,2015,45,US
KG-004346,4346,Subaru,XV Crosstrek,suv,general,,2014,32,US
KG-004348,4348,Toyota,C-HR,suv,general,,2020,35,US
KG-004349,4349,Toyota,Camry Hybrid,car,general,,2007,23,US
KG-004351,4351,Chevrolet,Corvette,car,general,,2017,149,US
KG-004353,4353,Toyota,Sienna,minivan,general,,2014,65,US
KG-004355,4355,Kia,Optima,car,general,,2014,34,US
KG-004356,4356,Volkswagen,Passat,car,general,,2017,40,US
KG-004357,4357,Toyota,Corolla,car,general,,2020,32,US
KG-004358,4358,Dodge,Challenger,car,general,,2015,49,US
KG-004359,4359,Toyota,Corolla,car,general,,2020,32,US
KG-004360,4360,Honda,Accord,car,general,,2017,36,US
KG-004361,4361,Chevrolet,Suburban,suv,general,,2019,77,US
KG-004367,4367,Chrysler,Town and Country,minivan,general,,2016,42,US
KG-004370,4370,Dodge,Journey,suv,general,,2015,40,US
KG-004371,4371,Toyota,Prius,car,general,,2013,36,US
KG-004373,4373,Jeep,Wrangler,suv,general,,2009,70,US
KG-004376,4376,Honda,Civic,car,general,,2016,35,US
KG-004377,4377,Jeep,Wrangler Unlimited,suv,general,,2019,69,US
KG-004383,4383,Chevrolet,Camaro,car,general,,2018,77,US
KG-004384,4384,Toyota,Prius Prime,car,general,,2017,50,US
KG-004387,4387,MINI,Hardtop 2 Door,car,general,,2017,49,US
KG-004388,4388,FIAT,500,car,general,,2014,30,US
KG-004389,4389,FIAT,500,car,general,,2014,30,US
KG-004391,4391,Ford,Fusion,car,general,,2012,27,US
KG-004392,4392,Chevrolet,Corvette,car,general,,2018,120,US
KG-004395,4395,FIAT,124 Spider,car,general,,2018,59,US
KG-004398,4398,GMC,Yukon XL,suv,general,,2018,120,US
KG-004400,4400,Buick,Encore,suv,general,,2020,45,US
KG-004402,4402,Dodge,Grand Caravan,minivan,general,,2017,63,US
KG-004403,4403,Ford,Mustang,car,general,,2018,59,US
KG-004406,4406,Toyota,Highlander,suv,general,,2016,69,US
KG-004409,4409,FIAT,124 Spider,car,general,,2018,52,US
KG-004415,4415,Toyota,Prius,car,general,,2012,40,US
KG-004416,4416,Jeep,Wrangler,suv,general,,2008,44,US
KG-004420,4420,Dodge,Journey,suv,general,,2018,55,US
KG-004421,4421,Kia,Sedona,minivan,general,,2018,55,US
KG-004423,4423,Ford,Transit Connect,minivan,general,,2012,34,US
KG-004425,4425,Chevrolet,Suburban,suv,general,,2015,90,US
KG-004426,4426,Lincoln,MKZ,car,general,,2017,60,US
KG-004427,4427,Honda,Clarity,car,general,,2018,42,US
KG-004428,4428,Acura,MDX,suv,general,,2012,149,US
KG-004430,4430,Toyota,Prius c,car,general,,2016,35,US
KG-004432,4432,Kia,Telluride,suv,general,,2020,59,US
KG-004433,4433,Jeep,Wrangler,suv,general,,2018,65,US
KG-004434,4434,Chevrolet,Corvette,car,general,,2008,181,US
KG-004436,4436,Jeep,Wrangler,suv,general,,2017,59,US
KG-004437,4437,Jeep,Grand Cherokee,suv,general,,2014,46,US
KG-004441,4441,Chevrolet,Camaro,car,general,,2017,50,US
KG-004442,4442,Dodge,Charger,car,general,,2014,36,US
KG-004443,4443,Dodge,Durango,suv,general,,2018,50,US
KG-004444,4444,Toyota,Camry,car,general,,2012,39,US
KG-004446,4446,Dodge,Journey,suv,general,,2018,47,US
KG-004447,4447,Ford,Escape,suv,general,,2018,45,US
KG-004448,4448,Ford,Fusion,car,general,,2014,36,US
KG-004451,4451,Toyota,Camry,car,general,,2019,40,US
KG-004452,4452,Nissan,Altima,car,general,,2015,44,US
KG-004461,4461,Cadillac,Escalade ESV,suv,general,,2013,112,US
KG-004464,4464,Alfa Romeo,Giulia,car,general,,2017,89,US
KG-004468,4468,Chevrolet,Malibu,car,general,,2014,35,US
KG-004470,4470,Ford,Fusion,car,general,,2016,30,US
KG-004471,4471,Hyundai,Sonata,car,general,,2016,30,US
KG-004472,4472,Subaru,Legacy,car,general,,2014,31,US
KG-004474,4474,Lincoln,MKZ,car,general,,2016,35,US
KG-004475,4475,Toyota,Sienna,minivan,general,,2011,48,US
KG-004477,4477,Volkswagen,Passat,car,general,,2013,30,US
KG-004478,4478,Alfa Romeo,Giulia,car,general,,2018,98,US
KG-004479,4479,Ford,Mustang,car,general,,2014,40,US
KG-004481,4481,Chevrolet,Camaro,car,general,,2013,33,US
KG-004482,4482,Cadillac,Escalade ESV,suv,general,,2018,249,US
KG-004484,4484,Nissan,Maxima,car,general,,2014,29,US
KG-004485,4485,Ford,Escape,suv,general,,2008,33,US
KG-004486,4486,Honda,Accord,car,general,,2016,55,US
KG-004487,4487,Ford,Mustang,car,general,,2012,33,US
KG-004490,4490,Honda,Civic,car,general,,2012,29,US
KG-004491,4491,Toyota,Prius,car,general,,2012,29,US
KG-004493,4493,Toyota,Avalon,car,general,,2008,39,US
KG-004494,4494,Toyota,Avalon,car,general,,2012,29,US
KG-004496,4496,Volkswagen,Passat,car,general,,2018,35,US
KG-004497,4497,Hyundai,Sonata,car,general,,2015,30,US
KG-004498,4498,Toyota,Highlander,suv,general,,2008,45,US
KG-004499,4499,Volkswagen,Passat,car,general,,2015,29,US
KG-004500,4500,Toyota,4Runner,suv,general,,2017,84,US
KG-004501,4501,Chevrolet,Malibu,car,general,,2015,30,US
KG-004502,4502,Volvo,S60,car,general,,2016,32,US
KG-004503,4503,Hyundai,Sonata,car,general,,2013,29,US
KG-004504,4504,Kia,Optima,car,general,,2015,31,US
KG-004506,4506,Chrysler,Town and Country,minivan,general,,2013,40,US
KG-004508,4508,Nissan,Xterra,suv,general,,2012,31,US
KG-004509,4509,Volvo,XC60,suv,general,,2013,34,US
KG-004511,4511,Jeep,Liberty,suv,general,,2012,29,US
KG-004512,4512,Hyundai,Santa Fe Sport,suv,general,,2017,32,US
KG-004513,4513,Volkswagen,Passat,car,general,,2013,29,US
KG-004514,4514,Ford,Edge,suv,general,,2014,32,US
KG-004515,4515,Chevrolet,Malibu,car,general,,2018,35,US
KG-004516,4516,Chevrolet,Equinox,suv,general,,2015,30,US
KG-004517,4517,Volkswagen,Passat,car,general,,2013,29,US
KG-004518,4518,Ford,Fusion,car,general,,2013,30,US
KG-004519,4519,Nissan,Murano,suv,general,,2012,30,US
KG-004520,4520,Hyundai,Sonata,car,general,,2012,29,US
KG-004521,4521,Toyota,C-HR,suv,general,,2020,55,US
KG-004522,4522,MINI,Cooper Countryman,car,general,,2012,35,US
KG-004524,4524,Toyota,Yaris,car,general,,2009,27,US
KG-004525,4525,Kia,Soul,car,general,,2013,39,US
KG-004526,4526,Hyundai,Palisade,suv,general,,2020,85,US
KG-004527,4527,Honda,Civic,car,general,,2010,28,US
KG-004528,4528,Toyota,Corolla,car,general,,2009,35,US
KG-004529,4529,Volkswagen,Jetta,car,general,,2019,45,US
KG-004530,4530,Toyota,Corolla,car,general,,2016,34,US
KG-004531,4531,Ford,Transit-350 Wagon,van,general,,2019,75,US
KG-004532,4532,Chevrolet,Impala,car,general,,2017,65,US
KG-004534,4534,Toyota,Yaris,car,general,,2007,28,US
KG-004535,4535,Mitsubishi,Lancer,car,general,,2010,69,US
KG-004536,4536,Cadillac,Escalade,suv,general,,2015,195,US
KG-004538,4538,Jeep,Patriot,suv,general,,2015,42,US
KG-004540,4540,Mazda,MAZDA2,car,general,,2012,25,US
KG-004541,4541,Toyota,Corolla,car,general,,2017,30,US
KG-004542,4542,Scion,xD,car,general,,2009,25,US
KG-004543,4543,Chevrolet,Spark,car,general,,2013,25,US
KG-004544,4544,Toyota,Yaris,car,general,,2010,25,US
KG-004545,4545,Nissan,Sentra,car,general,,2018,39,US
KG-004546,4546,Nissan,Sentra,car,general,,2018,40,US
KG-004547,4547,Nissan,Versa,car,general,,2018,34,US
KG-004548,4548,Honda,Accord,car,general,,2017,49,US
KG-004551,4551,Ford,Mustang,car,general,,2015,69,US
KG-004552,4552,Nissan,Quest,minivan,general,,2016,54,US
KG-004554,4554,Nissan,Rogue,suv,general,,2015,54,US
KG-004555,4555,Jeep,Wrangler,suv,general,,2020,72,US
KG-004556,4556,Kia,Sorento,suv,general,,2019,56,US
KG-004557,4557,Ford,Mustang,car,general,,2012,58,US
KG-004558,4558,Toyota,Highlander,suv,general,,2018,84,US
KG-004559,4559,Subaru,Impreza,car,general,,2017,49,US
KG-004560,4560,Toyota,Camry,car,general,,2016,46,US
KG-004561,4561,Jeep,Patriot,suv,general,,2016,39,US
KG-004563,4563,Jeep,Cherokee,suv,general,,2019,59,US
KG-004564,4564,Nissan,Altima,car,general,,2020,52,US
KG-004565,4565,Alfa Romeo,Giulia,car,general,,2017,222,US
KG-004566,4566,Hyundai,Sonata,car,general,,2018,49,US
KG-004569,4569,Nissan,Rogue,suv,general,,2017,66,US
KG-004574,4574,Chevrolet,Corvette,car,general,,2017,275,US
KG-004575,4575,Ford,Mustang,car,general,,2017,80,US
KG-004576,4576,Toyota,86,car,general,,2017,70,US
KG-004577,4577,Mitsubishi,Lancer,car,general,,2016,46,US
KG-004578,4578,Volvo,S90,car,general,,2018,95,US
KG-004580,4580,Ford,Mustang,car,general,,2018,275,US
KG-004581,4581,Volkswagen,Jetta,car,general,,2015,36,US
KG-004582,4582,Nissan,Altima,car,general,,2013,43,US
KG-004583,4583,Chevrolet,Camaro,car,general,,2018,76,US
KG-004584,4584,Hyundai,Ioniq Hybrid,car,general,,2019,38,US
KG-004587,4587,Dodge,Charger,car,general,,2018,99,US
KG-004589,4589,Toyota,RAV4,suv,general,,2015,55,US
KG-004591,4591,Kia,Sorento,suv,general,,2018,52,US
KG-004594,4594,Honda,CR-V,suv,general,,2015,47,US
KG-004596,4596,Nissan,Altima,car,general,,2015,44,US
KG-004597,4597,Toyota,Prius,car,general,,2014,45,US
KG-004598,4598,Subaru,Outback,suv,general,,2014,51,US
KG-004599,4599,Chevrolet,Suburban,suv,general,,2018,96,US
KG-004600,4600,Honda,Civic,car,general,,2012,32,US
KG-004601,4601,Acura,TLX,car,general,,2019,64,US
KG-004602,4602,Toyota,Camry,car,general,,2015,41,US
KG-004604,4604,Subaru,Impreza,car,general,,2019,36,US
KG-004610,4610,Honda,Civic,car,general,,2012,47,US
KG-004611,4611,Jeep,Wrangler,suv,general,,2012,69,US
KG-004614,4614,Toyota,Prius,car,general,,2013,38,US
KG-004615,4615,Chevrolet,Sonic,car,general,,2019,30,US
KG-004616,4616,Toyota,Prius,car,general,,2014,36,US
KG-004619,4619,Toyota,Prius,car,general,,2014,39,US
KG-004620,4620,Toyota,Camry,car,general,,2012,39,US
KG-004622,4622,MINI,Cooper,car,general,,2013,44,US
KG-004627,4627,Toyota,Prius,car,general,,2012,35,US
KG-004628,4628,Ford,Explorer,suv,general,,2019,85,US
KG-004629,4629,Jeep,Wrangler,suv,general,,2017,75,US
KG-004630,4630,Toyota,FJ Cruiser,suv,general,,2008,89,US
KG-004631,4631,MINI,Cooper Countryman,car,general,,2015,59,US
KG-004632,4632,Jeep,Wrangler Unlimited,suv,general,,2019,80,US
KG-004633,4633,Alfa Romeo,4C,car,general,,2016,399,US
KG-004634,4634,Ford,Mustang,car,general,,2020,499,US
KG-004635,4635,Toyota,Prius c,car,general,,2015,34,US
KG-004637,4637,Cadillac,ATS,car,general,,2013,38,US
KG-004638,4638,Nissan,Altima,car,general,,2012,37,US
KG-004639,4639,Alfa-romeo,Stelvio,suv,general,,2020,98,US
KG-004640,4640,Nissan,Sentra,car,general,,2013,35,US
KG-004641,4641,Suzuki,Kizashi,car,general,,2013,44,US
KG-004645,4645,Subaru,Outback,suv,general,,2019,65,US
KG-004646,4646,Toyota,Corolla Hybrid,car,general,,2020,54,US
KG-004647,4647,Dodge,Caravan,minivan,general,,2007,44,US
KG-004648,4648,Kia,Soul,car,general,,2016,50,US
KG-004649,4649,Toyota,Sienna,minivan,general,,2018,63,US
KG-004650,4650,Nissan,Versa,car,general,,2012,40,US
KG-004651,4651,Chevrolet,Bolt EV,car,general,,2019,60,US
KG-004652,4652,Nissan,Altima,car,general,,2017,45,US
KG-004653,4653,Subaru,Impreza,car,general,,2019,48,US
KG-004654,4654,Honda,Civic,car,general,,2008,34,US
KG-004655,4655,Honda,Odyssey,minivan,general,,2013,79,US
KG-004656,4656,Chevrolet,Aveo,car,general,,2010,20,US
KG-004657,4657,Mazda,6,car,general,,2006,34,US
KG-004660,4660,Toyota,RAV4 Hybrid,suv,general,,2018,79,US
KG-004661,4661,Ford,Mustang,car,general,,2018,59,US
KG-004663,4663,Jeep,Wrangler,suv,general,,2018,89,US
KG-004665,4665,Toyota,Highlander,suv,general,,2019,110,US
KG-004667,4667,Toyota,Prius,car,general,,2015,45,US
KG-004668,4668,Toyota,Prius,car,general,,2013,45,US
KG-004670,4670,Toyota,Corolla,car,general,,2010,39,US
KG-004671,4671,Ford,Edge,suv,general,,2019,60,US
KG-004674,4674,Honda,Fit,car,general,,2011,32,US
KG-004675,4675,Chevrolet,Tahoe,suv,general,,2018,98,US
KG-004676,4676,Volkswagen,Touareg,suv,general,,2014,70,US
KG-004677,4677,Nissan,GT-R,car,general,,2016,409,US
KG-004678,4678,Dodge,Grand Caravan,minivan,general,,2018,50,US
KG-004680,4680,Mazda,3,car,general,,2016,35,US
KG-004681,4681,smart,fortwo,car,general,,2018,40,US
KG-004684,4684,Volkswagen,Jetta,car,general,,2016,30,US
KG-004689,4689,Chevrolet,Traverse,suv,general,,2012,40,US
KG-004690,4690,Honda,Civic Sedan,car,general,,2019,40,US
KG-004691,4691,Jeep,Wrangler Unlimited,suv,general,,2019,100,US
KG-004695,4695,Volkswagen,Jetta,car,general,,2014,28,US
KG-004698,4698,Volkswagen,Jetta,car,general,,2012,27,US
KG-004699,4699,Hyundai,Elantra,car,general,,2013,25,US
KG-004700,4700,Volkswagen,Atlas,suv,general,,2019,90,US
KG-004701,4701,Toyota,Camry,car,general,,2018,40,US
KG-004704,4704,Chevrolet,Camaro,car,general,,2015,119,US
KG-004707,4707,Chevrolet,Camaro,car,general,,2016,136,US
KG-004709,4709,Jeep,Wrangler,suv,general,,2015,80,US
KG-004710,4710,Volkswagen,Tiguan,suv,general,,2018,59,US
KG-004712,4712,Ford,Mustang,car,general,,2018,73,US
KG-004713,4713,Dodge,Durango,suv,general,,2013,40,US
KG-004715,4715,Dodge,Grand Caravan,minivan,general,,2012,40,US
KG-004716,4716,Chrysler,Pacifica,minivan,general,,2017,75,US
KG-004717,4717,Toyota,Corolla,car,general,,2020,49,US
KG-004718,4718,Honda,CR-V,suv,general,,2008,29,US
KG-004719,4719,Ford,Fusion,car,general,,2017,78,US
KG-004720,4720,Nissan,Murano,suv,general,,2010,36,US
KG-004721,4721,Volkswagen,Jetta,car,general,,2019,37,US
KG-004722,4722,Kia,Spectra,car,general,,2009,23,US
KG-004723,4723,Kia,Sedona,minivan,general,,2015,49,US
KG-004724,4724,Lincoln,MKZ,car,general,,2014,35,US
KG-004725,4725,Toyota,Corolla,car,general,,2016,42,US
KG-004726,4726,Nissan,Sentra,car,general,,2017,68,US
KG-004727,4727,Hyundai,Sonata,car,general,,2013,37,US
KG-004728,4728,Honda,CR-V,suv,general,,2018,51,US
KG-004729,4729,Ford,Mustang,car,general,,2015,29,US
KG-004730,4730,Ford,Focus,car,general,,2016,68,US
KG-004731,4731,Chevrolet,Equinox,suv,general,,2015,36,US
KG-004732,4732,Volkswagen,Tiguan,suv,general,,2018,45,US
KG-004734,4734,Ford,Fusion,car,general,,2015,32,US
KG-004735,4735,Ford,Fusion,car,general,,2013,32,US
KG-004736,4736,Hyundai,Elantra,car,general,,2019,39,US
KG-004737,4737,Hyundai,Elantra,car,general,,2019,39,US
KG-004738,4738,Nissan,Altima,car,general,,2015,32,US
KG-004739,4739,Nissan,Altima,car,general,,2013,29,US
KG-004740,4740,Volkswagen,Jetta,car,general,,2016,39,US
KG-004741,4741,Kia,Optima,car,general,,2012,28,US
KG-004742,4742,Kia,Soul,car,general,,2018,32,US
KG-004743,4743,Mitsubishi,Outlander,suv,general,,2017,35,US
KG-004744,4744,Jeep,Cherokee,suv,general,,2015,35,US
KG-004745,4745,Hyundai,Sonata,car,general,,2010,26,US
KG-004746,4746,Nissan,Altima,car,general,,2011,28,US
KG-004747,4747,Hyundai,Elantra,car,general,,2020,35,US
KG-004748,4748,Nissan,Versa,car,general,,2019,25,US
KG-004749,4749,Nissan,Versa,car,general,,2015,25,US
KG-004750,4750,FIAT,500,car,general,,2012,20,US
KG-004751,4751,Hyundai,Accent,car,general,,2018,30,US
KG-004752,4752,Hyundai,Accent,car,general,,2017,26,US
KG-004753,4753,Chevrolet,Aveo,car,general,,2011,24,US
KG-004754,4754,Chevrolet,Corvette,car,general,,2017,126,US
KG-004758,4758,Mazda,MX-5 Miata,car,general,,2017,80,US
KG-004759,4759,Honda,Accord,car,general,,2009,43,US
KG-004760,4760,Chevrolet,Volt,car,general,,2013,36,US
KG-004764,4764,Ford,Mustang,car,general,,2016,89,US
KG-004766,4766,Honda,Accord Hybrid,car,general,,2015,55,US
KG-004771,4771,Volkswagen,Jetta,car,general,,2019,44,US
KG-004774,4774,Nissan,Versa,car,general,,2015,33,US
KG-004776,4776,Volkswagen,Passat,car,general,,2014,42,US
KG-004778,4778,Chevrolet,Corvette Stingray,car,general,,2014,135,US
KG-004781,4781,Kia,Forte,car,general,,2011,33,US
KG-004785,4785,Jeep,Grand Cherokee,suv,general,,2014,99,US
KG-004786,4786,Mazda,MX-5 Miata,car,general,,2016,100,US
KG-004789,4789,Jeep,Wrangler,suv,general,,2015,89,US
KG-004790,4790,Honda,Civic,car,general,,2008,34,US
KG-004791,4791,Toyota,Yaris,car,general,,2009,34,US
KG-004794,4794,Jeep,Grand Cherokee,suv,general,,2015,99,US
KG-004795,4795,Honda,Civic,car,general,,2008,36,US
KG-004799,4799,Infiniti,QX60,suv,general,,2016,90,US
KG-004801,4801,Toyota,4Runner,suv,general,,2019,89,US
KG-004804,4804,Nissan,370Z,car,general,,2013,65,US
KG-004808,4808,Ford,Fusion Energi,car,general,,2017,60,US
KG-004811,4811,Toyota,Yaris,car,general,,2015,36,US
KG-004812,4812,Toyota,Prius Prime,car,general,,2017,109,US
KG-004814,4814,Ford,Mustang,car,general,,2018,66,US
KG-004816,4816,Toyota,Prius,car,general,,2016,50,US
KG-004820,4820,GMC,Acadia,suv,general,,2010,78,US
KG-004823,4823,Honda,Odyssey,minivan,general,,2015,70,US
KG-004827,4827,Dodge,Grand Caravan,minivan,general,,2015,60,US
KG-004832,4832,Jeep,Wrangler,suv,general,,2018,99,US
KG-004833,4833,Lincoln,MKC,suv,general,,2015,50,US
KG-004834,4834,Chevrolet,HHR,car,general,,2010,45,US
KG-004836,4836,Jeep,Wrangler,suv,general,,2009,99,US
KG-004838,4838,Honda,Odyssey,minivan,general,,2008,30,US
KG-004840,4840,Infiniti,QX60,suv,general,,2016,69,US
KG-004841,4841,Mazda,MX-5 Miata,car,general,,2016,70,US
KG-004845,4845,Toyota,Prius,car,general,,2014,40,US
KG-004847,4847,Jeep,Wrangler JK,suv,general,,2018,89,US
KG-004849,4849,Chevrolet,Bolt EV,car,general,,2017,48,US
KG-004851,4851,Chevrolet,Suburban,suv,general,,2013,79,US
KG-004853,4853,Toyota,Prius Prime,car,general,,2017,38,US
KG-004854,4854,Toyota,Prius Prime,car,general,,2017,54,US
KG-004857,4857,Toyota,RAV4,suv,general,,2015,49,US
KG-004865,4865,Toyota,Prius Prime,car,general,,2019,62,US
KG-004869,4869,Honda,Odyssey,minivan,general,,2019,58,US
KG-004877,4877,INFINITI,Q50,car,general,,2018,49,US
KG-004880,4880,Chevrolet,Corvette Stingray,car,general,,2014,139,US
KG-004882,4882,Jeep,Wrangler Unlimited,suv,general,,2019,85,US
KG-004885,4885,Honda,Odyssey,minivan,general,,2015,44,US
KG-004889,4889,Jeep,Wrangler Unlimited,suv,general,,2019,85,US
KG-004891,4891,Ford,Mustang,car,general,,2010,49,US
KG-004895,4895,Chevrolet,Corvette,car,general,,2020,350,US
KG-004896,4896,Honda,Civic,car,general,,2012,33,US
KG-004898,4898,Mazda,3,car,general,,2018,30,US
KG-004899,4899,Honda,Odyssey,minivan,general,,2014,38,US
KG-004900,4900,Honda,Odyssey,minivan,general,,2019,72,US
KG-004901,4901,Ford,Mustang,car,general,,2017,82,US
KG-004904,4904,Honda,Odyssey,minivan,general,,2013,36,US
KG-004905,4905,Subaru,WRX,car,general,,2018,87,US
KG-004906,4906,Toyota,Prius,car,general,,2016,38,US
KG-004907,4907,Subaru,Ascent,suv,general,,2019,86,US
KG-004914,4914,Toyota,Highlander Hybrid,suv,general,,2020,88,US
KG-004915,4915,FIAT,500e,car,general,,2017,40,US
KG-004918,4918,Acura,ILX,car,general,,2013,40,US
KG-004928,4928,Toyota,Sienna,minivan,general,,2011,49,US
KG-004929,4929,Toyota,Highlander,suv,general,,2010,50,US
KG-004930,4930,Chevrolet,Tahoe,suv,general,,2016,100,US
KG-004932,4932,Ford,Mustang,car,general,,2014,45,US
KG-004933,4933,Volvo,XC90,suv,general,,2018,90,US
KG-004935,4935,Dodge,Challenger,car,general,,2016,155,US
KG-004937,4937,Jeep,Renegade,suv,general,,2017,60,US
KG-004940,4940,Subaru,Outback,suv,general,,2018,40,US
KG-004942,4942,Ford,Escape,suv,general,,2013,30,US
KG-004944,4944,Dodge,Challenger,car,general,,2018,100,US
KG-004946,4946,Volkswagen,Jetta,car,general,,2012,38,US
KG-004948,4948,Toyota,Prius v,car,general,,2013,37,US
KG-004949,4949,Ford,Fusion Hybrid,car,general,,2018,42,US
KG-004951,4951,Honda,Pilot,suv,general,,2013,60,US
KG-004953,4953,Toyota,Corolla,car,general,,2015,36,US
KG-004954,4954,Jeep,Grand Cherokee,suv,general,,2016,96,US
KG-004957,4957,GMC,Yukon XL,suv,general,,2009,75,US
KG-004960,4960,Dodge,Grand Caravan,minivan,general,,2018,50,US
KG-004962,4962,Toyota,Sienna,minivan,general,,2008,49,US
KG-004964,4964,Infiniti,QX60,suv,general,,2015,75,US
KG-004968,4968,Chevrolet,Suburban,suv,general,,2017,109,US
KG-004969,4969,Jeep,Wrangler,suv,general,,2014,59,US
KG-004973,4973,Toyota,Highlander,suv,general,,2017,74,US
KG-004974,4974,Kia,Sedona,minivan,general,,2016,64,US
KG-004975,4975,Jeep,Wrangler,suv,general,,2018,86,US
KG-004976,4976,Subaru,Legacy,car,general,,2012,36,US
KG-004977,4977,Honda,Odyssey,minivan,general,,2009,45,US
KG-004978,4978,Ford,Explorer,suv,general,,2017,66,US
KG-004980,4980,Jeep,Wrangler,suv,general,,2014,59,US
KG-004981,4981,Kia,Sedona,minivan,general,,2016,65,US
KG-004982,4982,Honda,Pilot,suv,general,,2007,56,US
KG-004984,4984,Jeep,Wrangler,suv,general,,2016,78,US
KG-004985,4985,Chevrolet,Suburban,suv,general,,2016,108,US
KG-004987,4987,Dodge,Grand Caravan,minivan,general,,2018,57,US
KG-004989,4989,Nissan,Versa,car,general,,2015,24,US
KG-004990,4990,Kia,Sorento,suv,general,,2018,52,US
KG-004991,4991,Dodge,Dart,car,general,,2015,34,US
KG-004992,4992,Subaru,Outback,suv,general,,2014,45,US
KG-004995,4995,Jeep,Wrangler Unlimited,suv,general,,2019,79,US
KG-004996,4996,Volkswagen,Jetta,car,general,,2011,42,US
KG-004998,4998,Chevrolet,Corvette Stingray,car,general,,2014,199,US
KG-005001,5001,GMC,Yukon XL,suv,general,,2015,131,US
KG-005002,5002,Nissan,Armada,suv,general,,2019,84,US
KG-005004,5004,Acura,TLX,car,general,,2018,59,US
KG-005006,5006,Jeep,Wrangler,suv,general,,2014,79,US
KG-005007,5007,Ford,Explorer,suv,general,,2017,70,US
KG-005008,5008,Dodge,Durango,suv,general,,2014,100,US
KG-005009,5009,Toyota,Sienna,minivan,general,,2012,65,US
KG-005010,5010,Volkswagen,Rabbit,car,general,,2009,35,US
KG-005011,5011,Ford,Transit Van,van,general,,2015,80,US
KG-005012,5012,Nissan,Armada,suv,general,,2012,62,US
KG-005013,5013,FIAT,500L,car,general,,2014,44,US
KG-005014,5014,Jeep,Wrangler,suv,general,,2016,79,US
KG-005016,5016,Ford,Escape,suv,general,,2013,42,US
KG-005018,5018,Subaru,Legacy,car,general,,2017,49,US
KG-005019,5019,Infiniti,Q50,car,general,,2014,48,US
KG-005025,5025,GMC,Yukon XL,suv,general,,2019,175,US
KG-005029,5029,Kia,Stinger,car,general,,2019,95,US
KG-005030,5030,GMC,Yukon XL,suv,general,,2019,149,US
KG-005032,5032,Hyundai,Santa Fe,suv,general,,2019,60,US
KG-005033,5033,Jeep,Grand Cherokee,suv,general,,2014,107,US
KG-005034,5034,Ford,Transit Van,van,general,,2015,135,US
KG-005035,5035,GMC,Yukon XL,suv,general,,2019,175,US
KG-005036,5036,Jeep,Wrangler,suv,general,,2017,58,US
KG-005037,5037,Jeep,Cherokee,suv,general,,2015,35,US
KG-005038,5038,Jeep,Cherokee,suv,general,,2019,95,US
KG-005039,5039,Lincoln,Navigator,suv,general,,2018,158,US
KG-005040,5040,Jeep,Wrangler,suv,general,,2016,110,US
KG-005042,5042,Chevrolet,Suburban,suv,general,,2014,99,US
KG-005043,5043,Lincoln,Navigator L,suv,general,,2019,150,US
KG-005044,5044,Lincoln,Navigator,suv,general,,2014,78,US
KG-005045,5045,Nissan,Altima,car,general,,2019,46,US
KG-005046,5046,Toyota,4Runner,suv,general,,2017,90,US
KG-005047,5047,Nissan,Rogue Sport,suv,general,,2019,46,US
KG-005049,5049,Nissan,Murano,suv,general,,2019,70,US
KG-005050,5050,Toyota,4Runner,suv,general,,2014,72,US
KG-005051,5051,Nissan,Altima,car,general,,2019,45,US
KG-005052,5052,Nissan,Altima,car,general,,2019,45,US
KG-005054,5054,Ford,Edge,suv,general,,2017,57,US
KG-005056,5056,MINI,Cooper,car,general,,2008,42,US
KG-005057,5057,Jeep,Wrangler,suv,general,,2014,76,US
KG-005058,5058,Hyundai,Santa Fe Sport,suv,general,,2018,45,US
KG-005059,5059,Ford,Explorer,suv,general,,2018,76,US
KG-005060,5060,Buick,Enclave,suv,general,,2019,72,US
KG-005061,5061,Buick,Enclave,suv,general,,2019,74,US
KG-005062,5062,Subaru,Outback,suv,general,,2016,55,US
KG-005064,5064,Nissan,Rogue,suv,general,,2020,45,US
KG-005065,5065,Nissan,GT-R,car,general,,2012,499,US
KG-005066,5066,GMC,Acadia,suv,general,,2019,74,US
KG-005067,5067,Nissan,Sentra,car,general,,2019,31,US
KG-005068,5068,Toyota,Sienna,minivan,general,,2015,100,US
KG-005070,5070,Nissan,Rogue,suv,general,,2019,55,US
KG-005071,5071,Toyota,RAV4,suv,general,,2019,62,US
KG-005072,5072,Kia,Sedona,minivan,general,,2019,74,US
KG-005073,5073,Kia,Telluride,suv,general,,2020,95,US
KG-005074,5074,GMC,Acadia,suv,general,,2019,59,US
KG-005076,5076,Chevrolet,Suburban,suv,general,,2012,95,US
KG-005078,5078,Toyota,Prius,car,general,,2012,38,US
KG-005079,5079,Volkswagen,Jetta,car,general,,2019,35,US
KG-005081,5081,Kia,Sedona,minivan,general,,2019,72,US
KG-005082,5082,Toyota,RAV4,suv,general,,2019,61,US
KG-005083,5083,Jeep,Wrangler,suv,general,,2012,49,US
KG-005086,5086,Kia,Sedona,minivan,general,,2019,75,US
KG-005087,5087,GMC,Acadia,suv,general,,2019,69,US
KG-005088,5088,Kia,Sedona,minivan,general,,2019,59,US
KG-005089,5089,Nissan,Leaf,car,general,,2018,54,US
KG-005090,5090,Jeep,Patriot,suv,general,,2015,40,US
KG-005091,5091,Subaru,Forester,suv,general,,2014,46,US
KG-005092,5092,Honda,Pilot,suv,general,,2015,66,US
KG-005093,5093,Chrysler,Sebring,car,general,,2006,20,US
KG-005094,5094,Nissan,Rogue,suv,general,,2020,45,US
KG-005097,5097,Mazda,Mazda3,car,general,,2019,45,US
KG-005100,5100,Honda,Accord,car,general,,2016,45,US
KG-005102,5102,Volkswagen,Eos,car,general,,2012,80,US
KG-005104,5104,Toyota,4Runner,suv,general,,2012,95,US
KG-005105,5105,Genesis,G80,car,general,,2017,80,US
KG-005106,5106,Ram,Promaster Cargo Van,van,general,,2018,225,US
KG-005108,5108,GMC,Terrain,suv,general,,2019,48,US
KG-005110,5110,Chrysler,Town and Country,minivan,general,,2012,54,US
KG-005111,5111,Ford,Taurus,car,general,,2006,20,US
KG-005112,5112,Ford,Mustang,car,general,,2015,90,US
KG-005113,5113,Chrysler,Town and Country,minivan,general,,2015,72,US
KG-005115,5115,GMC,Acadia,suv,general,,2011,39,US
KG-005117,5117,Chrysler,Pacifica,minivan,general,,2019,99,US
KG-005118,5118,Hyundai,Tucson,suv,general,,2017,55,US
KG-005119,5119,GMC,Terrain,suv,general,,2019,48,US
KG-005120,5120,Toyota,Land Cruiser,suv,general,,2018,170,US
KG-005121,5121,Kia,Rio 5-Door,car,general,,2019,38,US
KG-005122,5122,Kia,Rio 5-Door,car,general,,2019,38,US
KG-005124,5124,Honda,Element,suv,general,,2011,39,US
KG-005125,5125,Buick,Encore,suv,general,,2019,40,US
KG-005126,5126,Kia,Soul,suv,general,,2019,41,US
KG-005127,5127,Toyota,Corolla,car,general,,2016,30,US
KG-005128,5128,Kia,Rio,car,general,,2019,37,US
KG-005131,5131,Jeep,Wrangler JK,suv,general,,2018,67,US
KG-005132,5132,Buick,Encore,suv,general,,2019,40,US
KG-005133,5133,Kia,Rio 5-Door,car,general,,2019,38,US
KG-005134,5134,Buick,Encore,suv,general,,2019,40,US
KG-005135,5135,Subaru,Crosstrek,suv,general,,2016,37,US
KG-005136,5136,Honda,Element,suv,general,,2008,39,US
KG-005137,5137,Toyota,Prius,car,general,,2008,38,US
KG-005143,5143,Chrysler,Pacifica,minivan,general,,2017,64,US
KG-005145,5145,Jeep,Renegade,suv,general,,2017,50,US
KG-005146,5146,smart,fortwo,car,general,,2013,40,US
KG-005148,5148,Ford,Mustang,car,general,,2016,67,US
KG-005150,5150,Mazda,MX-5 Miata,car,general,,2016,69,US
KG-005154,5154,Chrysler,300,car,general,,2015,70,US
KG-005158,5158,Subaru,Outback,suv,general,,2013,46,US
KG-005160,5160,smart,fortwo,car,general,,2012,38,US
KG-005161,5161,Ford,Mustang,car,general,,2016,68,US
KG-005162,5162,Toyota,Camry,car,general,,2016,33,US
KG-005164,5164,Chevrolet,Bolt EV,car,general,,2018,65,US
KG-005170,5170,Subaru,Outback,suv,general,,2013,54,US
KG-005174,5174,MINI,Cooper Countryman,car,general,,2014,48,US
KG-005176,5176,Cadillac,CTS,car,general,,2019,70,US
KG-005177,5177,Nissan,Leaf,car,general,,2019,70,US
KG-005180,5180,Ford,Focus,car,general,,2016,29,US
KG-005181,5181,Ford,Edge,suv,general,,2011,42,US
KG-005182,5182,Honda,Civic Sedan,car,general,,2019,40,US
KG-005183,5183,Honda,CR-V,suv,general,,2014,37,US
KG-005184,5184,Dodge,Charger,car,general,,2019,79,US
KG-005185,5185,smart,fortwo,car,general,,2013,32,US
KG-005188,5188,Hyundai,Veloster,car,general,,2016,55,US
KG-005189,5189,Toyota,Highlander,suv,general,,2017,109,US
KG-005195,5195,Honda,Pilot,suv,general,,2018,79,US
KG-005196,5196,Toyota,Camry,car,general,,2018,50,US
KG-005197,5197,Honda,Civic,car,general,,2014,44,US
KG-005198,5198,Ford,Expedition,suv,general,,2018,200,US
KG-005203,5203,Kia,Soul,suv,general,,2020,42,US
KG-005205,5205,Toyota,Corolla,car,general,,2017,34,US
KG-005206,5206,Infiniti,JX,suv,general,,2013,71,US
KG-005207,5207,Toyota,Avalon,car,general,,2019,80,US
KG-005208,5208,Toyota,Prius,car,general,,2013,39,US
KG-005209,5209,Toyota,Camry,car,general,,2019,34,US
KG-005211,5211,Ford,Explorer,suv,general,,2019,89,US
KG-005212,5212,Toyota,Prius v,car,general,,2012,47,US
KG-005213,5213,Ford,Fusion Hybrid,car,general,,2017,54,US
KG-005215,5215,Toyota,Camry,car,general,,2016,49,US
KG-005216,5216,Ford,Fusion,car,general,,2010,41,US
KG-005217,5217,Honda,Civic,car,general,,2016,45,US
KG-005218,5218,Mazda,3,car,general,,2017,40,US
KG-005220,5220,Nissan,Cube,car,general,,2013,41,US
KG-005221,5221,Toyota,Camry,car,general,,2013,39,US
KG-005222,5222,Ford,Fusion,car,general,,2019,34,US
KG-005223,5223,Hyundai,Sonata,car,general,,2016,29,US
KG-005224,5224,Kia,Rio,car,general,,2015,20,US
KG-005226,5226,Chevrolet,Corvette,car,general,,2017,110,US
KG-005227,5227,Honda,Fit,car,general,,2018,34,US
KG-005228,5228,Chevrolet,Corvette,car,general,,2019,100,US
KG-005232,5232,MINI,Cooper Roadster,car,general,,2015,38,US
KG-005233,5233,Dodge,Challenger,car,general,,2019,46,US
KG-005235,5235,Dodge,Challenger,car,general,,2019,46,US
KG-005239,5239,Kia,Sportage,suv,general,,2018,39,US
KG-005240,5240,Ford,Mustang,car,general,,2019,53,US
KG-005241,5241,Honda,Civic Sedan,car,general,,2019,39,US
KG-005245,5245,Chevrolet,Camaro,car,general,,2017,52,US
KG-005246,5246,Ford,Mustang,car,general,,2016,49,US
KG-005247,5247,Alfa-romeo,Giulia,car,general,,2019,55,US
KG-005250,5250,Honda,Accord Sedan,car,general,,2020,35,US
KG-005260,5260,Jeep,Wrangler,suv,general,,2018,79,US
KG-005262,5262,Hyundai,Elantra,car,general,,2019,28,US
KG-005263,5263,Honda,Accord,car,general,,2018,44,US
KG-005269,5269,Infiniti,QX60,suv,general,,2015,59,US
KG-005270,5270,Dodge,Grand Caravan,minivan,general,,2018,35,US
KG-005272,5272,Dodge,Challenger,car,general,,2019,74,US
KG-005274,5274,Chevrolet,Corvette,car,general,,2016,115,US
KG-005275,5275,Chevrolet,Bolt EV,car,general,,2018,49,US
KG-005276,5276,Jeep,Wrangler,suv,general,,2016,79,US
KG-005278,5278,Chevrolet,Malibu,car,general,,2014,35,US
KG-005280,5280,Alfa Romeo,4C,car,general,,2016,110,US
KG-005282,5282,Jeep,Wrangler Unlimited,suv,general,,2019,79,US
KG-005284,5284,Ford,Fusion Energi,car,general,,2019,39,US
KG-005285,5285,Ford,Expedition,suv,general,,2016,49,US
KG-005287,5287,Ford,Explorer,suv,general,,2016,54,US
KG-005289,5289,Honda,Clarity,car,general,,2018,44,US
KG-005291,5291,Honda,Odyssey,minivan,general,,2006,50,US
KG-005293,5293,Ford,Mustang,car,general,,2019,99,US
KG-005297,5297,Chrysler,Pacifica,minivan,general,,2018,50,US
KG-005299,5299,Mazda,CX-5,suv,general,,2018,48,US
KG-005302,5302,Jeep,Wrangler,suv,general,,2013,80,US
KG-005306,5306,Ford,Mustang,car,general,,2018,54,US
KG-005307,5307,Volkswagen,Beetle,car,general,,2015,25,US
KG-005308,5308,Nissan,Sentra,car,general,,2017,25,US
KG-005309,5309,Subaru,Forester,car,general,,2019,35,US
KG-005310,5310,Mazda,Mazda6,car,general,,2019,35,US
KG-005312,5312,Toyota,Prius,car,general,,2014,40,US
KG-005313,5313,Honda,Pilot,suv,general,,2012,65,US
KG-005316,5316,Chevrolet,Camaro,car,general,,2015,49,US
KG-005318,5318,Jeep,Wrangler,suv,general,,2008,70,US
KG-005319,5319,Hyundai,Elantra,car,general,,2016,25,US
KG-005322,5322,Volkswagen,Jetta,car,general,,2015,33,US
KG-005326,5326,Toyota,Prius,car,general,,2014,30,US
KG-005327,5327,Toyota,Highlander,suv,general,,2012,45,US
KG-005330,5330,Chevrolet,Corvette,car,general,,2017,225,US
KG-005332,5332,Nissan,Versa,car,general,,2017,20,US
KG-005334,5334,Honda,Clarity,car,general,,2018,43,US
KG-005336,5336,Hyundai,Elantra,car,general,,2016,25,US
KG-005337,5337,Ford,Mustang,car,general,,2017,60,US
KG-005338,5338,Ford,Mustang,car,general,,2017,44,US
KG-005340,5340,Chevrolet,Bolt EV,car,general,,2019,44,US
KG-005343,5343,Jeep,Wrangler,suv,general,,2017,77,US
KG-005345,5345,Ford,Mustang,car,general,,2016,41,US
KG-005350,5350,Mazda,CX-9,suv,general,,2018,65,US
KG-005351,5351,Toyota,Sienna,minivan,general,,2015,57,US
KG-005352,5352,Ford,Mustang,car,general,,2012,45,US
KG-005358,5358,Chevrolet,Equinox,suv,general,,2012,50,US
KG-005360,5360,Infiniti,M35,car,general,,2009,32,US
KG-005362,5362,FIAT,500,car,general,,2012,36,US
KG-005364,5364,Hyundai,Sonata,car,general,,2015,38,US
KG-005368,5368,FIAT,500,car,general,,2013,34,US
KG-005369,5369,Ford,Fusion,car,general,,2017,50,US
KG-005370,5370,Jeep,Wrangler,suv,general,,2018,115,US
KG-005371,5371,Kia,Optima,car,general,,2019,50,US
KG-005372,5372,Kia,Optima,car,general,,2019,50,US
KG-005374,5374,MINI,Cooper,car,general,,2016,54,US
KG-005375,5375,MINI,Cooper,car,general,,2012,46,US
KG-005377,5377,Chrysler,Sebring,car,general,,2010,38,US
KG-005378,5378,Chrysler,200,car,general,,2012,38,US
KG-005379,5379,Dodge,Grand Caravan,minivan,general,,2010,36,US
KG-005380,5380,Chrysler,Sebring,car,general,,2008,34,US
KG-005381,5381,Dodge,Grand Caravan,minivan,general,,2010,36,US
KG-005382,5382,Suzuki,XL7,suv,general,,2008,36,US
KG-005383,5383,Honda,Fit,car,general,,2011,34,US
KG-005384,5384,Toyota,Yaris,car,general,,2009,31,US
KG-005385,5385,Chevrolet,Spark,car,general,,2013,30,US
KG-005386,5386,Chevrolet,Spark,car,general,,2013,28,US
KG-005390,5390,Kia,Stinger,car,general,,2019,135,US
KG-005391,5391,GMC,Yukon XL,suv,general,,2016,150,US
KG-005392,5392,Lincoln,Navigator,suv,general,,2018,108,US
KG-005393,5393,Honda,Odyssey,minivan,general,,2015,80,US
KG-005394,5394,Ford,Explorer,suv,general,,2014,59,US
KG-005395,5395,Cadillac,Escalade,suv,general,,2018,137,US
KG-005396,5396,Mazda,MX-5 Miata,car,general,,2016,99,US
KG-005397,5397,Hyundai,Tucson,suv,general,,2019,63,US
KG-005399,5399,Toyota,Corolla,car,general,,2014,35,US
KG-005400,5400,Dodge,Journey,suv,general,,2017,60,US
KG-005401,5401,Chrysler,Town and Country,minivan,general,,2012,50,US
KG-005402,5402,Hyundai,Elantra,car,general,,2016,33,US
KG-005404,5404,Cadillac,ATS,car,general,,2018,70,US
KG-005405,5405,Jeep,Wrangler JK,suv,general,,2018,68,US
KG-005406,5406,Chevrolet,Impala,car,general,,2011,40,US
KG-005407,5407,Dodge,Dart,car,general,,2013,32,US
KG-005408,5408,Kia,Forte,car,general,,2011,29,US
KG-005409,5409,Hyundai,Sonata,car,general,,2015,41,US
KG-005411,5411,Toyota,Prius,car,general,,2007,36,US
KG-005413,5413,Toyota,Corolla,car,general,,2011,40,US
KG-005414,5414,Chevrolet,Cruze,car,general,,2011,37,US
KG-005416,5416,Toyota,Prius,car,general,,2007,42,US
KG-005417,5417,Toyota,Prius,car,general,,2007,42,US
KG-005419,5419,Ford,Mustang,car,general,,2017,72,US
KG-005420,5420,Hyundai,Sonata,car,general,,2015,32,US
KG-005421,5421,Ford,Mustang,car,general,,2016,100,US
KG-005423,5423,Chevrolet,Tahoe,suv,general,,2015,89,US
KG-005425,5425,Chevrolet,Uplander,minivan,general,,2008,36,US
KG-005426,5426,Ford,Mustang,car,general,,2017,69,US
KG-005428,5428,Toyota,Camry,car,general,,2017,36,US
KG-005430,5430,Hyundai,Elantra,car,general,,2018,33,US
KG-005431,5431,Toyota,RAV4,suv,general,,2018,56,US
KG-005433,5433,Ford,Mustang,car,general,,2020,76,US
KG-005434,5434,Jeep,Wrangler JK,suv,general,,2018,66,US
KG-005438,5438,Chevrolet,Malibu,car,general,,2015,36,US
KG-005440,5440,Ford,Mustang,car,general,,2013,56,US
KG-005441,5441,Ford,Mustang,car,general,,2020,59,US
KG-005443,5443,Ford,Mustang,car,general,,2017,98,US
KG-005445,5445,Ford,Mustang,car,general,,2018,85,US
KG-005450,5450,Dodge,Grand Caravan,minivan,general,,2012,32,US
KG-005454,5454,Chrysler,200,car,general,,2012,34,US
KG-005457,5457,Dodge,Dart,car,general,,2013,33,US
KG-005463,5463,Jeep,Wrangler JK,suv,general,,2018,68,US
KG-005464,5464,Chevrolet,Corvette,car,general,,2015,160,US
KG-005465,5465,Mitsubishi,Outlander,suv,general,,2014,40,US
KG-005466,5466,Toyota,C-HR,car,general,,2019,47,US
KG-005467,5467,Toyota,C-HR,suv,general,,2018,49,US
KG-005468,5468,Chevrolet,Equinox,suv,general,,2018,49,US
KG-005469,5469,Chevrolet,Corvette,car,general,,2016,139,US
KG-005470,5470,Kia,Optima,car,general,,2019,45,US
KG-005473,5473,Volkswagen,Jetta,car,general,,2013,32,US
KG-005475,5475,Ford,Mustang,car,general,,1965,299,US
KG-005477,5477,Toyota,Corolla,car,general,,2011,59,US
KG-005478,5478,Ford,Mustang,car,general,,2019,88,US
KG-005481,5481,Hyundai,Elantra,car,general,,2013,35,US
KG-005482,5482,Mitsubishi,Outlander,suv,general,,2017,45,US
KG-005489,5489,INFINITI,Q50,car,general,,2018,62,US
KG-005491,5491,Chevrolet,Tahoe,suv,general,,2018,200,US
KG-005493,5493,Alfa-romeo,Giulia,car,general,,2019,88,US
KG-005495,5495,Dodge,Challenger,car,general,,2019,133,US
KG-005497,5497,Jeep,Wrangler,suv,general,,2018,79,US
KG-005499,5499,Toyota,Camry,car,general,,2019,70,US
KG-005502,5502,Dodge,Charger,car,general,,2014,52,US
KG-005509,5509,Hyundai,Elantra GT,car,general,,2019,35,US
KG-005510,5510,Jeep,Wrangler,suv,general,,2015,84,US
KG-005511,5511,Jeep,Wrangler,suv,general,,2018,70,US
KG-005512,5512,Mitsubishi,Mirage G4,car,general,,2019,31,US
KG-005514,5514,Hyundai,Sonata,car,general,,2019,38,US
KG-005515,5515,Volkswagen,Jetta,car,general,,2019,38,US
KG-005516,5516,Infiniti,QX,suv,general,,2012,91,US
KG-005517,5517,Mazda,6,car,general,,2014,41,US
KG-005518,5518,Hyundai,Sonata,car,general,,2013,36,US
KG-005519,5519,Chevrolet,Camaro,car,general,,2016,129,US
KG-005521,5521,Chevrolet,Corvette,car,general,,2016,699,US
KG-005522,5522,Ford,Explorer,suv,general,,2015,60,US
KG-005524,5524,Ford,Mustang,car,general,,2019,90,US
KG-005526,5526,Kia,Telluride,suv,general,,2020,89,US
KG-005528,5528,Ford,Fusion Energi,car,general,,2016,50,US
KG-005529,5529,Chrysler,200,car,general,,2015,55,US
KG-005533,5533,Chevrolet,Sonic,car,general,,2015,40,US
KG-005534,5534,Ford,Fusion,car,general,,2014,40,US
KG-005535,5535,Ford,Mustang,car,general,,2012,62,US
KG-005536,5536,Nissan,Armada,suv,general,,2012,65,US
KG-005551,5551,Honda,Accord,car,general,,2011,35,US
KG-005552,5552,Alfa Romeo,Stelvio,suv,general,,2018,96,US
KG-005553,5553,Dodge,Challenger,car,general,,2011,50,US
KG-005554,5554,Cadillac,SRX,suv,general,,2016,80,US
KG-005556,5556,Chevrolet,Cruze Limited,car,general,,2016,32,US
KG-005557,5557,Hyundai,Accent,car,general,,2016,36,US
KG-005563,5563,Chevrolet,Corvette Stingray,car,general,,2014,199,US
KG-005564,5564,Lincoln,MKS,car,general,,2011,45,US
KG-005565,5565,Ford,Focus,car,general,,2008,28,US
KG-005568,5568,Kia,Rio,car,general,,2016,35,US
KG-005569,5569,Chevrolet,Express,van,general,,2011,62,US
KG-005570,5570,Jeep,Cherokee,suv,general,,2015,69,US
KG-005571,5571,Jeep,Wrangler,suv,general,,2008,66,US
KG-005572,5572,Chevrolet,Suburban,suv,general,,2007,57,US
KG-005573,5573,Volkswagen,Tiguan,suv,general,,2009,36,US
KG-005574,5574,Buick,Enclave,suv,general,,2010,55,US
KG-005576,5576,Honda,Civic,car,general,,2010,39,US
KG-005578,5578,Toyota,Yaris,car,general,,2008,36,US
KG-005579,5579,Hyundai,Genesis,car,general,,2015,67,US
KG-005581,5581,Jeep,Wrangler,suv,general,,2015,78,US
KG-005585,5585,Chevrolet,Express,van,general,,2014,82,US
KG-005586,5586,Volkswagen,Passat,car,general,,2014,69,US
KG-005587,5587,Chevrolet,Traverse,suv,general,,2015,75,US
KG-005593,5593,Nissan,Maxima,car,general,,2017,75,US
KG-005595,5595,Chevrolet,Camaro,car,general,,2017,104,US
KG-005597,5597,Dodge,Durango,suv,general,,2019,115,US
KG-005598,5598,Ford,Transit Wagon,van,general,,2015,122,US
KG-005601,5601,Buick,Regal,car,general,,2011,62,US
KG-005602,5602,Chevrolet,Corvette,car,general,,2005,100,US
KG-005603,5603,Cadillac,SRX,suv,general,,2011,46,US
KG-005605,5605,Toyota,C-HR,suv,general,,2018,67,US
KG-005606,5606,Subaru,Outback,suv,general,,2017,55,US
KG-005607,5607,Subaru,Outback,suv,general,,2015,65,US
KG-005608,5608,Subaru,Outback,suv,general,,2017,79,US
KG-005609,5609,Nissan,Rogue,suv,general,,2018,65,US
KG-005610,5610,Ford,Transit Wagon,van,general,,2015,108,US
KG-005611,5611,Nissan,Rogue,suv,general,,2018,75,US
KG-005612,5612,Jeep,Renegade,suv,general,,2015,54,US
KG-005613,5613,Jeep,Renegade,suv,general,,2015,60,US
KG-005614,5614,Nissan,Juke,car,general,,2013,62,US
KG-005615,5615,Toyota,Avalon Hybrid,car,general,,2014,82,US
KG-005616,5616,Jeep,Renegade,suv,general,,2017,85,US
KG-005617,5617,GMC,Acadia,suv,general,,2013,57,US
KG-005619,5619,Subaru,Outback,suv,general,,2013,50,US
KG-005620,5620,Subaru,Forester,suv,general,,2013,69,US
KG-005622,5622,Jeep,Patriot,suv,general,,2015,75,US
KG-005623,5623,GMC,Terrain,suv,general,,2017,47,US
KG-005624,5624,Honda,Pilot,suv,general,,2010,78,US
KG-005625,5625,GMC,Yukon,suv,general,,2012,67,US
KG-005626,5626,Infiniti,QX60,suv,general,,2014,90,US
KG-005628,5628,Chevrolet,Camaro,car,general,,2017,130,US
KG-005630,5630,Ford,Transit Van,van,general,,2016,130,US
KG-005631,5631,Jeep,Patriot,suv,general,,2015,42,US
KG-005633,5633,Chevrolet,Tahoe,suv,general,,2017,118,US
KG-005634,5634,Chevrolet,Equinox,suv,general,,2013,75,US
KG-005635,5635,Honda,CR-V,suv,general,,2015,85,US
KG-005636,5636,Chevrolet,Tahoe Hybrid,suv,general,,2009,130,US
KG-005637,5637,Chevrolet,Equinox,suv,general,,2008,69,US
KG-005638,5638,GMC,Acadia,suv,general,,2019,89,US
KG-005639,5639,Chevrolet,Express,van,general,,2010,110,US
KG-005640,5640,Honda,Odyssey,minivan,general,,2013,89,US
KG-005641,5641,Chevrolet,Express,van,general,,2017,110,US
KG-005642,5642,Chevrolet,Express,van,general,,2010,110,US
KG-005643,5643,Hyundai,Sonata,car,general,,2019,45,US
KG-005646,5646,Toyota,Sienna,minivan,general,,2012,95,US
KG-005647,5647,Nissan,Rogue,suv,general,,2016,110,US
KG-005649,5649,Chrysler,300,car,general,,2018,133,US
KG-005650,5650,Nissan,Versa,car,general,,2017,35,US
KG-005651,5651,Chevrolet,Corvette,car,general,,2019,130,US
KG-005652,5652,Mazda,3,car,general,,2016,39,US
KG-005653,5653,Ford,Mustang,car,general,,2012,35,US
KG-005655,5655,Toyota,Prius,car,general,,2008,32,US
KG-005657,5657,Honda,Fit,car,general,,2009,37,US
KG-005658,5658,Ford,Mustang,car,general,,2016,58,US
KG-005661,5661,Lincoln,Town Car,car,general,,2009,30,US
KG-005662,5662,Ford,Mustang,car,general,,2016,60,US
KG-005664,5664,Jeep,Wrangler,suv,general,,2016,54,US
KG-005665,5665,Honda,Pilot,suv,general,,2016,59,US
KG-005666,5666,Jeep,Wrangler Unlimited,suv,general,,2019,100,US
KG-005667,5667,FIAT,124 Spider,car,general,,2018,49,US
KG-005668,5668,Jeep,Wrangler Unlimited,suv,general,,2019,100,US
KG-005670,5670,Acura,MDX,suv,general,,2014,65,US
KG-005671,5671,Honda,Odyssey,minivan,general,,2018,59,US
KG-005672,5672,Jeep,Wrangler,suv,general,,2018,100,US
KG-005673,5673,Acura,RDX,suv,general,,2019,50,US
KG-005674,5674,Jeep,Wrangler Unlimited,suv,general,,2019,92,US
KG-005675,5675,Acura,MDX,suv,general,,2019,60,US
KG-005676,5676,Toyota,Prius v,car,general,,2014,30,US
KG-005677,5677,Jeep,Grand Cherokee,suv,general,,2011,45,US
KG-005678,5678,Chevrolet,Camaro,car,general,,2018,64,US
KG-005679,5679,Jeep,Wrangler,suv,general,,2012,64,US
KG-005680,5680,Honda,Odyssey,minivan,general,,2011,70,US
KG-005682,5682,Jeep,Wrangler Unlimited,suv,general,,2019,94,US
KG-005683,5683,Chevrolet,Camaro,car,general,,2018,75,US
KG-005684,5684,Ford,Mustang,car,general,,2015,55,US
KG-005685,5685,Chevrolet,Camaro,car,general,,2015,45,US
KG-005686,5686,Volkswagen,Van,car,general,,1972,39,US
KG-005687,5687,Toyota,Prius,car,general,,2012,29,US
KG-005688,5688,Jeep,Wrangler,suv,general,,2011,79,US
KG-005692,5692,Ford,Mustang,car,general,,2017,51,US
KG-005693,5693,Dodge,Durango,suv,general,,2015,64,US
KG-005694,5694,Ford,Explorer,suv,general,,2013,63,US
KG-005696,5696,Chevrolet,Corvette,car,general,,2015,119,US
KG-005698,5698,Toyota,Prius,car,general,,2008,54,US
KG-005699,5699,Chevrolet,Corvette,car,general,,2019,140,US
KG-005700,5700,Ford,Mustang,car,general,,2019,59,US
KG-005702,5702,Hyundai,Accent,car,general,,2017,40,US
KG-005704,5704,Ford,Mustang,car,general,,2017,50,US
KG-005705,5705,Chevrolet,Traverse,suv,general,,2011,75,US
KG-005706,5706,Chevrolet,Tahoe,suv,general,,2015,79,US
KG-005707,5707,Jeep,Wrangler,suv,general,,2006,65,US
KG-005709,5709,Jeep,Wrangler,suv,general,,2016,65,US
KG-005710,5710,Ford,Mustang,car,general,,2015,50,US
KG-005711,5711,Jeep,Wrangler,suv,general,,2018,100,US
KG-005712,5712,Buick,Regal,car,general,,2011,50,US
KG-005713,5713,Jeep,Wrangler,suv,general,,2010,75,US
KG-005718,5718,Ford,Explorer,suv,general,,2017,49,US
KG-005719,5719,Jeep,Wrangler Unlimited,suv,general,,2019,83,US
KG-005720,5720,Ford,Mustang,car,general,,2019,52,US
KG-005721,5721,Nissan,Rogue,suv,general,,2014,44,US
KG-005722,5722,Jeep,Wrangler Unlimited,suv,general,,2019,83,US
KG-005724,5724,Nissan,Sentra,car,general,,2016,40,US
KG-005725,5725,Jeep,Wrangler,suv,general,,2017,78,US
KG-005726,5726,FIAT,500,car,general,,2012,54,US
KG-005727,5727,Acura,TLX,car,general,,2015,40,US
KG-005728,5728,Toyota,Corolla,car,general,,2016,40,US
KG-005729,5729,Chevrolet,Express,van,general,,2015,79,US
KG-005730,5730,Subaru,Forester,car,general,,2019,54,US
KG-005734,5734,Dodge,Grand Caravan,minivan,general,,2017,60,US
KG-005736,5736,Chevrolet,Corvette,car,general,,2020,299,US
KG-005737,5737,Jeep,Wrangler,suv,general,,2014,54,US
KG-005738,5738,Jeep,Wrangler,suv,general,,2008,62,US
KG-005739,5739,Mazda,CX-5,suv,general,,2017,48,US
KG-005740,5740,MINI,Cooper,car,general,,2013,49,US
KG-005741,5741,Jeep,Wrangler,suv,general,,2011,40,US
KG-005742,5742,Ford,Mustang,car,general,,2015,56,US
KG-005743,5743,Nissan,Rogue,suv,general,,2017,48,US
KG-005744,5744,Jeep,Wrangler,suv,general,,2010,75,US
KG-005745,5745,Cadillac,Escalade ESV,suv,general,,2017,125,US
KG-005747,5747,Jeep,Wrangler,suv,general,,2019,59,US
KG-005748,5748,Nissan,Versa Note,car,general,,2018,44,US
KG-005749,5749,Nissan,Versa,car,general,,2019,40,US
KG-005750,5750,Ford,Mustang,car,general,,1969,175,US
KG-005751,5751,Ford,Mustang,car,general,,2017,52,US
KG-005752,5752,Chevrolet,Corvette,car,general,,2015,120,US
KG-005753,5753,Jeep,Wrangler,suv,general,,2017,65,US
KG-005754,5754,Volkswagen,Jetta,car,general,,2014,38,US
KG-005755,5755,Volkswagen,Eos,car,general,,2012,60,US
KG-005756,5756,Toyota,FJ Cruiser,suv,general,,2008,55,US
KG-005757,5757,Toyota,Camry,car,general,,2007,44,US
KG-005758,5758,Ford,Mustang,car,general,,2018,79,US
KG-005759,5759,smart,fortwo,car,general,,2009,52,US
KG-005761,5761,Acura,NSX,car,general,,2017,399,US
KG-005764,5764,Toyota,FJ Cruiser,suv,general,,2013,50,US
KG-005765,5765,Toyota,Sienna,minivan,general,,2017,51,US
KG-005766,5766,Ford,Expedition,suv,general,,2014,75,US
KG-005767,5767,Dodge,Durango,suv,general,,2011,60,US
KG-005768,5768,Jeep,Wrangler,suv,general,,2008,65,US
KG-005769,5769,Ford,Mustang,car,general,,2016,76,US
KG-005770,5770,Jeep,Wrangler,suv,general,,2014,82,US
KG-005771,5771,Honda,Odyssey,minivan,general,,2019,66,US
KG-005772,5772,Ford,Mustang,car,general,,2016,59,US
KG-005774,5774,Honda,Odyssey,minivan,general,,2011,68,US
KG-005776,5776,Jeep,Wrangler,suv,general,,2018,70,US
KG-005777,5777,Subaru,Impreza,car,general,,2016,33,US
KG-005778,5778,Scion,FR-S,car,general,,2013,34,US
KG-005782,5782,Jeep,Wrangler,suv,general,,2011,45,US
KG-005783,5783,Toyota,Corolla,car,general,,2007,40,US
KG-005785,5785,Nissan,Leaf,car,general,,2015,50,US
KG-005787,5787,Kia,Sportage,suv,general,,2014,50,US
KG-005788,5788,Toyota,Camry,car,general,,2012,48,US
KG-005790,5790,Jeep,Wrangler,suv,general,,2015,54,US
KG-005791,5791,Honda,Civic,car,general,,2014,42,US
KG-005792,5792,Volkswagen,Tiguan,suv,general,,2019,60,US
KG-005794,5794,Volkswagen,Beetle,car,general,,2013,50,US
KG-005796,5796,Jeep,Wrangler,suv,general,,2016,74,US
KG-005798,5798,Honda,CR-V,suv,general,,2019,70,US
KG-005799,5799,Honda,CR-V,suv,general,,2019,55,US
KG-005800,5800,Ford,Focus,car,general,,2013,38,US
KG-005801,5801,Chevrolet,Camaro,car,general,,2019,85,US
KG-005802,5802,Chrysler,300,car,general,,2016,85,US
KG-005803,5803,Toyota,Prius,car,general,,2006,40,US
KG-005804,5804,Toyota,Sienna,minivan,general,,2006,45,US
KG-005807,5807,Chevrolet,Cruze,car,general,,2016,25,US
KG-005808,5808,Honda,Fit,car,general,,2015,40,US
KG-005809,5809,Dodge,Grand Caravan,minivan,general,,2008,28,US
KG-005810,5810,Chrysler,Pacifica,minivan,general,,2018,50,US
KG-005812,5812,HUMMER,H2,suv,general,,2008,125,US
KG-005813,5813,Jeep,Wrangler,suv,general,,2013,85,US
KG-005814,5814,Nissan,Rogue,suv,general,,2011,31,US
KG-005815,5815,Toyota,Corolla,car,general,,2015,35,US
KG-005816,5816,Honda,Odyssey,minivan,general,,2014,141,US
KG-005817,5817,Ford,Fusion,car,general,,2016,35,US
KG-005822,5822,Toyota,Sienna,minivan,general,,2008,49,US
KG-005823,5823,Honda,Odyssey,minivan,general,,2008,36,US
KG-005824,5824,Ford,C-Max Hybrid,car,general,,2015,55,US
KG-005825,5825,Nissan,Leaf,car,general,,2018,53,US
KG-005826,5826,Chevrolet,Camaro,car,general,,2018,60,US
KG-005829,5829,Dodge,Charger,car,general,,2012,46,US
KG-005830,5830,MINI,Cooper Coupe,car,general,,2014,62,US
KG-005831,5831,Honda,Accord Sedan,car,general,,2019,48,US
KG-005832,5832,Jeep,Patriot,suv,general,,2012,35,US
KG-005833,5833,Dodge,Grand Caravan,minivan,general,,2013,54,US
KG-005834,5834,Jeep,Wrangler,suv,general,,2015,65,US
KG-005835,5835,Mazda,MX-5 Miata,car,general,,2008,60,US
KG-005836,5836,Nissan,Rogue,suv,general,,2016,65,US
KG-005837,5837,Jeep,Cherokee,suv,general,,2015,35,US
KG-005838,5838,Ford,Transit Van,van,general,,2015,77,US
KG-005839,5839,Ford,Transit Van,van,general,,2015,77,US
KG-005840,5840,Ford,Mustang,car,general,,2016,55,US
KG-005842,5842,Acura,RDX,suv,general,,2008,51,US
KG-005843,5843,Ford,Transit Van,van,general,,2015,69,US
KG-005845,5845,Nissan,Rogue,suv,general,,2014,50,US
KG-005846,5846,Chevrolet,Cruze,car,general,,2017,33,US
KG-005848,5848,smart,fortwo,car,general,,2013,35,US
KG-005849,5849,GMC,Savana,van,general,,2015,77,US
KG-005850,5850,smart,fortwo,car,general,,2013,35,US
KG-000000,0,Tesla,Model X,suv,electric_luxury,excluded_electric_brand,2019,135,US
KG-000001,1,Tesla,Model X,suv,electric_luxury,excluded_electric_brand,2018,190,US
KG-000005,5,Mercedes-Benz,GL-Class,suv,luxury,excluded_luxury_or_exotic_brand,2012,58,US
KG-000010,10,Ford,F-150,truck,commercial,excluded_truck_category,2012,75,US
KG-000017,17,Porsche,Cayman,car,luxury,excluded_luxury_or_exotic_brand,2007,116,US
KG-000022,22,Tesla,Model S,car,electric_luxury,excluded_electric_brand,2015,171,US
KG-000031,31,Mercedes-Benz,GLC-Class,suv,luxury,excluded_luxury_or_exotic_brand,2016,87,US
KG-000034,34,Lexus,ES 300h,car,luxury,excluded_luxury_or_exotic_brand,2015,130,US
KG-000036,36,Lexus,IS 350,car,luxury,excluded_luxury_or_exotic_brand,2015,85,US
KG-000038,38,Land Rover,Range Rover,suv,luxury,excluded_luxury_or_exotic_brand,2016,144,US
KG-000039,39,Tesla,Model 3,car,electric_luxury,excluded_electric_brand,2020,146,US
KG-000040,40,Porsche,718 Boxster,car,luxury,excluded_luxury_or_exotic_brand,2017,125,US
KG-000041,41,Mercedes-Benz,S-Class,car,luxury,excluded_luxury_or_exotic_brand,2015,175,US
KG-000042,42,BMW,7 Series,car,luxury,excluded_luxury_or_exotic_brand,2018,200,US
KG-000043,43,Mercedes-benz,C-Class,car,luxury,excluded_luxury_or_exotic_brand,2019,98,US
KG-000044,44,BMW,4 Series,car,luxury,excluded_luxury_or_exotic_brand,2018,96,US
KG-000045,45,Porsche,Panamera,car,luxury,excluded_luxury_or_exotic_brand,2011,150,US
KG-000046,46,Mercedes-Benz,GLA-Class,suv,luxury,excluded_luxury_or_exotic_brand,2017,99,US
KG-000049,49,Tesla,Model 3,car,electric_luxury,excluded_electric_brand,2018,134,US
KG-000051,51,Audi,A8,car,luxury,excluded_luxury_or_exotic_brand,2015,130,US
KG-000053,53,Audi,A7,car,luxury,excluded_luxury_or_exotic_brand,2017,112,US
KG-000054,54,Audi,RS 7,car,luxury,excluded_luxury_or_exotic_brand,2014,209,US
KG-000056,56,Jaguar,XJ,car,luxury,excluded_luxury_or_exotic_brand,2016,129,US
KG-000057,57,Tesla,Model S,car,electric_luxury,excluded_electric_brand,2018,159,US
KG-000058,58,Mercedes-Benz,C-Class,car,luxury,excluded_luxury_or_exotic_brand,2015,84,US
KG-000060,60,Mercedes-Benz,S-Class,car,luxury,excluded_luxury_or_exotic_brand,2016,189,US
KG-000062,62,Land Rover,Range Rover Sport,suv,luxury,excluded_luxury_or_exotic_brand,2014,150,US
KG-000063,63,Maserati,Quattroporte,car,luxury,excluded_luxury_or_exotic_brand,2016,125,US
KG-000066,66,Porsche,Boxster,car,luxury,excluded_luxury_or_exotic_brand,2014,160,US
KG-000067,67,Tesla,Model 3,car,electric_luxury,excluded_electric_brand,2019,175,US
KG-000068,68,Porsche,Cayenne,suv,luxury,excluded_luxury_or_exotic_brand,2014,89,US
KG-000070,70,Land Rover,Range Rover Sport,suv,luxury,excluded_luxury_or_exotic_brand,2016,136,US
KG-000073,73,Mercedes-Benz,E-Class,car,luxury,excluded_luxury_or_exotic_brand,2016,90,US
KG-000076,76,BMW,Z4,car,luxury,excluded_luxury_or_exotic_brand,2008,78,US
KG-000078,78,Land Rover,Range Rover Evoque,suv,luxury,excluded_luxury_or_exotic_brand,2015,85,US
KG-000079,79,BMW,X4,suv,luxury,excluded_luxury_or_exotic_brand,2018,98,US
KG-000081,81,Tesla,Model 3,car,electric_luxury,excluded_electric_brand,2020,150,US
KG-000082,82,BMW,6 Series Gran Coupe,car,luxury,excluded_luxury_or_exotic_brand,2013,149,US
KG-000083,83,BMW,M4,car,luxury,excluded_luxury_or_exotic_brand,2015,195,US
KG-000084,84,Mercedes-Benz,C-Class,car,luxury,excluded_luxury_or_exotic_brand,2016,130,US
KG-000085,85,Tesla,Model X,suv,electric_luxury,excluded_electric_brand,2018,209,US
KG-000086,86,Maserati,Ghibli,car,luxury,excluded_luxury_or_exotic_brand,2015,123,US
KG-000087,87,Mercedes-Benz,GLA-Class,suv,luxury,excluded_luxury_or_exotic_brand,2015,70,US
KG-000088,88,Maserati,Ghibli,car,luxury,excluded_luxury_or_exotic_brand,2015,250,US
KG-000090,90,Mercedes-Benz,C-Class,car,luxury,excluded_luxury_or_exotic_brand,2016,65,US
KG-000091,91,BMW,M4,car,luxury,excluded_luxury_or_exotic_brand,2016,180,US
KG-000092,92,Tesla,Model 3,car,electric_luxury,excluded_electric_brand,2018,156,US
KG-000093,93,BMW,5 Series,car,luxury,excluded_luxury_or_exotic_brand,2011,64,US
KG-000094,94,Tesla,Model X,suv,electric_luxury,excluded_electric_brand,2016,245,US
KG-000095,95,BMW,i8,car,luxury,excluded_luxury_or_exotic_brand,2015,299,US
KG-000096,96,Mercedes-Benz,E-Class,car,luxury,excluded_luxury_or_exotic_brand,2017,98,US
KG-000097,97,Land Rover,Range Rover Sport,suv,luxury,excluded_luxury_or_exotic_brand,2018,140,US
KG-000100,100,Mercedes-Benz,AMG GT,car,luxury,excluded_luxury_or_exotic_brand,2016,300,US
KG-000103,103,Maserati,Ghibli,car,luxury,excluded_luxury_or_exotic_brand,2015,135,US
KG-000104,104,BMW,X6,suv,luxury,excluded_luxury_or_exotic_brand,2018,150,US
KG-000105,105,Mercedes-Benz,SLK-Class,car,luxury,excluded_luxury_or_exotic_brand,2013,90,US
KG-000106,106,Tesla,Model 3,car,electric_luxury,excluded_electric_brand,2020,138,US
KG-000107,107,Land Rover,Range Rover Velar,suv,luxury,excluded_luxury_or_exotic_brand,2019,150,US
KG-000108,108,Bentley,Continental GT,car,luxury,excluded_luxury_or_exotic_brand,2005,385,US
KG-000109,109,Porsche,Panamera,car,luxury,excluded_luxury_or_exotic_brand,2018,250,US
KG-000110,110,Tesla,Model X,suv,electric_luxury,excluded_electric_brand,2016,150,US
KG-000111,111,Porsche,Cayenne,suv,luxury,excluded_luxury_or_exotic_brand,2017,202,US
KG-000112,112,Porsche,718 Cayman,car,luxury,excluded_luxury_or_exotic_brand,2017,135,US
KG-000113,113,Tesla,Model 3,car,electric_luxury,excluded_electric_brand,2019,151,US
KG-000114,114,Porsche,Cayenne,suv,luxury,excluded_luxury_or_exotic_brand,2011,110,US
KG-000115,115,Jaguar,F-TYPE,car,luxury,excluded_luxury_or_exotic_brand,2016,300,US
KG-000118,118,Audi,TTS,car,luxury,excluded_luxury_or_exotic_brand,2017,150,US
KG-000119,119,BMW,X4,suv,luxury,excluded_luxury_or_exotic_brand,2017,60,US
KG-000121,121,Mercedes-Benz,C-Class,car,luxury,excluded_luxury_or_exotic_brand,2016,82,US
KG-000123,123,Tesla,Model 3,car,electric_luxury,excluded_electric_brand,2019,147,US
KG-000126,126,Porsche,Boxster,car,luxury,excluded_luxury_or_exotic_brand,2015,139,US
KG-000127,127,Tesla,Model 3,car,electric_luxury,excluded_electric_brand,2019,149,US
KG-000130,130,Porsche,Panamera,car,luxury,excluded_luxury_or_exotic_brand,2016,165,US
KG-000131,131,Land Rover,Range Rover,suv,luxury,excluded_luxury_or_exotic_brand,2016,211,US
KG-000132,132,BMW,4 Series,car,luxury,excluded_luxury_or_exotic_brand,2014,120,US
KG-000133,133,Lexus,IS 200t,car,luxury,excluded_luxury_or_exotic_brand,2016,99,US
KG-000136,136,Maserati,Ghibli,car,luxury,excluded_luxury_or_exotic_brand,2017,200,US
KG-000137,137,Jaguar,F-TYPE,car,luxury,excluded_luxury_or_exotic_brand,2014,386,US
KG-000138,138,BMW,4 Series,car,luxury,excluded_luxury_or_exotic_brand,2015,94,US
KG-000140,140,Audi,A7,car,luxury,excluded_luxury_or_exotic_brand,2017,137,US
KG-000142,142,Maserati,Ghibli,car,luxury,excluded_luxury_or_exotic_brand,2017,160,US
KG-000143,143,Audi,Q7,suv,luxury,excluded_luxury_or_exotic_brand,2015,108,US
KG-000146,146,Tesla,Model S,car,electric_luxury,excluded_electric_brand,2015,167,US
KG-000149,149,Maserati,Ghibli,car,luxury,excluded_luxury_or_exotic_brand,2015,130,US
KG-000150,150,Tesla,Model S,car,electric_luxury,excluded_electric_brand,2013,115,US
KG-000153,153,Tesla,Model X,suv,electric_luxury,excluded_electric_brand,2017,350,US
KG-000154,154,Mercedes-Benz,S-Class,car,luxury,excluded_luxury_or_exotic_brand,2014,200,US
KG-000155,155,Tesla,Model 3,car,electric_luxury,excluded_electric_brand,2018,179,US
KG-000158,158,Porsche,Cayenne,suv,luxury,excluded_luxury_or_exotic_brand,2017,172,US
KG-000159,159,Chevrolet,Silverado 1500,truck,commercial,excluded_truck_category,2017,150,US
KG-000160,160,Tesla,Model 3,car,electric_luxury,excluded_electric_brand,2020,149,US
KG-000162,162,Porsche,Macan,suv,luxury,excluded_luxury_or_exotic_brand,2017,120,US
KG-000166,166,Porsche,Boxster,car,luxury,excluded_luxury_or_exotic_brand,2015,149,US
KG-000167,167,Lexus,IS,car,luxury,excluded_luxury_or_exotic_brand,2020,80,US
KG-000169,169,Mercedes-Benz,CLS-Class,car,luxury,excluded_luxury_or_exotic_brand,2016,120,US
KG-000179,179,BMW,i8,car,luxury,excluded_luxury_or_exotic_brand,2016,600,US
KG-000180,180,Land Rover,Range Rover Velar,suv,luxury,excluded_luxury_or_exotic_brand,2018,199,US
KG-000181,181,Tesla,Model 3,car,electric_luxury,excluded_electric_brand,2020,265,US
KG-000182,182,Tesla,Model 3,car,electric_luxury,excluded_electric_brand,2020,200,US
KG-000183,183,Tesla,Model S,car,electric_luxury,excluded_electric_brand,2013,120,US
KG-000185,185,Mercedes-Benz,E-Class,car,luxury,excluded_luxury_or_exotic_brand,2016,85,US
KG-000186,186,BMW,X5,suv,luxury,excluded_luxury_or_exotic_brand,2009,57,US
KG-000188,188,Polaris,Slingshot,car,non_passenger,excluded_non_passenger_vehicle,2017,226,US
KG-000192,192,Mercedes-Benz,E-Class,car,luxury,excluded_luxury_or_exotic_brand,2014,153,US
KG-000194,194,Maserati,Levante,suv,luxury,excluded_luxury_or_exotic_brand,2020,269,US
KG-000195,195,Mercedes-Benz,E-Class,car,luxury,excluded_luxury_or_exotic_brand,2012,129,US
KG-000198,198,BMW,X5,suv,luxury,excluded_luxury_or_exotic_brand,2015,150,US
KG-000201,201,BMW,3 Series,car,luxury,excluded_luxury_or_exotic_brand,2011,47,US
KG-000207,207,BMW,X4,suv,luxury,excluded_luxury_or_exotic_brand,2020,140,US
KG-000209,209,Lexus,HS 250h,car,luxury,excluded_luxury_or_exotic_brand,2010,64,US
KG-000210,210,Audi,A4,car,luxury,excluded_luxury_or_exotic_brand,2012,70,US
KG-000215,215,Mercedes-Benz,CLA-Class,car,luxury,excluded_luxury_or_exotic_brand,2018,132,US
KG-000220,220,Lexus,IS 250,car,luxury,excluded_luxury_or_exotic_brand,2015,90,US
KG-000222,222,Tesla,Model X,suv,electric_luxury,excluded_electric_brand,2019,800,US
KG-000223,223,Land Rover,Range Rover,suv,luxury,excluded_luxury_or_exotic_brand,2020,299,US
KG-000224,224,Audi,A8,car,luxury,excluded_luxury_or_exotic_brand,2015,216,US
KG-000225,225,BMW,4 Series Gran Coupe,car,luxury,excluded_luxury_or_exotic_brand,2016,99,US
KG-000227,227,Ford,F-150,truck,commercial,excluded_truck_category,2019,125,US
KG-000231,231,Lexus,IS 250,car,luxury,excluded_luxury_or_exotic_brand,2015,90,US
KG-000234,234,Lexus,IS 250,car,luxury,excluded_luxury_or_exotic_brand,2014,103,US
KG-000242,242,Lexus,HS 250h,car,luxury,excluded_luxury_or_exotic_brand,2011,35,US
KG-000247,247,Lexus,CT 200h,car,luxury,excluded_luxury_or_exotic_brand,2012,41,US
KG-000248,248,BMW,5 Series,car,luxury,excluded_luxury_or_exotic_brand,2016,58,US
KG-000249,249,BMW,3 Series,car,luxury,excluded_luxury_or_exotic_brand,2011,42,US
KG-000250,250,Mercedes-Benz,C-Class,car,luxury,excluded_luxury_or_exotic_brand,2009,43,US
KG-000252,252,BMW,3 Series,car,luxury,excluded_luxury_or_exotic_brand,2016,49,US
KG-000253,253,Mercedes-Benz,CLA-Class,car,luxury,excluded_luxury_or_exotic_brand,2015,59,US
KG-000254,254,Lexus,CT 200h,car,luxury,excluded_luxury_or_exotic_brand,2012,38,US
KG-000255,255,BMW,X1,suv,luxury,excluded_luxury_or_exotic_brand,2013,43,US
KG-000256,256,BMW,3 Series,car,luxury,excluded_luxury_or_exotic_brand,2009,43,US
KG-000257,257,Mercedes-Benz,CLA-Class,car,luxury,excluded_luxury_or_exotic_brand,2017,58,US
KG-000262,262,GMC,Sierra 1500,truck,commercial,excluded_truck_category,2016,89,US
KG-000264,264,Tesla,Model X,suv,electric_luxury,excluded_electric_brand,2017,175,US
KG-000266,266,BMW,5 Series,car,luxury,excluded_luxury_or_exotic_brand,2018,107,US
KG-000267,267,Porsche,Boxster,car,luxury,excluded_luxury_or_exotic_brand,2014,105,US
KG-000268,268,Mercedes-Benz,CLA-Class,car,luxury,excluded_luxury_or_exotic_brand,2018,80,US
KG-000269,269,Mercedes-benz,GLC-Class,suv,luxury,excluded_luxury_or_exotic_brand,2019,69,US
KG-000272,272,BMW,4 Series,car,luxury,excluded_luxury_or_exotic_brand,2018,55,US
KG-000273,273,Mercedes-Benz,C-Class,car,luxury,excluded_luxury_or_exotic_brand,2016,70,US
KG-000274,274,Land Rover,Range Rover Evoque,suv,luxury,excluded_luxury_or_exotic_brand,2015,56,US
KG-000277,277,Mercedes-Benz,CLA-Class,car,luxury,excluded_luxury_or_exotic_brand,2017,80,US
KG-000278,278,Tesla,Model 3,car,electric_luxury,excluded_electric_brand,2020,121,US
KG-000279,279,Tesla,Model 3,car,electric_luxury,excluded_electric_brand,2020,70,US
KG-000281,281,Mercedes-Benz,SL-Class,car,luxury,excluded_luxury_or_exotic_brand,2017,135,US
KG-000282,282,Audi,S5,car,luxury,excluded_luxury_or_exotic_brand,2015,75,US
KG-000283,283,Tesla,Model S,car,electric_luxury,excluded_electric_brand,2018,199,US
KG-000285,285,BMW,M4,car,luxury,excluded_luxury_or_exotic_brand,2016,175,US
KG-000288,288,Polaris,Slingshot,car,non_passenger,excluded_non_passenger_vehicle,2019,96,US
KG-000292,292,Mercedes-benz,GLC-Class,suv,luxury,excluded_luxury_or_exotic_brand,2019,95,US
KG-000294,294,Tesla,Model 3,car,electric_luxury,excluded_electric_brand,2018,99,US
KG-000295,295,Tesla,Model Y,suv,electric_luxury,excluded_electric_brand,2020,250,US
KG-000296,296,Porsche,Cayenne,suv,luxury,excluded_luxury_or_exotic_brand,2014,99,US
KG-000297,297,BMW,5 Series,car,luxury,excluded_luxury_or_exotic_brand,2014,85,US
KG-000298,298,Mercedes-benz,C-Class,car,luxury,excluded_luxury_or_exotic_brand,2019,66,US
KG-000299,299,Mercedes-Benz,E-Class,car,luxury,excluded_luxury_or_exotic_brand,2017,79,US
KG-000301,301,Tesla,Model 3,car,electric_luxury,excluded_electric_brand,2019,84,US
KG-000302,302,Land Rover,Range Rover Sport,suv,luxury,excluded_luxury_or_exotic_brand,2020,169,US
KG-000303,303,Audi,TTS,car,luxury,excluded_luxury_or_exotic_brand,2010,65,US
KG-000305,305,Lexus,ES 350,car,luxury,excluded_luxury_or_exotic_brand,2009,29,US
KG-000309,309,BMW,X6,suv,luxury,excluded_luxury_or_exotic_brand,2016,89,US
KG-000310,310,Maserati,Ghibli,car,luxury,excluded_luxury_or_exotic_brand,2019,230,US
KG-000315,315,Tesla,Model 3,car,electric_luxury,excluded_electric_brand,2018,100,US
KG-000316,316,Honda,Ridgeline,truck,commercial,excluded_truck_category,2014,62,US
KG-000317,317,Ford,F-150,truck,commercial,excluded_truck_category,2014,60,US
KG-000319,319,Mercedes-Benz,S-Class,car,luxury,excluded_luxury_or_exotic_brand,2013,120,US
KG-000320,320,Tesla,Model 3,car,electric_luxury,excluded_electric_brand,2020,99,US
KG-000321,321,Tesla,Model X,suv,electric_luxury,excluded_electric_brand,2018,475,US
KG-000322,322,BMW,X5,suv,luxury,excluded_luxury_or_exotic_brand,2012,64,US
KG-000324,324,Mercedes-Benz,GL-Class,suv,luxury,excluded_luxury_or_exotic_brand,2012,79,US
KG-000327,327,Mercedes-Benz,Metris,minivan,luxury,excluded_luxury_or_exotic_brand,2018,99,US
KG-000329,329,Audi,A6,car,luxury,excluded_luxury_or_exotic_brand,2018,90,US
KG-000333,333,Lexus,GS 350,car,luxury,excluded_luxury_or_exotic_brand,2013,43,US
KG-000337,337,Mercedes-benz,C-Class,car,luxury,excluded_luxury_or_exotic_brand,2019,175,US
KG-000341,341,Audi,E-Tron,suv,luxury,excluded_luxury_or_exotic_brand,2019,369,US
KG-000345,345,Audi,A4,car,luxury,excluded_luxury_or_exotic_brand,2016,39,US
KG-000351,351,Toyota,Tacoma,truck,commercial,excluded_truck_category,2018,99,US
KG-000357,357,Audi,A5,car,luxury,excluded_luxury_or_exotic_brand,2018,89,US
KG-000361,361,Lexus,NX 200t,suv,luxury,excluded_luxury_or_exotic_brand,2015,65,US
KG-000362,362,Land Rover,Range Rover Sport,suv,luxury,excluded_luxury_or_exotic_brand,2018,149,US
KG-000363,363,BMW,5 Series,car,luxury,excluded_luxury_or_exotic_brand,2012,150,US
KG-000371,371,Lexus,CT 200h,car,luxury,excluded_luxury_or_exotic_brand,2015,62,US
KG-000384,384,Lexus,RX 350,suv,luxury,excluded_luxury_or_exotic_brand,2014,38,US
KG-000390,390,Nissan,Frontier,truck,commercial,excluded_truck_category,2015,31,US
KG-000391,391,Ford,F-150,truck,commercial,excluded_truck_category,2014,35,US
KG-000394,394,Lexus,ES 330,car,luxury,excluded_luxury_or_exotic_brand,2006,29,US
KG-000411,411,Tesla,Model S,car,electric_luxury,excluded_electric_brand,2014,229,US
KG-000417,417,Polaris,Slingshot,car,non_passenger,excluded_non_passenger_vehicle,2020,229,US
KG-000419,419,Chevrolet,Colorado,truck,commercial,excluded_truck_category,2015,65,US
KG-000421,421,Rolls Royce,Silver Shadow,car,luxury,excluded_luxury_or_exotic_brand,1976,700,US
KG-000422,422,Lexus,RX 350,suv,luxury,excluded_luxury_or_exotic_brand,2010,64,US
KG-000424,424,Tesla,Model 3,car,electric_luxury,excluded_electric_brand,2018,199,US
KG-000425,425,Audi,A5,car,luxury,excluded_luxury_or_exotic_brand,2018,150,US
KG-000426,426,Mercedes-Benz,E-Class,car,luxury,excluded_luxury_or_exotic_brand,2011,69,US
KG-000427,427,Toyota,Tundra,truck,commercial,excluded_truck_category,2015,99,US
KG-000429,429,Jaguar,XE,car,luxury,excluded_luxury_or_exotic_brand,2018,90,US
KG-000431,431,Lamborghini,Gallardo,car,luxury,excluded_luxury_or_exotic_brand,2007,999,US
KG-000435,435,Land Rover,Range Rover,suv,luxury,excluded_luxury_or_exotic_brand,2019,400,US
KG-000437,437,Nissan,Frontier,truck,commercial,excluded_truck_category,2017,62,US
KG-000438,438,Lexus,RX 350,suv,luxury,excluded_luxury_or_exotic_brand,2017,142,US
KG-000439,439,Mercedes-Benz,C-Class,car,luxury,excluded_luxury_or_exotic_brand,2014,127,US
KG-000460,460,BMW,5 Series,car,luxury,excluded_luxury_or_exotic_brand,2012,95,US
KG-000461,461,BMW,3 Series,car,luxury,excluded_luxury_or_exotic_brand,2016,74,US
KG-000467,467,BMW,I8,car,luxury,excluded_luxury_or_exotic_brand,2019,695,US
KG-000468,468,Lexus,RX 350,suv,luxury,excluded_luxury_or_exotic_brand,2008,43,US
KG-000477,477,BMW,3 Series,car,luxury,excluded_luxury_or_exotic_brand,2015,49,US
KG-000480,480,Ram,1500,truck,commercial,excluded_truck_category,2017,54,US
KG-000481,481,Land Rover,Range Rover,suv,luxury,excluded_luxury_or_exotic_brand,2015,194,US
KG-000483,483,Tesla,Model S,car,electric_luxury,excluded_electric_brand,2017,198,US
KG-000485,485,Tesla,Model 3,car,electric_luxury,excluded_electric_brand,2019,109,US
KG-000487,487,BMW,M3,car,luxury,excluded_luxury_or_exotic_brand,2011,115,US
KG-000489,489,Tesla,Model 3,car,electric_luxury,excluded_electric_brand,2018,172,US
KG-000491,491,Lexus,GX 460,suv,luxury,excluded_luxury_or_exotic_brand,2018,94,US
KG-000492,492,BMW,X5,suv,luxury,excluded_luxury_or_exotic_brand,2015,90,US
KG-000494,494,BMW,2 Series,car,luxury,excluded_luxury_or_exotic_brand,2016,79,US
KG-000495,495,Tesla,Model S,car,electric_luxury,excluded_electric_brand,2017,153,US
KG-000497,497,Tesla,Model 3,car,electric_luxury,excluded_electric_brand,2018,99,US
KG-000499,499,Tesla,Model Y,suv,electric_luxury,excluded_electric_brand,2020,154,US
KG-000508,508,Jaguar,F-TYPE,car,luxury,excluded_luxury_or_exotic_brand,2018,215,US
KG-000509,509,BMW,3 Series,car,luxury,excluded_luxury_or_exotic_brand,2016,80,US
KG-000510,510,BMW,X5,suv,luxury,excluded_luxury_or_exotic_brand,2012,75,US
KG-000513,513,Mercedes-Benz,GLC-Class,suv,luxury,excluded_luxury_or_exotic_brand,2018,99,US
KG-000515,515,Chevrolet,Silverado 1500,truck,commercial,excluded_truck_category,2019,68,US
KG-000516,516,BMW,3 Series,car,luxury,excluded_luxury_or_exotic_brand,2015,75,US
KG-000518,518,Tesla,Model S,car,electric_luxury,excluded_electric_brand,2015,140,US
KG-000519,519,Audi,A4,car,luxury,excluded_luxury_or_exotic_brand,2018,85,US
KG-000520,520,Audi,Q5,suv,luxury,excluded_luxury_or_exotic_brand,2012,75,US
KG-000523,523,BMW,3 Series,car,luxury,excluded_luxury_or_exotic_brand,2011,69,US
KG-000528,528,Polaris,Slingshot,car,non_passenger,excluded_non_passenger_vehicle,2017,204,US
KG-000529,529,BMW,i3,car,luxury,excluded_luxury_or_exotic_brand,2017,60,US
KG-000534,534,Lexus,IS 250 C,car,luxury,excluded_luxury_or_exotic_brand,2010,99,US
KG-000535,535,Porsche,Cayman,car,luxury,excluded_luxury_or_exotic_brand,2016,750,US
KG-000544,544,BMW,3 Series,car,luxury,excluded_luxury_or_exotic_brand,2017,70,US
KG-000554,554,Maserati,Ghibli,car,luxury,excluded_luxury_or_exotic_brand,2016,175,US
KG-000558,558,Audi,Q7,suv,luxury,excluded_luxury_or_exotic_brand,2017,125,US
KG-000559,559,BMW,3 Series,car,luxury,excluded_luxury_or_exotic_brand,2011,45,US
KG-000560,560,Mercedes-Benz,E-Class,car,luxury,excluded_luxury_or_exotic_brand,2017,99,US
KG-000566,566,Chevrolet,Silverado 1500,truck,commercial,excluded_truck_category,2018,82,US
KG-000567,567,Polaris,Slingshot,car,non_passenger,excluded_non_passenger_vehicle,2016,129,US
KG-000572,572,Mercedes-Benz,Sprinter,van,luxury,excluded_luxury_or_exotic_brand,2015,136,US
KG-000573,573,BMW,5 Series,car,luxury,excluded_luxury_or_exotic_brand,2011,125,US
KG-000580,580,Tesla,Model S,car,electric_luxury,excluded_electric_brand,2013,119,US
KG-000582,582,Ford,Ranger,truck,commercial,excluded_truck_category,2019,54,US
KG-000583,583,Tesla,Model 3,car,electric_luxury,excluded_electric_brand,2018,90,US
KG-000584,584,BMW,X5,suv,luxury,excluded_luxury_or_exotic_brand,2016,110,US
KG-000586,586,Tesla,Model 3,car,electric_luxury,excluded_electric_brand,2018,161,US
KG-000587,587,Tesla,Model 3,car,electric_luxury,excluded_electric_brand,2019,168,US
KG-000592,592,Lexus,RX 350,suv,luxury,excluded_luxury_or_exotic_brand,2017,45,US
KG-000594,594,Tesla,Model 3,car,electric_luxury,excluded_electric_brand,2018,125,US
KG-000596,596,BMW,X5 M,suv,luxury,excluded_luxury_or_exotic_brand,2016,200,US
KG-000598,598,Tesla,Model 3,car,electric_luxury,excluded_electric_brand,2018,139,US
KG-000599,599,Mercedes-Benz,CLA-Class,car,luxury,excluded_luxury_or_exotic_brand,2014,90,US
KG-000602,602,BMW,3 Series,car,luxury,excluded_luxury_or_exotic_brand,2016,75,US
KG-000605,605,Tesla,Model 3,car,electric_luxury,excluded_electric_brand,2020,75,US
KG-000607,607,Land Rover,Range Rover Velar,suv,luxury,excluded_luxury_or_exotic_brand,2019,221,US
KG-000611,611,BMW,3 Series Gran Turismo,car,luxury,excluded_luxury_or_exotic_brand,2016,83,US
KG-000615,615,Mercedes-benz,AMG GT,car,luxury,excluded_luxury_or_exotic_brand,2019,600,US
KG-000617,617,Mercedes-Benz,E-Class,car,luxury,excluded_luxury_or_exotic_brand,2012,80,US
KG-000637,637,Land Rover,Range Rover Sport,suv,luxury,excluded_luxury_or_exotic_brand,2016,162,US
KG-000639,639,Tesla,Model 3,car,electric_luxury,excluded_electric_brand,2018,109,US
KG-000640,640,Mercedes-benz,C-Class,car,luxury,excluded_luxury_or_exotic_brand,2019,129,US
KG-000641,641,Tesla,Model S,car,electric_luxury,excluded_electric_brand,2014,150,US
KG-000646,646,Tesla,Model 3,car,electric_luxury,excluded_electric_brand,2019,150,US
KG-000651,651,Mercedes-Benz,G-Class,suv,luxury,excluded_luxury_or_exotic_brand,2017,254,US
KG-000656,656,Tesla,Model 3,car,electric_luxury,excluded_electric_brand,2018,174,US
KG-000657,657,BMW,6 Series,car,luxury,excluded_luxury_or_exotic_brand,2017,140,US
KG-000660,660,Land Rover,Range Rover Evoque,suv,luxury,excluded_luxury_or_exotic_brand,2015,98,US
KG-000661,661,Mercedes-Benz,C-Class,car,luxury,excluded_luxury_or_exotic_brand,2016,75,US
KG-000663,663,Mercedes-Benz,E-Class,car,luxury,excluded_luxury_or_exotic_brand,2017,96,US
KG-000664,664,Mercedes-Benz,C-Class,car,luxury,excluded_luxury_or_exotic_brand,2016,72,US
KG-000665,665,Mercedes-benz,Sprinter,van,luxury,excluded_luxury_or_exotic_brand,2019,180,US
KG-000666,666,Tesla,Model X,suv,electric_luxury,excluded_electric_brand,2017,300,US
KG-000667,667,Audi,Q7,suv,luxury,excluded_luxury_or_exotic_brand,2010,78,US
KG-000669,669,Audi,A3,car,luxury,excluded_luxury_or_exotic_brand,2016,59,US
KG-000672,672,BMW,3 Series,car,luxury,excluded_luxury_or_exotic_brand,2011,50,US
KG-000680,680,Audi,allroad,car,luxury,excluded_luxury_or_exotic_brand,2013,100,US
KG-000682,682,Lexus,RX 350,suv,luxury,excluded_luxury_or_exotic_brand,2009,43,US
KG-000684,684,Porsche,Panamera,car,luxury,excluded_luxury_or_exotic_brand,2014,125,US
KG-000685,685,Tesla,Model X,suv,electric_luxury,excluded_electric_brand,2017,132,US
KG-000686,686,Tesla,Model 3,car,electric_luxury,excluded_electric_brand,2019,119,US
KG-000687,687,Tesla,Model 3,car,electric_luxury,excluded_electric_brand,2018,115,US
KG-000688,688,Porsche,Cayenne,suv,luxury,excluded_luxury_or_exotic_brand,2013,125,US
KG-000689,689,Tesla,Model 3,car,electric_luxury,excluded_electric_brand,2020,179,US
KG-000691,691,Tesla,Model S,car,electric_luxury,excluded_electric_brand,2016,170,US
KG-000692,692,Polaris,Slingshot,car,non_passenger,excluded_non_passenger_vehicle,2020,130,US
KG-000696,696,Mercedes-Benz,GLC-Class,suv,luxury,excluded_luxury_or_exotic_brand,2018,99,US
KG-000698,698,Mercedes-benz,C-Class,car,luxury,excluded_luxury_or_exotic_brand,2019,70,US
KG-000701,701,Lexus,ES 300h,car,luxury,excluded_luxury_or_exotic_brand,2016,97,US
KG-000704,704,Toyota,Tundra,truck,commercial,excluded_truck_category,2014,69,US
KG-000710,710,Tesla,Model 3,car,electric_luxury,excluded_electric_brand,2019,109,US
KG-000716,716,Tesla,Model S,car,electric_luxury,excluded_electric_brand,2014,140,US
KG-000717,717,Tesla,Model 3,car,electric_luxury,excluded_electric_brand,2017,145,US
KG-000718,718,Jeep,Gladiator,truck,commercial,excluded_truck_category,2020,96,US
KG-000720,720,Aston Martin,V12 Vantage S,car,luxury,excluded_luxury_or_exotic_brand,2015,349,US
KG-000721,721,BMW,3 Series,car,luxury,excluded_luxury_or_exotic_brand,2012,54,US
KG-000723,723,Tesla,Model 3,car,electric_luxury,excluded_electric_brand,2019,129,US
KG-000724,724,Mercedes-Benz,C-Class,car,luxury,excluded_luxury_or_exotic_brand,2015,83,US
KG-000725,725,Tesla,Model S,car,electric_luxury,excluded_electric_brand,2014,119,US
KG-000729,729,BMW,X5,suv,luxury,excluded_luxury_or_exotic_brand,2013,85,US
KG-000730,730,BMW,M3,car,luxury,excluded_luxury_or_exotic_brand,2011,123,US
KG-000732,732,Mercedes-Benz,CLS-Class,car,luxury,excluded_luxury_or_exotic_brand,2013,106,US
KG-000735,735,Jaguar,F-TYPE,car,luxury,excluded_luxury_or_exotic_brand,2017,325,US
KG-000736,736,Jaguar,F-TYPE,car,luxury,excluded_luxury_or_exotic_brand,2018,249,US
KG-000741,741,BMW,X5,suv,luxury,excluded_luxury_or_exotic_brand,2016,149,US
KG-000742,742,Lexus,LX 570,suv,luxury,excluded_luxury_or_exotic_brand,2016,199,US
KG-000743,743,Mercedes-benz,GLE-Class,suv,luxury,excluded_luxury_or_exotic_brand,2020,160,US
KG-000744,744,Chevrolet,Silverado 2500HD,truck,commercial,excluded_truck_category,2011,68,US
KG-000745,745,GMC,Sierra 1500,truck,commercial,excluded_truck_category,2015,88,US
KG-000746,746,BMW,5 Series,car,luxury,excluded_luxury_or_exotic_brand,2013,75,US
KG-000750,750,GMC,Sierra 1500,truck,commercial,excluded_truck_category,2016,80,US
KG-000751,751,Audi,A7,car,luxury,excluded_luxury_or_exotic_brand,2016,254,US
KG-000752,752,Chevrolet,Silverado 1500,truck,commercial,excluded_truck_category,2016,75,US
KG-000755,755,Polaris,Slingshot,car,non_passenger,excluded_non_passenger_vehicle,2017,189,US
KG-000756,756,BMW,X1,suv,luxury,excluded_luxury_or_exotic_brand,2017,94,US
KG-000757,757,BMW,3 Series,car,luxury,excluded_luxury_or_exotic_brand,2011,60,US
KG-000762,762,Lexus,NX 200t,suv,luxury,excluded_luxury_or_exotic_brand,2017,84,US
KG-000763,763,BMW,4 Series,car,luxury,excluded_luxury_or_exotic_brand,2018,79,US
KG-000765,765,Polaris,Slingshot,car,non_passenger,excluded_non_passenger_vehicle,2020,175,US
KG-000766,766,BMW,3 Series,car,luxury,excluded_luxury_or_exotic_brand,2018,74,US
KG-000768,768,BMW,3 Series,car,luxury,excluded_luxury_or_exotic_brand,2011,59,US
KG-000773,773,Audi,A6,car,luxury,excluded_luxury_or_exotic_brand,2013,66,US
KG-000776,776,Audi,S4,car,luxury,excluded_luxury_or_exotic_brand,2010,60,US
KG-000777,777,Lexus,ES 300h,car,luxury,excluded_luxury_or_exotic_brand,2013,80,US
KG-000778,778,Lexus,RX 450h,suv,luxury,excluded_luxury_or_exotic_brand,2011,82,US
KG-000782,782,Mercedes-Benz,C-Class,car,luxury,excluded_luxury_or_exotic_brand,2013,49,US
KG-000785,785,Audi,Q5,suv,luxury,excluded_luxury_or_exotic_brand,2011,54,US
KG-000786,786,Maserati,Ghibli,car,luxury,excluded_luxury_or_exotic_brand,2015,189,US
KG-000787,787,Audi,Q5,suv,luxury,excluded_luxury_or_exotic_brand,2010,49,US
KG-000792,792,BMW,3 Series,car,luxury,excluded_luxury_or_exotic_brand,2008,46,US
KG-000795,795,Mercedes-Benz,C-Class,car,luxury,excluded_luxury_or_exotic_brand,2008,48,US
KG-000809,809,Tesla,Model 3,car,electric_luxury,excluded_electric_brand,2018,90,US
KG-000810,810,Tesla,Model S,car,electric_luxury,excluded_electric_brand,2018,205,US
KG-000811,811,Lexus,CT 200h,car,luxury,excluded_luxury_or_exotic_brand,2011,52,US
KG-000812,812,Ram,3500,truck,commercial,excluded_truck_category,2017,59,US
KG-000814,814,Porsche,Panamera,car,luxury,excluded_luxury_or_exotic_brand,2014,172,US
KG-000815,815,Tesla,Model X,suv,electric_luxury,excluded_electric_brand,2019,225,US
KG-000816,816,Tesla,Model 3,car,electric_luxury,excluded_electric_brand,2019,79,US
KG-000817,817,Land Rover,LR4,suv,luxury,excluded_luxury_or_exotic_brand,2014,90,US
KG-000821,821,Mercedes-Benz,C-Class,car,luxury,excluded_luxury_or_exotic_brand,2016,80,US
KG-000822,822,GMC,Sierra 1500,truck,commercial,excluded_truck_category,2015,45,US
KG-000823,823,Tesla,Model 3,car,electric_luxury,excluded_electric_brand,2018,143,US
KG-000826,826,Mercedes-Benz,E-Class,car,luxury,excluded_luxury_or_exotic_brand,2013,59,US
KG-000827,827,Porsche,911,car,luxury,excluded_luxury_or_exotic_brand,2006,245,US
KG-000830,830,Jaguar,F-TYPE,car,luxury,excluded_luxury_or_exotic_brand,2017,196,US
KG-000831,831,BMW,3 Series,car,luxury,excluded_luxury_or_exotic_brand,2011,55,US
KG-000835,835,Mercedes-Benz,CLA-Class,car,luxury,excluded_luxury_or_exotic_brand,2018,90,US
KG-000836,836,Mercedes-Benz,C-Class,car,luxury,excluded_luxury_or_exotic_brand,2016,80,US
KG-000838,838,Polaris,Slingshot,car,non_passenger,excluded_non_passenger_vehicle,2019,94,US
KG-000840,840,Porsche,Cayman,car,luxury,excluded_luxury_or_exotic_brand,2015,399,US
KG-000843,843,Jaguar,XF,car,luxury,excluded_luxury_or_exotic_brand,2017,170,US
KG-000850,850,Tesla,Model 3,car,electric_luxury,excluded_electric_brand,2019,146,US
KG-000855,855,Ford,F-150,truck,commercial,excluded_truck_category,2017,150,US
KG-000859,859,Ford,F-150,truck,commercial,excluded_truck_category,2010,54,US
KG-000860,860,BMW,X5,suv,luxury,excluded_luxury_or_exotic_brand,2012,74,US
KG-000862,862,Toyota,Tacoma,truck,commercial,excluded_truck_category,2020,70,US
KG-000865,865,Lexus,LC 500,car,luxury,excluded_luxury_or_exotic_brand,2018,175,US
KG-000867,867,BMW,5 Series,car,luxury,excluded_luxury_or_exotic_brand,2011,95,US
KG-000887,887,Honda,Ridgeline,truck,commercial,excluded_truck_category,2006,41,US
KG-000893,893,Mercedes-Benz,CLA-Class,car,luxury,excluded_luxury_or_exotic_brand,2017,76,US
KG-000896,896,Ram,3500,truck,commercial,excluded_truck_category,2018,90,US
KG-000906,906,Lexus,RX 350,suv,luxury,excluded_luxury_or_exotic_brand,2008,38,US
KG-000909,909,Mercedes-Benz,C-Class,car,luxury,excluded_luxury_or_exotic_brand,2015,60,US
KG-000912,912,Audi,A3,car,luxury,excluded_luxury_or_exotic_brand,2015,52,US
KG-000914,914,Chevrolet,Colorado,truck,commercial,excluded_truck_category,2018,37,US
KG-000932,932,Audi,A6,car,luxury,excluded_luxury_or_exotic_brand,2019,85,US
KG-000934,934,Porsche,Macan,suv,luxury,excluded_luxury_or_exotic_brand,2015,145,US
KG-000935,935,Porsche,Boxster,car,luxury,excluded_luxury_or_exotic_brand,1980,79,US
KG-000937,937,Jeep,Gladiator,truck,commercial,excluded_truck_category,2020,79,US
KG-000939,939,Audi,A4,car,luxury,excluded_luxury_or_exotic_brand,2018,58,US
KG-000941,941,BMW,M6,car,luxury,excluded_luxury_or_exotic_brand,2016,199,US
KG-000944,944,Ford,F-150,truck,commercial,excluded_truck_category,2019,62,US
KG-000945,945,BMW,3 Series,car,luxury,excluded_luxury_or_exotic_brand,2013,79,US
KG-000946,946,BMW,3 Series,car,luxury,excluded_luxury_or_exotic_brand,2013,69,US
KG-000948,948,Maserati,Levante,suv,luxury,excluded_luxury_or_exotic_brand,2018,210,US
KG-000949,949,Toyota,Tundra,truck,commercial,excluded_truck_category,2019,70,US
KG-000950,950,Mercedes-Benz,GLK-Class,suv,luxury,excluded_luxury_or_exotic_brand,2013,59,US
KG-000953,953,Lexus,NX,suv,luxury,excluded_luxury_or_exotic_brand,2020,55,US
KG-000959,959,Maserati,Ghibli,car,luxury,excluded_luxury_or_exotic_brand,2014,118,US
KG-000960,960,Mercedes-Benz,GL-Class,suv,luxury,excluded_luxury_or_exotic_brand,2011,55,US
KG-000961,961,Audi,A4,car,luxury,excluded_luxury_or_exotic_brand,2015,49,US
KG-000962,962,Mercedes-Benz,S-Class,car,luxury,excluded_luxury_or_exotic_brand,2016,99,US
KG-000963,963,Porsche,Cayenne,suv,luxury,excluded_luxury_or_exotic_brand,2011,116,US
KG-000964,964,Audi,A4,car,luxury,excluded_luxury_or_exotic_brand,2013,49,US
KG-000965,965,Porsche,Boxster,car,luxury,excluded_luxury_or_exotic_brand,2013,124,US
KG-000966,966,BMW,6 Series,car,luxury,excluded_luxury_or_exotic_brand,2014,118,US
KG-000967,967,Tesla,Model S,car,electric_luxury,excluded_electric_brand,2018,200,US
KG-000968,968,Land Rover,Range Rover,suv,luxury,excluded_luxury_or_exotic_brand,2017,140,US
KG-000969,969,BMW,X1,suv,luxury,excluded_luxury_or_exotic_brand,2017,64,US
KG-000970,970,Tesla,Model S,car,electric_luxury,excluded_electric_brand,2017,199,US
KG-000972,972,Tesla,Model S,car,electric_luxury,excluded_electric_brand,2016,329,US
KG-000973,973,BMW,i8,car,luxury,excluded_luxury_or_exotic_brand,2015,310,US
KG-000974,974,Mercedes-Benz,GLC-Class,suv,luxury,excluded_luxury_or_exotic_brand,2018,82,US
KG-000975,975,BMW,3 Series,car,luxury,excluded_luxury_or_exotic_brand,2017,70,US
KG-000976,976,Land Rover,Range Rover Sport,suv,luxury,excluded_luxury_or_exotic_brand,2015,98,US
KG-000977,977,Mercedes-Benz,C-Class,car,luxury,excluded_luxury_or_exotic_brand,2017,125,US
KG-000979,979,BMW,3 Series,car,luxury,excluded_luxury_or_exotic_brand,2018,45,US
KG-000982,982,Tesla,Model 3,car,electric_luxury,excluded_electric_brand,2019,105,US
KG-000983,983,Mercedes-Benz,G-Class,suv,luxury,excluded_luxury_or_exotic_brand,2017,300,US
KG-000984,984,Tesla,Model 3,car,electric_luxury,excluded_electric_brand,2019,100,US
KG-000985,985,Land Rover,Range Rover Sport,suv,luxury,excluded_luxury_or_exotic_brand,2015,278,US
KG-000994,994,Mercedes-benz,C-Class,car,luxury,excluded_luxury_or_exotic_brand,2019,98,US
KG-001000,1000,Porsche,Cayman,car,luxury,excluded_luxury_or_exotic_brand,2016,250,US
KG-001003,1003,BMW,i8,car,luxury,excluded_luxury_or_exotic_brand,2015,329,US
KG-001009,1009,BMW,M4,car,luxury,excluded_luxury_or_exotic_brand,2016,179,US
KG-001014,1014,Audi,S6,car,luxury,excluded_luxury_or_exotic_brand,2016,159,US
KG-001015,1015,Audi,A6,car,luxury,excluded_luxury_or_exotic_brand,2016,69,US
KG-001016,1016,Ford,Explorer Sport Trac,truck,commercial,excluded_truck_category,2007,36,US
KG-001019,1019,Mercedes-Benz,C-Class,car,luxury,excluded_luxury_or_exotic_brand,2017,750,US
KG-001024,1024,Tesla,Model X,suv,electric_luxury,excluded_electric_brand,2019,149,US
KG-001025,1025,Mercedes-Benz,GL-Class,suv,luxury,excluded_luxury_or_exotic_brand,2015,90,US
KG-001026,1026,Tesla,Model 3,car,electric_luxury,excluded_electric_brand,2018,109,US
KG-001027,1027,Tesla,Model 3,car,electric_luxury,excluded_electric_brand,2019,109,US
KG-001029,1029,Tesla,Model X,suv,electric_luxury,excluded_electric_brand,2019,159,US
KG-001030,1030,Tesla,Model X,suv,electric_luxury,excluded_electric_brand,2020,159,US
KG-001032,1032,Tesla,Model 3,car,electric_luxury,excluded_electric_brand,2020,109,US
KG-001036,1036,Tesla,Model X,suv,electric_luxury,excluded_electric_brand,2019,155,US
KG-001038,1038,Tesla,Model X,suv,electric_luxury,excluded_electric_brand,2016,147,US
KG-001039,1039,Mercedes-Benz,GLA-Class,suv,luxury,excluded_luxury_or_exotic_brand,2016,69,US
KG-001045,1045,Tesla,Model X,suv,electric_luxury,excluded_electric_brand,2020,140,US
KG-001047,1047,Jaguar,XJ,car,luxury,excluded_luxury_or_exotic_brand,2013,118,US
KG-001052,1052,Mercedes-Benz,M-Class,suv,luxury,excluded_luxury_or_exotic_brand,2012,75,US
KG-001054,1054,Ford,F-150,truck,commercial,excluded_truck_category,2008,60,US
KG-001058,1058,BMW,5 Series,car,luxury,excluded_luxury_or_exotic_brand,2012,65,US
KG-001062,1062,BMW,5 Series,car,luxury,excluded_luxury_or_exotic_brand,2011,61,US
KG-001067,1067,Ford,F-150,truck,commercial,excluded_truck_category,2014,75,US
KG-001074,1074,Nissan,Frontier,truck,commercial,excluded_truck_category,2019,55,US
KG-001075,1075,Tesla,Model X,suv,electric_luxury,excluded_electric_brand,2020,135,US
KG-001082,1082,Tesla,Model 3,car,electric_luxury,excluded_electric_brand,2018,96,US
KG-001083,1083,Toyota,Tacoma,truck,commercial,excluded_truck_category,2016,55,US
KG-001095,1095,Toyota,Tacoma,truck,commercial,excluded_truck_category,2019,75,US
KG-001098,1098,Mercedes-Benz,S-Class,car,luxury,excluded_luxury_or_exotic_brand,2017,215,US
KG-001100,1100,Toyota,Tacoma,truck,commercial,excluded_truck_category,2004,49,US
KG-001101,1101,Tesla,Model X,suv,electric_luxury,excluded_electric_brand,2020,145,US
KG-001106,1106,Lexus,RX 350,suv,luxury,excluded_luxury_or_exotic_brand,2016,75,US
KG-001108,1108,Mercedes-Benz,C-Class,car,luxury,excluded_luxury_or_exotic_brand,2015,85,US
KG-001111,1111,Toyota,Tacoma,truck,commercial,excluded_truck_category,2019,70,US
KG-001114,1114,BMW,X3,suv,luxury,excluded_luxury_or_exotic_brand,2008,54,US
KG-001118,1118,Tesla,Model 3,car,electric_luxury,excluded_electric_brand,2019,130,US
KG-001121,1121,Tesla,Model 3,car,electric_luxury,excluded_electric_brand,2018,105,US
KG-001123,1123,Tesla,Model 3,car,electric_luxury,excluded_electric_brand,2018,122,US
KG-001124,1124,Ford,F-150,truck,commercial,excluded_truck_category,2019,139,US
KG-001126,1126,Tesla,Model X,suv,electric_luxury,excluded_electric_brand,2018,145,US
KG-001127,1127,Toyota,Tacoma,truck,commercial,excluded_truck_category,2004,50,US
KG-001131,1131,Nissan,Frontier,truck,commercial,excluded_truck_category,2008,77,US
KG-001132,1132,Porsche,Cayenne,suv,luxury,excluded_luxury_or_exotic_brand,2015,129,US
KG-001137,1137,Tesla,Model 3,car,electric_luxury,excluded_electric_brand,2018,105,US
KG-001138,1138,Tesla,Model 3,car,electric_luxury,excluded_electric_brand,2019,135,US
KG-001140,1140,Tesla,Model 3,car,electric_luxury,excluded_electric_brand,2020,79,US
KG-001143,1143,BMW,X3,suv,luxury,excluded_luxury_or_exotic_brand,2015,80,US
KG-001144,1144,BMW,7 Series,car,luxury,excluded_luxury_or_exotic_brand,2014,150,US
KG-001145,1145,BMW,X6,suv,luxury,excluded_luxury_or_exotic_brand,2019,110,US
KG-001149,1149,Bentley,Continental GT,car,luxury,excluded_luxury_or_exotic_brand,2006,175,US
KG-001152,1152,Toyota,Tacoma,truck,commercial,excluded_truck_category,2020,75,US
KG-001160,1160,Audi,A6,car,luxury,excluded_luxury_or_exotic_brand,2009,68,US
KG-001161,1161,Audi,A5,car,luxury,excluded_luxury_or_exotic_brand,2015,115,US
KG-001167,1167,Mercedes-Benz,GL-Class,suv,luxury,excluded_luxury_or_exotic_brand,2013,84,US
KG-001170,1170,BMW,Z4,car,luxury,excluded_luxury_or_exotic_brand,2013,71,US
KG-001171,1171,Mercedes-Benz,E-Class,car,luxury,excluded_luxury_or_exotic_brand,2011,99,US
KG-001172,1172,Porsche,Macan,suv,luxury,excluded_luxury_or_exotic_brand,2017,149,US
KG-001173,1173,Tesla,Model 3,car,electric_luxury,excluded_electric_brand,2019,149,US
KG-001180,1180,Tesla,Model 3,car,electric_luxury,excluded_electric_brand,2018,119,US
KG-001183,1183,BMW,4 Series,car,luxury,excluded_luxury_or_exotic_brand,2015,101,US
KG-001184,1184,Audi,Q7,suv,luxury,excluded_luxury_or_exotic_brand,2012,70,US
KG-001185,1185,Tesla,Model X,suv,electric_luxury,excluded_electric_brand,2017,199,US
KG-001187,1187,Tesla,Model S,car,electric_luxury,excluded_electric_brand,2017,246,US
KG-001196,1196,Toyota,Tacoma,truck,commercial,excluded_truck_category,2018,99,US
KG-001197,1197,Audi,A6,car,luxury,excluded_luxury_or_exotic_brand,2010,68,US
KG-001210,1210,Tesla,Model X,suv,electric_luxury,excluded_electric_brand,2017,119,US
KG-001211,1211,Porsche,911,car,luxury,excluded_luxury_or_exotic_brand,2008,200,US
KG-001212,1212,Tesla,Model X,suv,electric_luxury,excluded_electric_brand,2017,119,US
KG-001215,1215,BMW,3 Series,car,luxury,excluded_luxury_or_exotic_brand,2013,60,US
KG-001218,1218,Audi,Q7,suv,luxury,excluded_luxury_or_exotic_brand,2012,69,US
KG-001234,1234,Tesla,Model 3,car,electric_luxury,excluded_electric_brand,2018,135,US
KG-001237,1237,Ram,3500,truck,commercial,excluded_truck_category,2015,80,US
KG-001239,1239,Porsche,Boxster,car,luxury,excluded_luxury_or_exotic_brand,2016,122,US
KG-001240,1240,Polaris,Slingshot,car,non_passenger,excluded_non_passenger_vehicle,2017,159,US
KG-001242,1242,Tesla,Model 3,car,electric_luxury,excluded_electric_brand,2018,96,US
KG-001244,1244,Lexus,IS,car,luxury,excluded_luxury_or_exotic_brand,2019,80,US
KG-001248,1248,Chevrolet,Silverado 1500,truck,commercial,excluded_truck_category,2017,74,US
KG-001251,1251,BMW,7 Series,car,luxury,excluded_luxury_or_exotic_brand,2014,100,US
KG-001261,1261,Tesla,Model X,suv,electric_luxury,excluded_electric_brand,2016,220,US
KG-001262,1262,Mercedes-Benz,C-Class,car,luxury,excluded_luxury_or_exotic_brand,2013,59,US
KG-001263,1263,BMW,3 Series,car,luxury,excluded_luxury_or_exotic_brand,2016,92,US
KG-001270,1270,Tesla,Model 3,car,electric_luxury,excluded_electric_brand,2018,199,US
KG-001283,1283,Tesla,Model S,car,electric_luxury,excluded_electric_brand,2017,143,US
KG-001287,1287,Dodge,Ram 1500,truck,commercial,excluded_truck_category,2019,95,US
KG-001288,1288,Tesla,Model 3,car,electric_luxury,excluded_electric_brand,2018,199,US
KG-001290,1290,Tesla,Model 3,car,electric_luxury,excluded_electric_brand,2020,299,US
KG-001293,1293,BMW,5 Series,car,luxury,excluded_luxury_or_exotic_brand,2015,99,US
KG-001294,1294,Tesla,Model X,suv,electric_luxury,excluded_electric_brand,2017,499,US
KG-001295,1295,BMW,i8,car,luxury,excluded_luxury_or_exotic_brand,2015,600,US
KG-001306,1306,Honda,Ridgeline,truck,commercial,excluded_truck_category,2020,222,US
KG-001307,1307,Toyota,Tacoma,truck,commercial,excluded_truck_category,2020,99,US
KG-001310,1310,Mercedes-Benz,E-Class,car,luxury,excluded_luxury_or_exotic_brand,2014,300,US
KG-001320,1320,Land Rover,Range Rover,suv,luxury,excluded_luxury_or_exotic_brand,2006,137,US
KG-001326,1326,Bentley,Flying Spur,car,luxury,excluded_luxury_or_exotic_brand,2018,295,US
KG-001327,1327,BMW,i8,car,luxury,excluded_luxury_or_exotic_brand,2016,349,US
KG-001328,1328,Tesla,Model 3,car,electric_luxury,excluded_electric_brand,2020,164,US
KG-001329,1329,Mercedes-Benz,GLE-Class,suv,luxury,excluded_luxury_or_exotic_brand,2017,114,US
KG-001330,1330,Tesla,Model 3,car,electric_luxury,excluded_electric_brand,2020,180,US
KG-001332,1332,Land Rover,Range Rover Sport,suv,luxury,excluded_luxury_or_exotic_brand,2016,179,US
KG-001334,1334,Maserati,Ghibli,car,luxury,excluded_luxury_or_exotic_brand,2017,245,US
KG-001336,1336,BMW,4-Series,car,luxury,excluded_luxury_or_exotic_brand,2019,97,US
KG-001339,1339,Porsche,911,car,luxury,excluded_luxury_or_exotic_brand,2013,300,US
KG-001340,1340,Tesla,Model S,car,electric_luxury,excluded_electric_brand,2018,190,US
KG-001342,1342,Maserati,Ghibli,car,luxury,excluded_luxury_or_exotic_brand,2016,159,US
KG-001343,1343,Tesla,Model 3,car,electric_luxury,excluded_electric_brand,2019,130,US
KG-001344,1344,Tesla,Model X,suv,electric_luxury,excluded_electric_brand,2020,189,US
KG-001345,1345,Tesla,Model X,suv,electric_luxury,excluded_electric_brand,2017,211,US
KG-001347,1347,Porsche,Panamera,car,luxury,excluded_luxury_or_exotic_brand,2013,190,US
KG-001348,1348,Tesla,Model 3,car,electric_luxury,excluded_electric_brand,2018,174,US
KG-001349,1349,Porsche,911,car,luxury,excluded_luxury_or_exotic_brand,2013,299,US
KG-001351,1351,Jaguar,F-PACE,suv,luxury,excluded_luxury_or_exotic_brand,2017,156,US
KG-001353,1353,Tesla,Model 3,car,electric_luxury,excluded_electric_brand,2019,110,US
KG-001354,1354,Mercedes-Benz,G-Class,suv,luxury,excluded_luxury_or_exotic_brand,2017,400,US
KG-001355,1355,BMW,i8,car,luxury,excluded_luxury_or_exotic_brand,2015,498,US
KG-001356,1356,Tesla,Model 3,car,electric_luxury,excluded_electric_brand,2020,170,US
KG-001357,1357,Tesla,Model 3,car,electric_luxury,excluded_electric_brand,2019,198,US
KG-001359,1359,Porsche,911,car,luxury,excluded_luxury_or_exotic_brand,2014,299,US
KG-001360,1360,Mercedes-Benz,S-Class,car,luxury,excluded_luxury_or_exotic_brand,2016,229,US
KG-001361,1361,Jaguar,F-TYPE,car,luxury,excluded_luxury_or_exotic_brand,2014,275,US
KG-001362,1362,Tesla,Model 3,car,electric_luxury,excluded_electric_brand,2018,193,US
KG-001363,1363,Tesla,Model 3,car,electric_luxury,excluded_electric_brand,2020,189,US
KG-001364,1364,Porsche,Cayenne,suv,luxury,excluded_luxury_or_exotic_brand,2018,139,US
KG-001365,1365,BMW,3 Series,car,luxury,excluded_luxury_or_exotic_brand,2015,80,US
KG-001367,1367,Tesla,Model 3,car,electric_luxury,excluded_electric_brand,2018,193,US
KG-001370,1370,Audi,A7,car,luxury,excluded_luxury_or_exotic_brand,2018,139,US
KG-001371,1371,Porsche,Macan,suv,luxury,excluded_luxury_or_exotic_brand,2016,180,US
KG-001375,1375,Tesla,Model Y,suv,electric_luxury,excluded_electric_brand,2020,200,US
KG-001376,1376,Tesla,Model 3,car,electric_luxury,excluded_electric_brand,2019,207,US
KG-001377,1377,Mercedes-Benz,E-Class,car,luxury,excluded_luxury_or_exotic_brand,2018,160,US
KG-001378,1378,Mercedes-benz,CLA-Class,car,luxury,excluded_luxury_or_exotic_brand,2019,110,US
KG-001380,1380,Mercedes-benz,GLS-Class,suv,luxury,excluded_luxury_or_exotic_brand,2020,129,US
KG-001381,1381,Mercedes-Benz,G-Class,suv,luxury,excluded_luxury_or_exotic_brand,2015,349,US
KG-001382,1382,Tesla,Model S,car,electric_luxury,excluded_electric_brand,2015,235,US
KG-001383,1383,Tesla,Model S,car,electric_luxury,excluded_electric_brand,2015,129,US
KG-001384,1384,Tesla,Model X,suv,electric_luxury,excluded_electric_brand,2020,259,US
KG-001385,1385,Mercedes-Benz,S-Class,car,luxury,excluded_luxury_or_exotic_brand,2014,230,US
KG-001386,1386,BMW,7-Series,car,luxury,excluded_luxury_or_exotic_brand,2019,269,US
KG-001387,1387,Porsche,Cayenne,suv,luxury,excluded_luxury_or_exotic_brand,2019,225,US
KG-001388,1388,Land Rover,Discovery,suv,luxury,excluded_luxury_or_exotic_brand,2018,112,US
KG-001389,1389,Jaguar,F-PACE,suv,luxury,excluded_luxury_or_exotic_brand,2018,99,US
KG-001390,1390,Porsche,911,car,luxury,excluded_luxury_or_exotic_brand,2009,200,US
KG-001391,1391,Mercedes-Benz,E-Class,car,luxury,excluded_luxury_or_exotic_brand,2010,80,US
KG-001393,1393,Tesla,Model 3,car,electric_luxury,excluded_electric_brand,2018,166,US
KG-001394,1394,McLaren,570S,car,luxury,excluded_luxury_or_exotic_brand,2016,799,US
KG-001396,1396,BMW,M3,car,luxury,excluded_luxury_or_exotic_brand,2018,159,US
KG-001397,1397,Tesla,Model 3,car,electric_luxury,excluded_electric_brand,2018,99,US
KG-001398,1398,Mercedes-Benz,G-Class,suv,luxury,excluded_luxury_or_exotic_brand,2017,329,US
KG-001399,1399,Bentley,Continental GT Speed,car,luxury,excluded_luxury_or_exotic_brand,2013,599,US
KG-001400,1400,Land Rover,Range Rover,suv,luxury,excluded_luxury_or_exotic_brand,2018,288,US
KG-001401,1401,Porsche,911,car,luxury,excluded_luxury_or_exotic_brand,2012,319,US
KG-001402,1402,Porsche,911,car,luxury,excluded_luxury_or_exotic_brand,2013,275,US
KG-001403,1403,BMW,3 Series,car,luxury,excluded_luxury_or_exotic_brand,2015,80,US
KG-001404,1404,BMW,5 Series,car,luxury,excluded_luxury_or_exotic_brand,2016,123,US
KG-001405,1405,Mercedes-benz,GLC-Class,suv,luxury,excluded_luxury_or_exotic_brand,2020,110,US
KG-001406,1406,Mercedes-Benz,G-Class,suv,luxury,excluded_luxury_or_exotic_brand,2014,349,US
KG-001407,1407,Dodge,Ram 1500,truck,commercial,excluded_truck_category,2019,68,US
KG-001411,1411,Audi,R8,car,luxury,excluded_luxury_or_exotic_brand,2017,799,US
KG-001413,1413,Ford,F-150,truck,commercial,excluded_truck_category,2015,91,US
KG-001414,1414,Land Rover,Range Rover Velar,suv,luxury,excluded_luxury_or_exotic_brand,2018,225,US
KG-001415,1415,Audi,Q7,suv,luxury,excluded_luxury_or_exotic_brand,2010,85,US
KG-001416,1416,BMW,7 Series,car,luxury,excluded_luxury_or_exotic_brand,2014,149,US
KG-001419,1419,Mercedes-Benz,E-Class,car,luxury,excluded_luxury_or_exotic_brand,2017,110,US
KG-001423,1423,Land Rover,Range Rover Evoque,suv,luxury,excluded_luxury_or_exotic_brand,2017,89,US
KG-001426,1426,Ford,F-150,truck,commercial,excluded_truck_category,2018,109,US
KG-001428,1428,Tesla,Model X,suv,electric_luxury,excluded_electric_brand,2017,250,US
KG-001429,1429,Porsche,Macan,suv,luxury,excluded_luxury_or_exotic_brand,2018,175,US
KG-001430,1430,Mercedes-Benz,C-Class,car,luxury,excluded_luxury_or_exotic_brand,2017,69,US
KG-001431,1431,BMW,M4,car,luxury,excluded_luxury_or_exotic_brand,2016,150,US
KG-001437,1437,Lexus,GX 470,suv,luxury,excluded_luxury_or_exotic_brand,2007,75,US
KG-001438,1438,Tesla,Model S,car,electric_luxury,excluded_electric_brand,2016,101,US
KG-001441,1441,Jaguar,F-TYPE,car,luxury,excluded_luxury_or_exotic_brand,2018,175,US
KG-001442,1442,Mercedes-Benz,C-Class,car,luxury,excluded_luxury_or_exotic_brand,2017,189,US
KG-001443,1443,BMW,X5,suv,luxury,excluded_luxury_or_exotic_brand,2019,110,US
KG-001444,1444,Mercedes-Benz,CLA-Class,car,luxury,excluded_luxury_or_exotic_brand,2014,96,US
KG-001445,1445,Tesla,Model 3,car,electric_luxury,excluded_electric_brand,2018,188,US
KG-001446,1446,Land Rover,Range Rover Evoque,suv,luxury,excluded_luxury_or_exotic_brand,2016,132,US
KG-001448,1448,Mercedes-benz,E-Class,car,luxury,excluded_luxury_or_exotic_brand,2019,155,US
KG-001449,1449,Tesla,Model 3,car,electric_luxury,excluded_electric_brand,2019,148,US
KG-001450,1450,Tesla,Model Y,suv,electric_luxury,excluded_electric_brand,2020,133,US
KG-001453,1453,Tesla,Model 3,car,electric_luxury,excluded_electric_brand,2019,148,US
KG-001454,1454,Mercedes-Benz,M-Class,suv,luxury,excluded_luxury_or_exotic_brand,2014,112,US
KG-001455,1455,Tesla,Model 3,car,electric_luxury,excluded_electric_brand,2019,150,US
KG-001457,1457,Tesla,Model 3,car,electric_luxury,excluded_electric_brand,2019,120,US
KG-001460,1460,Mercedes-Benz,C-Class,car,luxury,excluded_luxury_or_exotic_brand,2018,142,US
KG-001461,1461,Maserati,Levante,suv,luxury,excluded_luxury_or_exotic_brand,2018,249,US
KG-001462,1462,BMW,M-Series,car,luxury,excluded_luxury_or_exotic_brand,2019,138,US
KG-001464,1464,Audi,Q3,suv,luxury,excluded_luxury_or_exotic_brand,2018,89,US
KG-001467,1467,BMW,M-Series,car,luxury,excluded_luxury_or_exotic_brand,2020,299,US
KG-001471,1471,Dodge,Ram 1500,truck,commercial,excluded_truck_category,2019,86,US
KG-001472,1472,BMW,5-Series,car,luxury,excluded_luxury_or_exotic_brand,2019,160,US
KG-001474,1474,Maserati,Ghibli,car,luxury,excluded_luxury_or_exotic_brand,2015,349,US
KG-001480,1480,BMW,3 Series,car,luxury,excluded_luxury_or_exotic_brand,2017,69,US
KG-001481,1481,BMW,3 Series,car,luxury,excluded_luxury_or_exotic_brand,2015,148,US
KG-001482,1482,Porsche,Cayenne,suv,luxury,excluded_luxury_or_exotic_brand,2013,140,US
KG-001484,1484,BMW,i8,car,luxury,excluded_luxury_or_exotic_brand,2015,320,US
KG-001485,1485,BMW,3 Series,car,luxury,excluded_luxury_or_exotic_brand,2018,69,US
KG-001487,1487,Tesla,Model 3,car,electric_luxury,excluded_electric_brand,2020,148,US
KG-001488,1488,Mercedes-Benz,E-Class,car,luxury,excluded_luxury_or_exotic_brand,2016,55,US
KG-001492,1492,Porsche,Boxster,car,luxury,excluded_luxury_or_exotic_brand,2014,283,US
KG-001493,1493,BMW,3 Series,car,luxury,excluded_luxury_or_exotic_brand,2018,79,US
KG-001494,1494,BMW,3 Series,car,luxury,excluded_luxury_or_exotic_brand,2016,74,US
KG-001497,1497,Land Rover,Discovery Sport,suv,luxury,excluded_luxury_or_exotic_brand,2018,165,US
KG-001498,1498,BMW,M-Series,car,luxury,excluded_luxury_or_exotic_brand,2019,180,US
KG-001499,1499,Mercedes-Benz,GLA-Class,suv,luxury,excluded_luxury_or_exotic_brand,2017,115,US
KG-001503,1503,Tesla,Model Y,suv,electric_luxury,excluded_electric_brand,2020,200,US
KG-001507,1507,Jaguar,F-PACE,suv,luxury,excluded_luxury_or_exotic_brand,2020,299,US
KG-001509,1509,Mercedes-Benz,E-Class,car,luxury,excluded_luxury_or_exotic_brand,2014,95,US
KG-001514,1514,BMW,4 Series,car,luxury,excluded_luxury_or_exotic_brand,2018,97,US
KG-001515,1515,BMW,i8,car,luxury,excluded_luxury_or_exotic_brand,2015,239,US
KG-001516,1516,Maserati,Ghibli,car,luxury,excluded_luxury_or_exotic_brand,2014,99,US
KG-001521,1521,Jaguar,F-Type,car,luxury,excluded_luxury_or_exotic_brand,2015,149,US
KG-001522,1522,Mercedes-Benz,E-Class,car,luxury,excluded_luxury_or_exotic_brand,2017,78,US
KG-001527,1527,Land Rover,Discovery Sport,suv,luxury,excluded_luxury_or_exotic_brand,2017,85,US
KG-001528,1528,Mercedes-Benz,C-Class,car,luxury,excluded_luxury_or_exotic_brand,2018,100,US
KG-001530,1530,Jaguar,F-TYPE,car,luxury,excluded_luxury_or_exotic_brand,2017,149,US
KG-001531,1531,Polaris,Slingshot,car,non_passenger,excluded_non_passenger_vehicle,2019,120,US
KG-001532,1532,Porsche,718 Boxster,car,luxury,excluded_luxury_or_exotic_brand,2017,133,US
KG-001533,1533,BMW,i8,car,luxury,excluded_luxury_or_exotic_brand,2015,205,US
KG-001539,1539,Jaguar,F-TYPE,car,luxury,excluded_luxury_or_exotic_brand,2016,149,US
KG-001541,1541,Tesla,Model S,car,electric_luxury,excluded_electric_brand,2015,130,US
KG-001545,1545,Maserati,Ghibli,car,luxury,excluded_luxury_or_exotic_brand,2015,109,US
KG-001547,1547,Polaris,Slingshot,car,non_passenger,excluded_non_passenger_vehicle,2020,149,US
KG-001549,1549,Mercedes-benz,C-Class,car,luxury,excluded_luxury_or_exotic_brand,2019,250,US
KG-001551,1551,Ferrari,California,car,luxury,excluded_luxury_or_exotic_brand,2010,419,US
KG-001553,1553,Lexus,LC 500,car,luxury,excluded_luxury_or_exotic_brand,2018,191,US
KG-001556,1556,BMW,4 Series,car,luxury,excluded_luxury_or_exotic_brand,2017,120,US
KG-001558,1558,BMW,I8,car,luxury,excluded_luxury_or_exotic_brand,2019,285,US
KG-001559,1559,Audi,A5,car,luxury,excluded_luxury_or_exotic_brand,2018,72,US
KG-001561,1561,Porsche,718 Boxster,car,luxury,excluded_luxury_or_exotic_brand,2017,143,US
KG-001562,1562,BMW,i8,car,luxury,excluded_luxury_or_exotic_brand,2015,229,US
KG-001564,1564,Lexus,GX 460,suv,luxury,excluded_luxury_or_exotic_brand,2017,125,US
KG-001567,1567,Porsche,Panamera,car,luxury,excluded_luxury_or_exotic_brand,2020,219,US
KG-001568,1568,Porsche,Cayenne,suv,luxury,excluded_luxury_or_exotic_brand,2016,125,US
KG-001569,1569,Lamborghini,Huracan,car,luxury,excluded_luxury_or_exotic_brand,2019,1199,US
KG-001570,1570,Land Rover,Range Rover,suv,luxury,excluded_luxury_or_exotic_brand,2018,145,US
KG-001571,1571,Porsche,Cayenne,suv,luxury,excluded_luxury_or_exotic_brand,2014,85,US
KG-001572,1572,Lamborghini,Huracan,car,luxury,excluded_luxury_or_exotic_brand,2019,1199,US
KG-001576,1576,Land Rover,Range Rover,suv,luxury,excluded_luxury_or_exotic_brand,2019,250,US
KG-001577,1577,Maserati,Ghibli,car,luxury,excluded_luxury_or_exotic_brand,2014,139,US
KG-001578,1578,BMW,2 Series,car,luxury,excluded_luxury_or_exotic_brand,2015,78,US
KG-001582,1582,Lamborghini,Huracan,car,luxury,excluded_luxury_or_exotic_brand,2019,1199,US
KG-001585,1585,Ferrari,California,car,luxury,excluded_luxury_or_exotic_brand,2012,599,US
KG-001586,1586,Maserati,Quattroporte,car,luxury,excluded_luxury_or_exotic_brand,2015,129,US
KG-001591,1591,Tesla,Model 3,car,electric_luxury,excluded_electric_brand,2019,130,US
KG-001593,1593,Mercedes-Benz,GLK-Class,suv,luxury,excluded_luxury_or_exotic_brand,2010,52,US
KG-001597,1597,Tesla,Model 3,car,electric_luxury,excluded_electric_brand,2018,99,US
KG-001601,1601,Tesla,Model X,suv,electric_luxury,excluded_electric_brand,2016,279,US
KG-001604,1604,GMC,Sierra 3500HD,truck,commercial,excluded_truck_category,2011,80,US
KG-001616,1616,Mercedes-Benz,Sprinter,van,luxury,excluded_luxury_or_exotic_brand,2016,140,US
KG-001617,1617,Ford,F-150,truck,commercial,excluded_truck_category,2014,75,US
KG-001626,1626,Tesla,Model S,car,electric_luxury,excluded_electric_brand,2017,150,US
KG-001627,1627,Audi,A3,car,luxury,excluded_luxury_or_exotic_brand,2009,38,US
KG-001629,1629,Mercedes-Benz,C-Class,car,luxury,excluded_luxury_or_exotic_brand,2015,80,US
KG-001630,1630,Tesla,Model S,car,electric_luxury,excluded_electric_brand,2013,99,US
KG-001634,1634,Mercedes-Benz,G-Class,suv,luxury,excluded_luxury_or_exotic_brand,2013,199,US
KG-001635,1635,Ram,1500,truck,commercial,excluded_truck_category,2015,67,US
KG-001636,1636,Polaris,Slingshot,car,non_passenger,excluded_non_passenger_vehicle,2015,249,US
KG-001637,1637,Tesla,Model 3,car,electric_luxury,excluded_electric_brand,2020,179,US
KG-001638,1638,Tesla,Model 3,car,electric_luxury,excluded_electric_brand,2019,115,US
KG-001645,1645,Land Rover,Range Rover Evoque,suv,luxury,excluded_luxury_or_exotic_brand,2016,120,US
KG-001649,1649,BMW,3 Series,car,luxury,excluded_luxury_or_exotic_brand,2011,58,US
KG-001650,1650,Mercedes-Benz,CLA-Class,car,luxury,excluded_luxury_or_exotic_brand,2014,82,US
KG-001659,1659,Mercedes-Benz,E-Class,car,luxury,excluded_luxury_or_exotic_brand,2011,55,US
KG-001661,1661,Mercedes-Benz,E-Class,car,luxury,excluded_luxury_or_exotic_brand,2012,75,US
KG-001666,1666,Lexus,RX 350,suv,luxury,excluded_luxury_or_exotic_brand,2016,89,US
KG-001667,1667,Audi,A4,car,luxury,excluded_luxury_or_exotic_brand,2017,129,US
KG-001668,1668,BMW,3 Series,car,luxury,excluded_luxury_or_exotic_brand,2008,75,US
KG-001671,1671,Mercedes-Benz,GLK-Class,suv,luxury,excluded_luxury_or_exotic_brand,2011,75,US
KG-001675,1675,Lexus,ES 350,car,luxury,excluded_luxury_or_exotic_brand,2016,45,US
KG-001692,1692,Mercedes-Benz,C-Class,car,luxury,excluded_luxury_or_exotic_brand,2017,65,US
KG-001697,1697,Mercedes-Benz,Sprinter,van,luxury,excluded_luxury_or_exotic_brand,2018,275,US
KG-001700,1700,Lexus,ES 300h,car,luxury,excluded_luxury_or_exotic_brand,2016,75,US
KG-001704,1704,Tesla,Model X,suv,electric_luxury,excluded_electric_brand,2018,251,US
KG-001709,1709,Tesla,Model Y,suv,electric_luxury,excluded_electric_brand,2020,200,US
KG-001710,1710,Mercedes-Benz,E-Class,car,luxury,excluded_luxury_or_exotic_brand,2011,68,US
KG-001713,1713,Mercedes-Benz,GL-Class,suv,luxury,excluded_luxury_or_exotic_brand,2012,73,US
KG-001714,1714,Tesla,Model 3,car,electric_luxury,excluded_electric_brand,2019,90,US
KG-001715,1715,Tesla,Model S,car,electric_luxury,excluded_electric_brand,2015,100,US
KG-001716,1716,Porsche,Cayenne,suv,luxury,excluded_luxury_or_exotic_brand,2015,78,US
KG-001717,1717,Tesla,Model 3,car,electric_luxury,excluded_electric_brand,2017,93,US
KG-001720,1720,Tesla,Model S,car,electric_luxury,excluded_electric_brand,2015,129,US
KG-001721,1721,Mercedes-Benz,E-Class,car,luxury,excluded_luxury_or_exotic_brand,2016,87,US
KG-001728,1728,Tesla,Model 3,car,electric_luxury,excluded_electric_brand,2020,150,US
KG-001731,1731,Jeep,Gladiator,truck,commercial,excluded_truck_category,2020,79,US
KG-001736,1736,Tesla,Model 3,car,electric_luxury,excluded_electric_brand,2020,220,US
KG-001738,1738,Ford,F-150,truck,commercial,excluded_truck_category,2014,75,US
KG-001739,1739,BMW,3-Series,car,luxury,excluded_luxury_or_exotic_brand,2020,94,US
KG-001740,1740,Mercedes-Benz,C-Class,car,luxury,excluded_luxury_or_exotic_brand,2008,43,US
KG-001743,1743,Tesla,Model X,suv,electric_luxury,excluded_electric_brand,2018,150,US
KG-001744,1744,Ford,F-150,truck,commercial,excluded_truck_category,2018,115,US
KG-001763,1763,Land Rover,Range Rover Evoque,suv,luxury,excluded_luxury_or_exotic_brand,2013,59,US
KG-001765,1765,Mercedes-Benz,C-Class,car,luxury,excluded_luxury_or_exotic_brand,2010,35,US
KG-001769,1769,BMW,3 Series,car,luxury,excluded_luxury_or_exotic_brand,2011,39,US
KG-001771,1771,BMW,3 Series,car,luxury,excluded_luxury_or_exotic_brand,2010,35,US
KG-001772,1772,Mercedes-Benz,S-Class,car,luxury,excluded_luxury_or_exotic_brand,2013,78,US
KG-001773,1773,Land Rover,Range Rover,suv,luxury,excluded_luxury_or_exotic_brand,2014,108,US
KG-001774,1774,Mercedes-Benz,GL-Class,suv,luxury,excluded_luxury_or_exotic_brand,2012,52,US
KG-001776,1776,Audi,A8,car,luxury,excluded_luxury_or_exotic_brand,2013,150,US
KG-001777,1777,Tesla,Model S,car,electric_luxury,excluded_electric_brand,2015,139,US
KG-001778,1778,Tesla,Model 3,car,electric_luxury,excluded_electric_brand,2018,111,US
KG-001780,1780,Audi,S5,car,luxury,excluded_luxury_or_exotic_brand,2018,151,US
KG-001782,1782,Aston Martin,V8 Vantage,car,luxury,excluded_luxury_or_exotic_brand,2012,225,US
KG-001784,1784,Porsche,Cayman,car,luxury,excluded_luxury_or_exotic_brand,2016,250,US
KG-001785,1785,Mercedes-Benz,S-Class,car,luxury,excluded_luxury_or_exotic_brand,2015,227,US
KG-001786,1786,Polaris,Slingshot,car,non_passenger,excluded_non_passenger_vehicle,2017,199,US
KG-001787,1787,Mercedes-Benz,C-Class,car,luxury,excluded_luxury_or_exotic_brand,2016,59,US
KG-001788,1788,Audi,A8,car,luxury,excluded_luxury_or_exotic_brand,2011,120,US
KG-001789,1789,Maserati,Ghibli,car,luxury,excluded_luxury_or_exotic_brand,2016,129,US
KG-001790,1790,Lexus,ES 350,car,luxury,excluded_luxury_or_exotic_brand,2014,64,US
KG-001791,1791,Audi,A3,car,luxury,excluded_luxury_or_exotic_brand,2016,68,US
KG-001792,1792,Tesla,Model 3,car,electric_luxury,excluded_electric_brand,2019,179,US
KG-001794,1794,Lexus,RX 350,suv,luxury,excluded_luxury_or_exotic_brand,2016,74,US
KG-001795,1795,Porsche,Boxster,car,luxury,excluded_luxury_or_exotic_brand,2011,134,US
KG-001796,1796,Audi,A7,car,luxury,excluded_luxury_or_exotic_brand,2014,90,US
KG-001797,1797,Lexus,LX,suv,luxury,excluded_luxury_or_exotic_brand,2019,199,US
KG-001803,1803,BMW,X5,suv,luxury,excluded_luxury_or_exotic_brand,2012,106,US
KG-001806,1806,BMW,5 Series,car,luxury,excluded_luxury_or_exotic_brand,2015,150,US
KG-001817,1817,BMW,7 Series,car,luxury,excluded_luxury_or_exotic_brand,2012,126,US
KG-001821,1821,Ford,F-150,truck,commercial,excluded_truck_category,2018,110,US
KG-001825,1825,Ford,F-150,truck,commercial,excluded_truck_category,2010,42,US
KG-001832,1832,Nissan,Frontier,truck,commercial,excluded_truck_category,2014,30,US
KG-001837,1837,Lamborghini,Gallardo,car,luxury,excluded_luxury_or_exotic_brand,2010,990,US
KG-001838,1838,Land Rover,Range Rover Sport,suv,luxury,excluded_luxury_or_exotic_brand,2014,199,US
KG-001842,1842,Mercedes-Benz,C-Class,car,luxury,excluded_luxury_or_exotic_brand,2015,89,US
KG-001846,1846,Jaguar,XJ,car,luxury,excluded_luxury_or_exotic_brand,2013,45,US
KG-001847,1847,BMW,5 Series,car,luxury,excluded_luxury_or_exotic_brand,2010,43,US
KG-001848,1848,Bentley,Continental Supersports,car,luxury,excluded_luxury_or_exotic_brand,2011,425,US
KG-001850,1850,Mercedes-Benz,E-Class,car,luxury,excluded_luxury_or_exotic_brand,2010,44,US
KG-001851,1851,Nissan,Frontier,truck,commercial,excluded_truck_category,2019,56,US
KG-001852,1852,Bentley,Continental GTC,car,luxury,excluded_luxury_or_exotic_brand,2013,499,US
KG-001853,1853,Lexus,NX 200t,suv,luxury,excluded_luxury_or_exotic_brand,2017,95,US
KG-001854,1854,BMW,3 Series,car,luxury,excluded_luxury_or_exotic_brand,2012,100,US
KG-001857,1857,Chevrolet,Silverado 1500,truck,commercial,excluded_truck_category,2009,42,US
KG-001858,1858,Polaris,Slingshot,car,non_passenger,excluded_non_passenger_vehicle,2016,69,US
KG-001866,1866,Tesla,Model 3,car,electric_luxury,excluded_electric_brand,2018,185,US
KG-001867,1867,Tesla,Model X,suv,electric_luxury,excluded_electric_brand,2018,195,US
KG-001868,1868,Tesla,Model 3,car,electric_luxury,excluded_electric_brand,2018,126,US
KG-001873,1873,Audi,A7,car,luxury,excluded_luxury_or_exotic_brand,2012,98,US
KG-001875,1875,Tesla,Model Y,suv,electric_luxury,excluded_electric_brand,2020,199,US
KG-001877,1877,BMW,5 Series,car,luxury,excluded_luxury_or_exotic_brand,2012,94,US
KG-001881,1881,Tesla,Model S,car,electric_luxury,excluded_electric_brand,2015,132,US
KG-001884,1884,Chevrolet,Silverado 1500,truck,commercial,excluded_truck_category,2008,39,US
KG-001885,1885,Ford,F-150,truck,commercial,excluded_truck_category,2007,37,US
KG-001892,1892,Tesla,Model 3,car,electric_luxury,excluded_electric_brand,2018,125,US
KG-001893,1893,Tesla,Model 3,car,electric_luxury,excluded_electric_brand,2019,168,US
KG-001894,1894,BMW,X5,suv,luxury,excluded_luxury_or_exotic_brand,2015,84,US
KG-001897,1897,Jaguar,F-TYPE,car,luxury,excluded_luxury_or_exotic_brand,2015,124,US
KG-001900,1900,Tesla,Model 3,car,electric_luxury,excluded_electric_brand,2020,142,US
KG-001905,1905,Porsche,Cayman,car,luxury,excluded_luxury_or_exotic_brand,2014,124,US
KG-001907,1907,Maserati,Ghibli,car,luxury,excluded_luxury_or_exotic_brand,2016,124,US
KG-001909,1909,Porsche,Cayman,car,luxury,excluded_luxury_or_exotic_brand,2014,207,US
KG-001913,1913,Tesla,Model 3,car,electric_luxury,excluded_electric_brand,2018,135,US
KG-001914,1914,BMW,Z4,car,luxury,excluded_luxury_or_exotic_brand,2014,86,US
KG-001915,1915,Porsche,Boxster,car,luxury,excluded_luxury_or_exotic_brand,2011,86,US
KG-001916,1916,Mercedes-Benz,SLK-Class,car,luxury,excluded_luxury_or_exotic_brand,2013,86,US
KG-001919,1919,Polaris,Slingshot,car,non_passenger,excluded_non_passenger_vehicle,2019,211,US
KG-001921,1921,BMW,2 Series,car,luxury,excluded_luxury_or_exotic_brand,2016,86,US
KG-001929,1929,BMW,4 Series,car,luxury,excluded_luxury_or_exotic_brand,2015,86,US
KG-001931,1931,Mercedes-Benz,CLA-Class,car,luxury,excluded_luxury_or_exotic_brand,2014,84,US
KG-001933,1933,Mercedes-Benz,Metris,minivan,luxury,excluded_luxury_or_exotic_brand,2016,109,US
KG-001934,1934,Mercedes-Benz,380sl,car,luxury,excluded_luxury_or_exotic_brand,1983,98,US
KG-001935,1935,Ford,F-150,truck,commercial,excluded_truck_category,2013,210,US
KG-001936,1936,BMW,X3,suv,luxury,excluded_luxury_or_exotic_brand,2016,84,US
KG-001939,1939,BMW,3 Series Gran Turismo,car,luxury,excluded_luxury_or_exotic_brand,2016,84,US
KG-001940,1940,Mercedes-Benz,GLC-Class,suv,luxury,excluded_luxury_or_exotic_brand,2016,84,US
KG-001941,1941,Mercedes-Benz,CLA-Class,car,luxury,excluded_luxury_or_exotic_brand,2016,84,US
KG-001942,1942,Mercedes-Benz,GLA-Class,suv,luxury,excluded_luxury_or_exotic_brand,2015,84,US
KG-001943,1943,Mercedes-Benz,CLA-Class,car,luxury,excluded_luxury_or_exotic_brand,2016,79,US
KG-001944,1944,Mercedes-Benz,CLA-Class,car,luxury,excluded_luxury_or_exotic_brand,2016,84,US
KG-001961,1961,BMW,M4,car,luxury,excluded_luxury_or_exotic_brand,2015,110,US
KG-001964,1964,BMW,M4,car,luxury,excluded_luxury_or_exotic_brand,2016,128,US
KG-001965,1965,Audi,A6,car,luxury,excluded_luxury_or_exotic_brand,2018,60,US
KG-001967,1967,Tesla,Model X,suv,electric_luxury,excluded_electric_brand,2016,140,US
KG-001968,1968,BMW,M4,car,luxury,excluded_luxury_or_exotic_brand,2018,109,US
KG-001969,1969,Porsche,Macan,suv,luxury,excluded_luxury_or_exotic_brand,2016,122,US
KG-001970,1970,Tesla,Model X,suv,electric_luxury,excluded_electric_brand,2016,166,US
KG-001972,1972,Jaguar,F-TYPE,car,luxury,excluded_luxury_or_exotic_brand,2016,129,US
KG-001973,1973,Porsche,Boxster,car,luxury,excluded_luxury_or_exotic_brand,2013,110,US
KG-001974,1974,Maserati,Ghibli,car,luxury,excluded_luxury_or_exotic_brand,2017,125,US
KG-001978,1978,Porsche,Boxster,car,luxury,excluded_luxury_or_exotic_brand,2013,109,US
KG-001979,1979,Maserati,Ghibli,car,luxury,excluded_luxury_or_exotic_brand,2016,128,US
KG-001980,1980,Tesla,Model 3,car,electric_luxury,excluded_electric_brand,2020,149,US
KG-001981,1981,Maserati,Ghibli,car,luxury,excluded_luxury_or_exotic_brand,2017,120,US
KG-001982,1982,Tesla,Model 3,car,electric_luxury,excluded_electric_brand,2018,133,US
KG-001984,1984,BMW,2 Series,car,luxury,excluded_luxury_or_exotic_brand,2017,88,US
KG-001985,1985,Mercedes-Benz,S-Class,car,luxury,excluded_luxury_or_exotic_brand,2016,150,US
KG-001986,1986,Land Rover,Range Rover Sport,suv,luxury,excluded_luxury_or_exotic_brand,2015,114,US
KG-001987,1987,Tesla,Model 3,car,electric_luxury,excluded_electric_brand,2018,99,US
KG-001989,1989,Maserati,Ghibli,car,luxury,excluded_luxury_or_exotic_brand,2015,112,US
KG-001990,1990,Tesla,Model 3,car,electric_luxury,excluded_electric_brand,2020,127,US
KG-001993,1993,Jaguar,XJ,car,luxury,excluded_luxury_or_exotic_brand,2013,101,US
KG-001994,1994,Tesla,Model X,suv,electric_luxury,excluded_electric_brand,2018,160,US
KG-001996,1996,Land Rover,Range Rover Sport,suv,luxury,excluded_luxury_or_exotic_brand,2014,148,US
KG-001997,1997,BMW,i8,car,luxury,excluded_luxury_or_exotic_brand,2015,209,US
KG-001998,1998,Tesla,Model 3,car,electric_luxury,excluded_electric_brand,2020,180,US
KG-002000,2000,BMW,X5,suv,luxury,excluded_luxury_or_exotic_brand,2015,102,US
KG-002001,2001,Tesla,Model X,suv,electric_luxury,excluded_electric_brand,2018,138,US
KG-002002,2002,Audi,TT RS,car,luxury,excluded_luxury_or_exotic_brand,2020,149,US
KG-002003,2003,Porsche,911,car,luxury,excluded_luxury_or_exotic_brand,2014,172,US
KG-002004,2004,Tesla,Model 3,car,electric_luxury,excluded_electric_brand,2018,103,US
KG-002007,2007,Tesla,Model 3,car,electric_luxury,excluded_electric_brand,2020,90,US
KG-002010,2010,Tesla,Model S,car,electric_luxury,excluded_electric_brand,2016,189,US
KG-002012,2012,Tesla,Model X,suv,electric_luxury,excluded_electric_brand,2017,234,US
KG-002013,2013,Tesla,Model 3,car,electric_luxury,excluded_electric_brand,2019,99,US
KG-002014,2014,Tesla,Model 3,car,electric_luxury,excluded_electric_brand,2017,167,US
KG-002015,2015,Bentley,Continental GT Speed,car,luxury,excluded_luxury_or_exotic_brand,2014,499,US
KG-002016,2016,BMW,M3,car,luxury,excluded_luxury_or_exotic_brand,2017,135,US
KG-002017,2017,Mercedes-Benz,S-Class,car,luxury,excluded_luxury_or_exotic_brand,2015,199,US
KG-002018,2018,Mercedes-benz,C-Class,car,luxury,excluded_luxury_or_exotic_brand,2019,112,US
KG-002020,2020,Jaguar,F-TYPE,car,luxury,excluded_luxury_or_exotic_brand,2017,81,US
KG-002021,2021,BMW,M4,car,luxury,excluded_luxury_or_exotic_brand,2016,137,US
KG-002022,2022,BMW,4 Series,car,luxury,excluded_luxury_or_exotic_brand,2016,80,US
KG-002024,2024,BMW,7 Series,car,luxury,excluded_luxury_or_exotic_brand,2013,108,US
KG-002027,2027,Tesla,Model 3,car,electric_luxury,excluded_electric_brand,2018,134,US
KG-002028,2028,BMW,i8,car,luxury,excluded_luxury_or_exotic_brand,2016,294,US
KG-002030,2030,Tesla,Model S,car,electric_luxury,excluded_electric_brand,2013,100,US
KG-002032,2032,Mercedes-Benz,E-Class,car,luxury,excluded_luxury_or_exotic_brand,2017,99,US
KG-002033,2033,Tesla,Model X,suv,electric_luxury,excluded_electric_brand,2017,266,US
KG-002034,2034,Porsche,Cayman,car,luxury,excluded_luxury_or_exotic_brand,2015,118,US
KG-002035,2035,Jaguar,F-TYPE,car,luxury,excluded_luxury_or_exotic_brand,2017,189,US
KG-002036,2036,Maserati,GranTurismo,car,luxury,excluded_luxury_or_exotic_brand,2014,349,US
KG-002037,2037,Tesla,Model 3,car,electric_luxury,excluded_electric_brand,2019,119,US
KG-002038,2038,BMW,4 Series,car,luxury,excluded_luxury_or_exotic_brand,2018,104,US
KG-002040,2040,BMW,3 Series,car,luxury,excluded_luxury_or_exotic_brand,2018,88,US
KG-002041,2041,Tesla,Model S,car,electric_luxury,excluded_electric_brand,2015,85,US
KG-002042,2042,Tesla,Model 3,car,electric_luxury,excluded_electric_brand,2018,123,US
KG-002044,2044,Land Rover,Range Rover Sport,suv,luxury,excluded_luxury_or_exotic_brand,2014,89,US
KG-002045,2045,Audi,Q5,suv,luxury,excluded_luxury_or_exotic_brand,2019,79,US
KG-002046,2046,Tesla,Model X,suv,electric_luxury,excluded_electric_brand,2019,299,US
KG-002048,2048,Mercedes-Benz,E-Class,car,luxury,excluded_luxury_or_exotic_brand,2017,112,US
KG-002050,2050,Audi,R8,car,luxury,excluded_luxury_or_exotic_brand,2015,269,US
KG-002051,2051,Audi,A6,car,luxury,excluded_luxury_or_exotic_brand,2016,95,US
KG-002052,2052,Mercedes-Benz,C-Class,car,luxury,excluded_luxury_or_exotic_brand,2017,106,US
KG-002055,2055,Mercedes-Benz,S-Class,car,luxury,excluded_luxury_or_exotic_brand,2017,147,US
KG-002056,2056,Tesla,Model 3,car,electric_luxury,excluded_electric_brand,2018,89,US
KG-002057,2057,Mercedes-Benz,C-Class,car,luxury,excluded_luxury_or_exotic_brand,2017,80,US
KG-002059,2059,Lamborghini,Gallardo,car,luxury,excluded_luxury_or_exotic_brand,2008,599,US
KG-002061,2061,Tesla,Model S,car,electric_luxury,excluded_electric_brand,2014,104,US
KG-002062,2062,BMW,7 Series,car,luxury,excluded_luxury_or_exotic_brand,2014,114,US
KG-002063,2063,Rolls Royce,Ghost,car,luxury,excluded_luxury_or_exotic_brand,2011,599,US
KG-002064,2064,Tesla,Model 3,car,electric_luxury,excluded_electric_brand,2018,138,US
KG-002065,2065,Jaguar,XJ,car,luxury,excluded_luxury_or_exotic_brand,2015,130,US
KG-002066,2066,Mercedes-Benz,CLA-Class,car,luxury,excluded_luxury_or_exotic_brand,2017,80,US
KG-002067,2067,Jaguar,F-TYPE,car,luxury,excluded_luxury_or_exotic_brand,2016,109,US
KG-002068,2068,Mercedes-Benz,C-Class,car,luxury,excluded_luxury_or_exotic_brand,2018,58,US
KG-002069,2069,Tesla,Model X,suv,electric_luxury,excluded_electric_brand,2018,174,US
KG-002070,2070,BMW,M4,car,luxury,excluded_luxury_or_exotic_brand,2015,129,US
KG-002071,2071,Tesla,Model Y,suv,electric_luxury,excluded_electric_brand,2020,154,US
KG-002073,2073,Tesla,Model Y,suv,electric_luxury,excluded_electric_brand,2020,154,US
KG-002074,2074,BMW,M3,car,luxury,excluded_luxury_or_exotic_brand,2018,150,US
KG-002076,2076,Audi,Q7,suv,luxury,excluded_luxury_or_exotic_brand,2018,130,US
KG-002077,2077,Land Rover,Range Rover Sport,suv,luxury,excluded_luxury_or_exotic_brand,2011,111,US
KG-002078,2078,Lexus,RX 350L,suv,luxury,excluded_luxury_or_exotic_brand,2018,58,US
KG-002079,2079,Porsche,718 Boxster,car,luxury,excluded_luxury_or_exotic_brand,2018,128,US
KG-002080,2080,Tesla,Model S,car,electric_luxury,excluded_electric_brand,2013,95,US
KG-002081,2081,Tesla,Model X,suv,electric_luxury,excluded_electric_brand,2018,99,US
KG-002082,2082,Jaguar,F-Type,car,luxury,excluded_luxury_or_exotic_brand,2014,129,US
KG-002083,2083,Mercedes-benz,C-Class,car,luxury,excluded_luxury_or_exotic_brand,2019,100,US
KG-002084,2084,Tesla,Model 3,car,electric_luxury,excluded_electric_brand,2020,139,US
KG-002085,2085,Tesla,Model S,car,electric_luxury,excluded_electric_brand,2013,100,US
KG-002087,2087,Polaris,Slingshot,car,non_passenger,excluded_non_passenger_vehicle,2019,88,US
KG-002088,2088,Porsche,718 Boxster,car,luxury,excluded_luxury_or_exotic_brand,2017,129,US
KG-002089,2089,Mercedes-benz,CLA-Class,car,luxury,excluded_luxury_or_exotic_brand,2019,90,US
KG-002090,2090,Mercedes-benz,GLE-Class,suv,luxury,excluded_luxury_or_exotic_brand,2019,158,US
KG-002091,2091,Tesla,Model X,suv,electric_luxury,excluded_electric_brand,2017,187,US
KG-002095,2095,Mercedes-Benz,C-Class,car,luxury,excluded_luxury_or_exotic_brand,2017,115,US
KG-002096,2096,BMW,4 Series,car,luxury,excluded_luxury_or_exotic_brand,2015,58,US
KG-002097,2097,Polaris,Slingshot,car,non_passenger,excluded_non_passenger_vehicle,2015,199,US
KG-002098,2098,Polaris,Slingshot,car,non_passenger,excluded_non_passenger_vehicle,2015,199,US
KG-002100,2100,BMW,2 Series,car,luxury,excluded_luxury_or_exotic_brand,2016,84,US
KG-002101,2101,Polaris,Slingshot,car,non_passenger,excluded_non_passenger_vehicle,2019,95,US
KG-002102,2102,BMW,2 Series,car,luxury,excluded_luxury_or_exotic_brand,2016,84,US
KG-002103,2103,Lexus,CT 200h,car,luxury,excluded_luxury_or_exotic_brand,2016,55,US
KG-002104,2104,Porsche,Macan,suv,luxury,excluded_luxury_or_exotic_brand,2017,131,US
KG-002106,2106,Maserati,GranTurismo,car,luxury,excluded_luxury_or_exotic_brand,2016,199,US
KG-002108,2108,Tesla,Model 3,car,electric_luxury,excluded_electric_brand,2018,120,US
KG-002109,2109,Polaris,Slingshot,car,non_passenger,excluded_non_passenger_vehicle,2015,199,US
KG-002110,2110,BMW,2 Series,car,luxury,excluded_luxury_or_exotic_brand,2016,81,US
KG-002111,2111,Porsche,Boxster,car,luxury,excluded_luxury_or_exotic_brand,2016,139,US
KG-002112,2112,Aston Martin,V8 Vantage,car,luxury,excluded_luxury_or_exotic_brand,2006,499,US
KG-002113,2113,Porsche,Boxster,car,luxury,excluded_luxury_or_exotic_brand,2013,89,US
KG-002116,2116,BMW,i3,car,luxury,excluded_luxury_or_exotic_brand,2017,56,US
KG-002117,2117,Tesla,Model 3,car,electric_luxury,excluded_electric_brand,2018,135,US
KG-002118,2118,Mercedes-Benz,SL-Class,car,luxury,excluded_luxury_or_exotic_brand,2015,149,US
KG-002119,2119,Dodge,Ram 1500 Classic,truck,commercial,excluded_truck_category,2019,46,US
KG-002120,2120,Porsche,Boxster,car,luxury,excluded_luxury_or_exotic_brand,2016,109,US
KG-002121,2121,Tesla,Model S,car,electric_luxury,excluded_electric_brand,2016,139,US
KG-002122,2122,Jaguar,XJ,car,luxury,excluded_luxury_or_exotic_brand,2016,89,US
KG-002123,2123,Mercedes-Benz,C-Class,car,luxury,excluded_luxury_or_exotic_brand,2017,170,US
KG-002124,2124,BMW,Z4,car,luxury,excluded_luxury_or_exotic_brand,2020,100,US
KG-002127,2127,Audi,Q7,suv,luxury,excluded_luxury_or_exotic_brand,2019,112,US
KG-002128,2128,Lotus,Evora 400,car,luxury,excluded_luxury_or_exotic_brand,2017,299,US
KG-002130,2130,Mercedes-Benz,GLC-Class,suv,luxury,excluded_luxury_or_exotic_brand,2018,58,US
KG-002132,2132,Lexus,LC 500,car,luxury,excluded_luxury_or_exotic_brand,2018,178,US
KG-002133,2133,Audi,Q5,suv,luxury,excluded_luxury_or_exotic_brand,2019,58,US
KG-002134,2134,Mercedes-Benz,AMG GT,car,luxury,excluded_luxury_or_exotic_brand,2016,209,US
KG-002135,2135,BMW,X1,suv,luxury,excluded_luxury_or_exotic_brand,2017,66,US
KG-002136,2136,BMW,M4,car,luxury,excluded_luxury_or_exotic_brand,2015,119,US
KG-002137,2137,Land Rover,Range Rover Sport,suv,luxury,excluded_luxury_or_exotic_brand,2014,299,US
KG-002138,2138,Maserati,Levante,suv,luxury,excluded_luxury_or_exotic_brand,2018,128,US
KG-002139,2139,Porsche,Boxster,car,luxury,excluded_luxury_or_exotic_brand,2013,109,US
KG-002140,2140,Lexus,LC 500,car,luxury,excluded_luxury_or_exotic_brand,2018,175,US
KG-002141,2141,Maserati,Ghibli,car,luxury,excluded_luxury_or_exotic_brand,2019,98,US
KG-002142,2142,Lexus,GX,suv,luxury,excluded_luxury_or_exotic_brand,2019,80,US
KG-002144,2144,Audi,R8,car,luxury,excluded_luxury_or_exotic_brand,2009,499,US
KG-002145,2145,Mercedes-Benz,Metris,minivan,luxury,excluded_luxury_or_exotic_brand,2016,78,US
KG-002146,2146,Mercedes-Benz,SLK-Class,car,luxury,excluded_luxury_or_exotic_brand,2014,75,US
KG-002149,2149,Maserati,Ghibli,car,luxury,excluded_luxury_or_exotic_brand,2016,250,US
KG-002151,2151,Porsche,Boxster,car,luxury,excluded_luxury_or_exotic_brand,2015,129,US
KG-002152,2152,Mercedes-Benz,CL-Class,car,luxury,excluded_luxury_or_exotic_brand,2008,70,US
KG-002153,2153,BMW,M4,car,luxury,excluded_luxury_or_exotic_brand,2018,159,US
KG-002154,2154,Polaris,Slingshot,car,non_passenger,excluded_non_passenger_vehicle,2019,119,US
KG-002155,2155,Ferrari,F430,car,luxury,excluded_luxury_or_exotic_brand,2007,777,US
KG-002157,2157,Land Rover,LR4,suv,luxury,excluded_luxury_or_exotic_brand,2014,99,US
KG-002159,2159,Audi,A4,car,luxury,excluded_luxury_or_exotic_brand,2017,95,US
KG-002163,2163,Tesla,Model S,car,electric_luxury,excluded_electric_brand,2017,98,US
KG-002164,2164,Maserati,Quattroporte,car,luxury,excluded_luxury_or_exotic_brand,2014,89,US
KG-002165,2165,Tesla,Model S,car,electric_luxury,excluded_electric_brand,2015,62,US
KG-002167,2167,Mercedes-Benz,S-Class,car,luxury,excluded_luxury_or_exotic_brand,2015,98,US
KG-002173,2173,BMW,Z4,car,luxury,excluded_luxury_or_exotic_brand,2019,69,US
KG-002177,2177,Mercedes-Benz,SLK-Class,car,luxury,excluded_luxury_or_exotic_brand,2016,77,US
KG-002178,2178,BMW,Z4,car,luxury,excluded_luxury_or_exotic_brand,2019,75,US
KG-002179,2179,Tesla,Model S,car,electric_luxury,excluded_electric_brand,2016,95,US
KG-002180,2180,Jaguar,F-TYPE,car,luxury,excluded_luxury_or_exotic_brand,2020,89,US
KG-002183,2183,Tesla,Model 3,car,electric_luxury,excluded_electric_brand,2019,79,US
KG-002184,2184,Porsche,Macan,suv,luxury,excluded_luxury_or_exotic_brand,2015,95,US
KG-002185,2185,Mercedes-Benz,SL-Class,car,luxury,excluded_luxury_or_exotic_brand,2009,63,US
KG-002199,2199,Mercedes-Benz,C-Class,car,luxury,excluded_luxury_or_exotic_brand,2017,55,US
KG-002200,2200,BMW,5-Series,car,luxury,excluded_luxury_or_exotic_brand,2019,69,US
KG-002202,2202,BMW,7-Series,car,luxury,excluded_luxury_or_exotic_brand,2019,119,US
KG-002207,2207,Lexus,NX 300,suv,luxury,excluded_luxury_or_exotic_brand,2018,45,US
KG-002208,2208,Tesla,Model X,suv,electric_luxury,excluded_electric_brand,2016,149,US
KG-002209,2209,Tesla,Model S,car,electric_luxury,excluded_electric_brand,2018,249,US
KG-002210,2210,Mercedes-benz,C-Class,car,luxury,excluded_luxury_or_exotic_brand,2019,79,US
KG-002212,2212,BMW,3 Series,car,luxury,excluded_luxury_or_exotic_brand,2011,39,US
KG-002213,2213,Porsche,Boxster,car,luxury,excluded_luxury_or_exotic_brand,2016,125,US
KG-002214,2214,Mercedes-Benz,C-Class,car,luxury,excluded_luxury_or_exotic_brand,2016,51,US
KG-002215,2215,Tesla,Model X,suv,electric_luxury,excluded_electric_brand,2018,123,US
KG-002219,2219,Maserati,Ghibli,car,luxury,excluded_luxury_or_exotic_brand,2016,100,US
KG-002222,2222,BMW,3 Series,car,luxury,excluded_luxury_or_exotic_brand,2015,48,US
KG-002225,2225,BMW,i8,car,luxury,excluded_luxury_or_exotic_brand,2015,159,US
KG-002227,2227,BMW,5 Series,car,luxury,excluded_luxury_or_exotic_brand,2014,45,US
KG-002231,2231,Mercedes-Benz,C-Class,car,luxury,excluded_luxury_or_exotic_brand,2018,79,US
KG-002233,2233,Porsche,Panamera,car,luxury,excluded_luxury_or_exotic_brand,2011,115,US
KG-002236,2236,BMW,3 Series,car,luxury,excluded_luxury_or_exotic_brand,2016,49,US
KG-002240,2240,Toyota,Tacoma,truck,commercial,excluded_truck_category,2020,35,US
KG-002241,2241,Mercedes-Benz,C-Class,car,luxury,excluded_luxury_or_exotic_brand,2015,55,US
KG-002243,2243,Mercedes-Benz,S-Class,car,luxury,excluded_luxury_or_exotic_brand,2017,189,US
KG-002245,2245,Tesla,Model 3,car,electric_luxury,excluded_electric_brand,2019,125,US
KG-002246,2246,Mercedes-benz,CLA-Class,car,luxury,excluded_luxury_or_exotic_brand,2020,65,US
KG-002247,2247,BMW,M4,car,luxury,excluded_luxury_or_exotic_brand,2016,109,US
KG-002248,2248,Mercedes-Benz,G-Class,suv,luxury,excluded_luxury_or_exotic_brand,2017,239,US
KG-002251,2251,Jaguar,F-Type,car,luxury,excluded_luxury_or_exotic_brand,2014,89,US
KG-002254,2254,Mercedes-Benz,C-Class,car,luxury,excluded_luxury_or_exotic_brand,2011,35,US
KG-002264,2264,Tesla,Model 3,car,electric_luxury,excluded_electric_brand,2019,109,US
KG-002267,2267,Tesla,Model X,suv,electric_luxury,excluded_electric_brand,2019,245,US
KG-002268,2268,BMW,3-Series,car,luxury,excluded_luxury_or_exotic_brand,2019,55,US
KG-002269,2269,Tesla,Model X,suv,electric_luxury,excluded_electric_brand,2017,149,US
KG-002273,2273,BMW,7 Series,car,luxury,excluded_luxury_or_exotic_brand,2017,93,US
KG-002274,2274,Lexus,RX 350,suv,luxury,excluded_luxury_or_exotic_brand,2013,43,US
KG-002276,2276,Mercedes-benz,CLS-Class,car,luxury,excluded_luxury_or_exotic_brand,2019,119,US
KG-002277,2277,BMW,7 Series,car,luxury,excluded_luxury_or_exotic_brand,2018,199,US
KG-002278,2278,Tesla,Model 3,car,electric_luxury,excluded_electric_brand,2020,106,US
KG-002281,2281,BMW,3 Series,car,luxury,excluded_luxury_or_exotic_brand,2013,59,US
KG-002282,2282,BMW,M4,car,luxury,excluded_luxury_or_exotic_brand,2017,119,US
KG-002284,2284,Lexus,ES 350,car,luxury,excluded_luxury_or_exotic_brand,2010,35,US
KG-002285,2285,Lamborghini,Huracan,car,luxury,excluded_luxury_or_exotic_brand,2019,799,US
KG-002286,2286,Porsche,718 Boxster,car,luxury,excluded_luxury_or_exotic_brand,2017,210,US
KG-002288,2288,Land Rover,Range Rover Sport,suv,luxury,excluded_luxury_or_exotic_brand,2016,155,US
KG-002292,2292,Mercedes-Benz,S-Class,car,luxury,excluded_luxury_or_exotic_brand,2016,81,US
KG-002294,2294,Lamborghini,Huracan,car,luxury,excluded_luxury_or_exotic_brand,2018,755,US
KG-002297,2297,BMW,5 Series,car,luxury,excluded_luxury_or_exotic_brand,2018,92,US
KG-002299,2299,Mercedes-Benz,S-Class,car,luxury,excluded_luxury_or_exotic_brand,2016,199,US
KG-002300,2300,Porsche,718 Boxster,car,luxury,excluded_luxury_or_exotic_brand,2017,115,US
KG-002301,2301,Mercedes-Benz,G-Class,suv,luxury,excluded_luxury_or_exotic_brand,2013,175,US
KG-002302,2302,BMW,M4,car,luxury,excluded_luxury_or_exotic_brand,2015,90,US
KG-002304,2304,BMW,M4,car,luxury,excluded_luxury_or_exotic_brand,2015,99,US
KG-002306,2306,Porsche,718 Boxster,car,luxury,excluded_luxury_or_exotic_brand,2018,124,US
KG-002307,2307,Porsche,Boxster,car,luxury,excluded_luxury_or_exotic_brand,2014,159,US
KG-002308,2308,Jaguar,F-TYPE,car,luxury,excluded_luxury_or_exotic_brand,2018,169,US
KG-002309,2309,Porsche,Boxster,car,luxury,excluded_luxury_or_exotic_brand,2014,159,US
KG-002310,2310,BMW,i8,car,luxury,excluded_luxury_or_exotic_brand,2016,159,US
KG-002312,2312,Tesla,Model S,car,electric_luxury,excluded_electric_brand,2015,82,US
KG-002313,2313,BMW,3 Series,car,luxury,excluded_luxury_or_exotic_brand,2009,37,US
KG-002314,2314,BMW,Z4,car,luxury,excluded_luxury_or_exotic_brand,2013,59,US
KG-002317,2317,Tesla,Model S,car,electric_luxury,excluded_electric_brand,2020,127,US
KG-002318,2318,Lamborghini,Huracan,car,luxury,excluded_luxury_or_exotic_brand,2019,999,US
KG-002322,2322,Land Rover,Range Rover Velar,suv,luxury,excluded_luxury_or_exotic_brand,2020,78,US
KG-002324,2324,Tesla,Model S,car,electric_luxury,excluded_electric_brand,2017,91,US
KG-002325,2325,Porsche,718 Boxster,car,luxury,excluded_luxury_or_exotic_brand,2017,199,US
KG-002326,2326,Porsche,Boxster,car,luxury,excluded_luxury_or_exotic_brand,2014,169,US
KG-002327,2327,Mercedes-Benz,S-Class,car,luxury,excluded_luxury_or_exotic_brand,2015,199,US
KG-002329,2329,BMW,7 Series,car,luxury,excluded_luxury_or_exotic_brand,2018,230,US
KG-002330,2330,Ferrari,488 Gtb,car,luxury,excluded_luxury_or_exotic_brand,2019,665,US
KG-002331,2331,Tesla,Model 3,car,electric_luxury,excluded_electric_brand,2018,95,US
KG-002332,2332,BMW,7 Series,car,luxury,excluded_luxury_or_exotic_brand,2016,132,US
KG-002333,2333,Mercedes-Benz,G-Class,suv,luxury,excluded_luxury_or_exotic_brand,2017,299,US
KG-002334,2334,Land Rover,Range Rover Evoque,suv,luxury,excluded_luxury_or_exotic_brand,2012,60,US
KG-002347,2347,Audi,A3,car,luxury,excluded_luxury_or_exotic_brand,2019,75,US
KG-002363,2363,Mercedes-Benz,C-Class,car,luxury,excluded_luxury_or_exotic_brand,2016,72,US
KG-002365,2365,Maserati,Ghibli,car,luxury,excluded_luxury_or_exotic_brand,2017,225,US
KG-002366,2366,Land Rover,Range Rover,suv,luxury,excluded_luxury_or_exotic_brand,2013,160,US
KG-002368,2368,Tesla,Model X,suv,electric_luxury,excluded_electric_brand,2016,180,US
KG-002369,2369,Lotus,Exige,car,luxury,excluded_luxury_or_exotic_brand,2007,280,US
KG-002370,2370,Tesla,Model 3,car,electric_luxury,excluded_electric_brand,2019,126,US
KG-002372,2372,Tesla,Model S,car,electric_luxury,excluded_electric_brand,2015,195,US
KG-002383,2383,BMW,M6 Gran Coupe,car,luxury,excluded_luxury_or_exotic_brand,2016,130,US
KG-002384,2384,Maserati,Ghibli,car,luxury,excluded_luxury_or_exotic_brand,2015,84,US
KG-002385,2385,Tesla,Model 3,car,electric_luxury,excluded_electric_brand,2020,100,US
KG-002386,2386,Tesla,Model X,suv,electric_luxury,excluded_electric_brand,2016,145,US
KG-002387,2387,BMW,M3,car,luxury,excluded_luxury_or_exotic_brand,2004,69,US
KG-002388,2388,Mercedes-Benz,GLE-Class,suv,luxury,excluded_luxury_or_exotic_brand,2016,86,US
KG-002391,2391,Tesla,Model X,suv,electric_luxury,excluded_electric_brand,2020,179,US
KG-002392,2392,Tesla,Model 3,car,electric_luxury,excluded_electric_brand,2019,100,US
KG-002393,2393,Tesla,Model 3,car,electric_luxury,excluded_electric_brand,2018,129,US
KG-002394,2394,Tesla,Model X,suv,electric_luxury,excluded_electric_brand,2019,200,US
KG-002400,2400,Mercedes-Benz,C-Class,car,luxury,excluded_luxury_or_exotic_brand,2015,54,US
KG-002402,2402,Tesla,Model X,suv,electric_luxury,excluded_electric_brand,2019,189,US
KG-002403,2403,Mercedes-Benz,C-Class,car,luxury,excluded_luxury_or_exotic_brand,2016,54,US
KG-002404,2404,Tesla,Model 3,car,electric_luxury,excluded_electric_brand,2020,104,US
KG-002406,2406,Mercedes-Benz,CLS-Class,car,luxury,excluded_luxury_or_exotic_brand,2017,95,US
KG-002407,2407,Mercedes-Benz,E-Class,car,luxury,excluded_luxury_or_exotic_brand,2014,56,US
KG-002412,2412,Jaguar,XF,car,luxury,excluded_luxury_or_exotic_brand,2010,59,US
KG-002413,2413,Tesla,Model 3,car,electric_luxury,excluded_electric_brand,2018,129,US
KG-002414,2414,BMW,3 Series,car,luxury,excluded_luxury_or_exotic_brand,2014,58,US
KG-002416,2416,Mercedes-Benz,GLK-Class,suv,luxury,excluded_luxury_or_exotic_brand,2012,52,US
KG-002417,2417,Mercedes-Benz,C-Class,car,luxury,excluded_luxury_or_exotic_brand,2012,55,US
KG-002418,2418,BMW,3 Series,car,luxury,excluded_luxury_or_exotic_brand,2010,50,US
KG-002419,2419,Mercedes-Benz,S-Class,car,luxury,excluded_luxury_or_exotic_brand,2010,69,US
KG-002420,2420,Tesla,Model S,car,electric_luxury,excluded_electric_brand,2018,92,US
KG-002421,2421,BMW,2-Series,car,luxury,excluded_luxury_or_exotic_brand,2019,65,US
KG-002424,2424,Mercedes-Benz,C-Class,car,luxury,excluded_luxury_or_exotic_brand,2012,49,US
KG-002425,2425,Mercedes-Benz,E-Class,car,luxury,excluded_luxury_or_exotic_brand,2012,63,US
KG-002426,2426,Mercedes-Benz,C-Class,car,luxury,excluded_luxury_or_exotic_brand,2012,50,US
KG-002434,2434,Tesla,Model 3,car,electric_luxury,excluded_electric_brand,2019,125,US
KG-002436,2436,Ford,F-150,truck,commercial,excluded_truck_category,2016,55,US
KG-002439,2439,Tesla,Model 3,car,electric_luxury,excluded_electric_brand,2019,110,US
KG-002440,2440,Mercedes-Benz,C-Class,car,luxury,excluded_luxury_or_exotic_brand,2016,74,US
KG-002442,2442,Mercedes-Benz,GLK-Class,suv,luxury,excluded_luxury_or_exotic_brand,2015,65,US
KG-002443,2443,BMW,X5,suv,luxury,excluded_luxury_or_exotic_brand,2012,69,US
KG-002444,2444,Mercedes-Benz,C-Class,car,luxury,excluded_luxury_or_exotic_brand,2014,99,US
KG-002446,2446,BMW,i8,car,luxury,excluded_luxury_or_exotic_brand,2016,230,US
KG-002451,2451,Audi,A6,car,luxury,excluded_luxury_or_exotic_brand,2016,100,US
KG-002454,2454,Porsche,Boxster,car,luxury,excluded_luxury_or_exotic_brand,2014,132,US
KG-002455,2455,Mercedes-Benz,M-Class,suv,luxury,excluded_luxury_or_exotic_brand,2012,65,US
KG-002456,2456,Audi,R8,car,luxury,excluded_luxury_or_exotic_brand,2014,299,US
KG-002458,2458,Tesla,Model 3,car,electric_luxury,excluded_electric_brand,2019,94,US
KG-002459,2459,Porsche,911,car,luxury,excluded_luxury_or_exotic_brand,2013,177,US
KG-002460,2460,Mercedes-Benz,Metris,minivan,luxury,excluded_luxury_or_exotic_brand,2016,80,US
KG-002462,2462,Porsche,718 Cayman,car,luxury,excluded_luxury_or_exotic_brand,2018,119,US
KG-002463,2463,Maserati,Ghibli,car,luxury,excluded_luxury_or_exotic_brand,2016,89,US
KG-002472,2472,BMW,Z4,car,luxury,excluded_luxury_or_exotic_brand,2019,100,US
KG-002475,2475,Jaguar,F-TYPE,car,luxury,excluded_luxury_or_exotic_brand,2014,176,US
KG-002478,2478,Tesla,Model X,suv,electric_luxury,excluded_electric_brand,2016,139,US
KG-002479,2479,Tesla,Model S,car,electric_luxury,excluded_electric_brand,2018,150,US
KG-002481,2481,Audi,S5,car,luxury,excluded_luxury_or_exotic_brand,2015,99,US
KG-002483,2483,Porsche,718 Cayman,car,luxury,excluded_luxury_or_exotic_brand,2018,165,US
KG-002484,2484,BMW,i3,car,luxury,excluded_luxury_or_exotic_brand,2016,80,US
KG-002485,2485,Lexus,RX 350,suv,luxury,excluded_luxury_or_exotic_brand,2018,65,US
KG-002488,2488,BMW,3 Series,car,luxury,excluded_luxury_or_exotic_brand,2014,48,US
KG-002489,2489,Mercedes-Benz,GLE-Class Coupe,suv,luxury,excluded_luxury_or_exotic_brand,2018,182,US
KG-002493,2493,Maserati,Ghibli,car,luxury,excluded_luxury_or_exotic_brand,2015,139,US
KG-002494,2494,Mercedes-Benz,E-Class,car,luxury,excluded_luxury_or_exotic_brand,2014,75,US
KG-002495,2495,Lexus,LC 500,car,luxury,excluded_luxury_or_exotic_brand,2018,250,US
KG-002497,2497,Porsche,Macan,suv,luxury,excluded_luxury_or_exotic_brand,2017,104,US
KG-002499,2499,Tesla,Model 3,car,electric_luxury,excluded_electric_brand,2020,145,US
KG-002505,2505,Lexus,RX,suv,luxury,excluded_luxury_or_exotic_brand,2019,113,US
KG-002506,2506,Porsche,911,car,luxury,excluded_luxury_or_exotic_brand,2016,150,US
KG-002508,2508,Jaguar,F-TYPE,car,luxury,excluded_luxury_or_exotic_brand,2016,109,US
KG-002509,2509,Land Rover,Range Rover Sport,suv,luxury,excluded_luxury_or_exotic_brand,2014,125,US
KG-002512,2512,Tesla,Model X,suv,electric_luxury,excluded_electric_brand,2018,235,US
KG-002522,2522,Tesla,Model 3,car,electric_luxury,excluded_electric_brand,2018,135,US
KG-002523,2523,Ram,1500,truck,commercial,excluded_truck_category,2014,75,US
KG-002526,2526,Lexus,ES 350,car,luxury,excluded_luxury_or_exotic_brand,2009,40,US
KG-002529,2529,Lexus,ES 350,car,luxury,excluded_luxury_or_exotic_brand,2015,119,US
KG-002540,2540,Audi,Q7,suv,luxury,excluded_luxury_or_exotic_brand,2017,180,US
KG-002545,2545,BMW,1 Series,car,luxury,excluded_luxury_or_exotic_brand,2011,89,US
KG-002557,2557,Mercedes-Benz,GLK-Class,suv,luxury,excluded_luxury_or_exotic_brand,2014,70,US
KG-002562,2562,Lexus,ES 350,car,luxury,excluded_luxury_or_exotic_brand,2014,65,US
KG-002573,2573,Lexus,CT 200h,car,luxury,excluded_luxury_or_exotic_brand,2012,44,US
KG-002578,2578,Mercedes-Benz,C-Class,car,luxury,excluded_luxury_or_exotic_brand,2016,87,US
KG-002580,2580,BMW,X5,suv,luxury,excluded_luxury_or_exotic_brand,2014,102,US
KG-002585,2585,Mercedes-Benz,E-Class,car,luxury,excluded_luxury_or_exotic_brand,2011,78,US
KG-002586,2586,Mercedes-Benz,E-Class,car,luxury,excluded_luxury_or_exotic_brand,2017,72,US
KG-002590,2590,BMW,i3,car,luxury,excluded_luxury_or_exotic_brand,2015,69,US
KG-002591,2591,Mercedes-Benz,E-Class,car,luxury,excluded_luxury_or_exotic_brand,2010,89,US
KG-002592,2592,BMW,X3,suv,luxury,excluded_luxury_or_exotic_brand,2012,79,US
KG-002603,2603,Tesla,Model X,suv,electric_luxury,excluded_electric_brand,2020,189,US
KG-002604,2604,Tesla,Model S,car,electric_luxury,excluded_electric_brand,2019,149,US
KG-002605,2605,Tesla,Model X,suv,electric_luxury,excluded_electric_brand,2017,177,US
KG-002606,2606,Tesla,Model X,suv,electric_luxury,excluded_electric_brand,2018,205,US
KG-002607,2607,Lotus,Evora,car,luxury,excluded_luxury_or_exotic_brand,2010,399,US
KG-002608,2608,Tesla,Model 3,car,electric_luxury,excluded_electric_brand,2018,158,US
KG-002609,2609,BMW,2 Series,car,luxury,excluded_luxury_or_exotic_brand,2017,105,US
KG-002610,2610,Lexus,ES 350,car,luxury,excluded_luxury_or_exotic_brand,2010,56,US
KG-002612,2612,BMW,3 Series,car,luxury,excluded_luxury_or_exotic_brand,2017,70,US
KG-002613,2613,Mercedes-Benz,E-Class,car,luxury,excluded_luxury_or_exotic_brand,2014,202,US
KG-002614,2614,Jaguar,XF,car,luxury,excluded_luxury_or_exotic_brand,2018,199,US
KG-002615,2615,GMC,Sierra 1500,truck,commercial,excluded_truck_category,2018,176,US
KG-002617,2617,Lexus,LS 460,car,luxury,excluded_luxury_or_exotic_brand,2008,44,US
KG-002625,2625,Tesla,Model S,car,electric_luxury,excluded_electric_brand,2018,100,US
KG-002626,2626,Mercedes-Benz,S-Class,car,luxury,excluded_luxury_or_exotic_brand,2015,176,US
KG-002629,2629,Mercedes-Benz,SLC-Class,car,luxury,excluded_luxury_or_exotic_brand,2017,134,US
KG-002634,2634,Audi,A6,car,luxury,excluded_luxury_or_exotic_brand,2018,80,US
KG-002636,2636,Mercedes-Benz,S-Class,car,luxury,excluded_luxury_or_exotic_brand,2015,150,US
KG-002650,2650,Porsche,Cayman,car,luxury,excluded_luxury_or_exotic_brand,2016,150,US
KG-002654,2654,Porsche,Boxster,car,luxury,excluded_luxury_or_exotic_brand,2014,160,US
KG-002673,2673,Porsche,911,car,luxury,excluded_luxury_or_exotic_brand,2017,200,US
KG-002674,2674,Tesla,Model X,suv,electric_luxury,excluded_electric_brand,2016,176,US
KG-002680,2680,BMW,i8,car,luxury,excluded_luxury_or_exotic_brand,2016,249,US
KG-002682,2682,Mercedes-Benz,CLA-Class,car,luxury,excluded_luxury_or_exotic_brand,2018,79,US
KG-002687,2687,BMW,3 Series,car,luxury,excluded_luxury_or_exotic_brand,2017,69,US
KG-002690,2690,BMW,2 Series,car,luxury,excluded_luxury_or_exotic_brand,2015,82,US
KG-002691,2691,Mercedes-Benz,C-Class,car,luxury,excluded_luxury_or_exotic_brand,2017,159,US
KG-002692,2692,Maserati,Levante,suv,luxury,excluded_luxury_or_exotic_brand,2017,149,US
KG-002693,2693,Land Rover,Range Rover,suv,luxury,excluded_luxury_or_exotic_brand,2020,192,US
KG-002697,2697,Mercedes-Benz,E-Class,car,luxury,excluded_luxury_or_exotic_brand,2014,68,US
KG-002698,2698,Porsche,Boxster,car,luxury,excluded_luxury_or_exotic_brand,2016,168,US
KG-002701,2701,Porsche,Boxster,car,luxury,excluded_luxury_or_exotic_brand,2013,129,US
KG-002702,2702,Mercedes-Benz,S-Class,car,luxury,excluded_luxury_or_exotic_brand,2015,230,US
KG-002703,2703,Tesla,Model 3,car,electric_luxury,excluded_electric_brand,2019,138,US
KG-002705,2705,Mercedes-Benz,AMG GT,car,luxury,excluded_luxury_or_exotic_brand,2016,250,US
KG-002707,2707,BMW,3 Series,car,luxury,excluded_luxury_or_exotic_brand,2016,62,US
KG-002709,2709,Audi,A6,car,luxury,excluded_luxury_or_exotic_brand,2016,94,US
KG-002711,2711,Maserati,Quattroporte,car,luxury,excluded_luxury_or_exotic_brand,2015,105,US
KG-002718,2718,Tesla,Model 3,car,electric_luxury,excluded_electric_brand,2019,140,US
KG-002719,2719,Tesla,Model S,car,electric_luxury,excluded_electric_brand,2017,200,US
KG-002720,2720,Porsche,Boxster,car,luxury,excluded_luxury_or_exotic_brand,2013,149,US
KG-002721,2721,Porsche,Boxster,car,luxury,excluded_luxury_or_exotic_brand,2013,149,US
KG-002722,2722,Lexus,GX,suv,luxury,excluded_luxury_or_exotic_brand,2019,92,US
KG-002725,2725,Tesla,Model 3,car,electric_luxury,excluded_electric_brand,2020,108,US
KG-002726,2726,Ford,F-450 Super Duty,truck,commercial,excluded_truck_category,2015,75,US
KG-002728,2728,Tesla,Model 3,car,electric_luxury,excluded_electric_brand,2020,129,US
KG-002729,2729,Mercedes-Benz,E-Class,car,luxury,excluded_luxury_or_exotic_brand,2010,59,US
KG-002730,2730,Tesla,Model 3,car,electric_luxury,excluded_electric_brand,2020,185,US
KG-002735,2735,Ford,F-150,truck,commercial,excluded_truck_category,2019,96,US
KG-002743,2743,Tesla,Model Y,suv,electric_luxury,excluded_electric_brand,2020,250,US
KG-002744,2744,BMW,3 Series,car,luxury,excluded_luxury_or_exotic_brand,2018,64,US
KG-002748,2748,Lexus,CT 200h,car,luxury,excluded_luxury_or_exotic_brand,2015,62,US
KG-002749,2749,Lexus,HS 250h,car,luxury,excluded_luxury_or_exotic_brand,2010,47,US
KG-002751,2751,Lexus,HS 250h,car,luxury,excluded_luxury_or_exotic_brand,2010,47,US
KG-002753,2753,Lexus,HS 250h,car,luxury,excluded_luxury_or_exotic_brand,2010,49,US
KG-002757,2757,Lexus,CT 200h,car,luxury,excluded_luxury_or_exotic_brand,2013,47,US
KG-002758,2758,Lexus,CT 200h,car,luxury,excluded_luxury_or_exotic_brand,2012,47,US
KG-002769,2769,Mercedes-Benz,GLC-Class,suv,luxury,excluded_luxury_or_exotic_brand,2018,360,US
KG-002773,2773,Polaris,Slingshot,car,non_passenger,excluded_non_passenger_vehicle,2017,212,US
KG-002774,2774,Polaris,Slingshot,car,non_passenger,excluded_non_passenger_vehicle,2016,212,US
KG-002775,2775,Polaris,Slingshot,car,non_passenger,excluded_non_passenger_vehicle,2019,211,US
KG-002776,2776,Mercedes-Benz,Sprinter,van,luxury,excluded_luxury_or_exotic_brand,2015,133,US
KG-002783,2783,Tesla,Model S,car,electric_luxury,excluded_electric_brand,2015,150,US
KG-002785,2785,Mercedes-Benz,C-Class,car,luxury,excluded_luxury_or_exotic_brand,2016,74,US
KG-002788,2788,Tesla,Model S,car,electric_luxury,excluded_electric_brand,2015,133,US
KG-002790,2790,GMC,Sierra 1500,truck,commercial,excluded_truck_category,2008,53,US
KG-002791,2791,Tesla,Model 3,car,electric_luxury,excluded_electric_brand,2018,127,US
KG-002793,2793,Tesla,Model 3,car,electric_luxury,excluded_electric_brand,2018,148,US
KG-002794,2794,BMW,4 Series,car,luxury,excluded_luxury_or_exotic_brand,2014,80,US
KG-002797,2797,Land Rover,Range Rover Sport,suv,luxury,excluded_luxury_or_exotic_brand,2016,163,US
KG-002798,2798,Tesla,Model S,car,electric_luxury,excluded_electric_brand,2013,150,US
KG-002800,2800,Tesla,Model Y,suv,electric_luxury,excluded_electric_brand,2020,159,US
KG-002811,2811,Tesla,Model 3,car,electric_luxury,excluded_electric_brand,2019,130,US
KG-002814,2814,Land Rover,Range Rover Evoque,suv,luxury,excluded_luxury_or_exotic_brand,2013,80,US
KG-002821,2821,Lexus,IS 250,car,luxury,excluded_luxury_or_exotic_brand,2015,75,US
KG-002822,2822,Land Rover,Range Rover Sport,suv,luxury,excluded_luxury_or_exotic_brand,2011,161,US
KG-002824,2824,Ram,1500,truck,commercial,excluded_truck_category,2013,54,US
KG-002827,2827,Porsche,Panamera,car,luxury,excluded_luxury_or_exotic_brand,2012,89,US
KG-002828,2828,Audi,A3,car,luxury,excluded_luxury_or_exotic_brand,2017,71,US
KG-002829,2829,Porsche,Macan,suv,luxury,excluded_luxury_or_exotic_brand,2017,129,US
KG-002841,2841,Ford,F-150,truck,commercial,excluded_truck_category,2019,65,US
KG-002858,2858,Toyota,Tacoma,truck,commercial,excluded_truck_category,2017,60,US
KG-002866,2866,BMW,X3,suv,luxury,excluded_luxury_or_exotic_brand,2013,61,US
KG-002874,2874,Porsche,Boxster,car,luxury,excluded_luxury_or_exotic_brand,2009,69,US
KG-002885,2885,Audi,Q5,suv,luxury,excluded_luxury_or_exotic_brand,2010,50,US
KG-002888,2888,Ford,F-150,truck,commercial,excluded_truck_category,2015,64,US
KG-002890,2890,BMW,Z4,car,luxury,excluded_luxury_or_exotic_brand,2006,49,US
KG-002891,2891,Mercedes-Benz,SLK-Class,car,luxury,excluded_luxury_or_exotic_brand,2007,49,US
KG-002893,2893,Mercedes-Benz,C-Class,car,luxury,excluded_luxury_or_exotic_brand,2010,45,US
KG-002894,2894,Audi,TT,car,luxury,excluded_luxury_or_exotic_brand,2010,42,US
KG-002897,2897,Mercedes-Benz,M-Class,suv,luxury,excluded_luxury_or_exotic_brand,2011,39,US
KG-002899,2899,Audi,A5,car,luxury,excluded_luxury_or_exotic_brand,2011,42,US
KG-002903,2903,BMW,5 Series,car,luxury,excluded_luxury_or_exotic_brand,2007,32,US
KG-002905,2905,BMW,X5,suv,luxury,excluded_luxury_or_exotic_brand,2008,32,US
KG-002907,2907,Mercedes-Benz,C-Class,car,luxury,excluded_luxury_or_exotic_brand,2007,29,US
KG-002911,2911,Audi,A4,car,luxury,excluded_luxury_or_exotic_brand,2007,29,US
KG-002915,2915,Maserati,Ghibli,car,luxury,excluded_luxury_or_exotic_brand,2016,155,US
KG-002916,2916,Audi,Q7,suv,luxury,excluded_luxury_or_exotic_brand,2018,129,US
KG-002917,2917,Mercedes-Benz,C-Class,car,luxury,excluded_luxury_or_exotic_brand,2017,97,US
KG-002918,2918,Audi,S5,car,luxury,excluded_luxury_or_exotic_brand,2018,129,US
KG-002919,2919,BMW,4-Series,car,luxury,excluded_luxury_or_exotic_brand,2019,95,US
KG-002920,2920,Polaris,Slingshot,car,non_passenger,excluded_non_passenger_vehicle,2015,250,US
KG-002922,2922,Tesla,Model 3,car,electric_luxury,excluded_electric_brand,2018,166,US
KG-002923,2923,Mercedes-Benz,E-Class,car,luxury,excluded_luxury_or_exotic_brand,2012,109,US
KG-002925,2925,BMW,3 Series,car,luxury,excluded_luxury_or_exotic_brand,2014,127,US
KG-002930,2930,Lexus,RC 350,car,luxury,excluded_luxury_or_exotic_brand,2015,215,US
KG-002943,2943,Land Rover,Range Rover,suv,luxury,excluded_luxury_or_exotic_brand,2019,300,US
KG-002944,2944,Ford,F-250 Super Duty,truck,commercial,excluded_truck_category,2017,300,US
KG-002953,2953,Porsche,Macan,suv,luxury,excluded_luxury_or_exotic_brand,2019,80,US
KG-002961,2961,BMW,X1,suv,luxury,excluded_luxury_or_exotic_brand,2014,51,US
KG-002963,2963,Porsche,Panamera,car,luxury,excluded_luxury_or_exotic_brand,2014,148,US
KG-002966,2966,Tesla,Model 3,car,electric_luxury,excluded_electric_brand,2018,98,US
KG-002967,2967,BMW,2 Series,car,luxury,excluded_luxury_or_exotic_brand,2016,90,US
KG-002968,2968,Tesla,Model 3,car,electric_luxury,excluded_electric_brand,2020,96,US
KG-002972,2972,BMW,3 Series,car,luxury,excluded_luxury_or_exotic_brand,2008,50,US
KG-002974,2974,Tesla,Model 3,car,electric_luxury,excluded_electric_brand,2018,99,US
KG-002976,2976,Tesla,Model 3,car,electric_luxury,excluded_electric_brand,2018,89,US
KG-002981,2981,BMW,Z4,car,luxury,excluded_luxury_or_exotic_brand,2011,99,US
KG-002982,2982,Porsche,Macan,suv,luxury,excluded_luxury_or_exotic_brand,2015,159,US
KG-002983,2983,Audi,SQ5,suv,luxury,excluded_luxury_or_exotic_brand,2019,99,US
KG-002984,2984,Tesla,Model 3,car,electric_luxury,excluded_electric_brand,2018,120,US
KG-002985,2985,BMW,X6,suv,luxury,excluded_luxury_or_exotic_brand,2017,149,US
KG-002986,2986,Audi,A8 L,car,luxury,excluded_luxury_or_exotic_brand,2019,170,US
KG-002987,2987,BMW,Z4,car,luxury,excluded_luxury_or_exotic_brand,2009,67,US
KG-002988,2988,Porsche,Cayenne,suv,luxury,excluded_luxury_or_exotic_brand,2014,150,US
KG-002990,2990,Mercedes-Benz,GL-Class,suv,luxury,excluded_luxury_or_exotic_brand,2016,139,US
KG-002991,2991,BMW,X6,suv,luxury,excluded_luxury_or_exotic_brand,2017,149,US
KG-002993,2993,Lexus,ES 350,car,luxury,excluded_luxury_or_exotic_brand,2016,56,US
KG-002995,2995,Audi,A5,car,luxury,excluded_luxury_or_exotic_brand,2018,81,US
KG-002996,2996,Porsche,Boxster,car,luxury,excluded_luxury_or_exotic_brand,2013,159,US
KG-002998,2998,BMW,5 Series,car,luxury,excluded_luxury_or_exotic_brand,2011,74,US
KG-003000,3000,BMW,3 Series,car,luxury,excluded_luxury_or_exotic_brand,2014,65,US
KG-003002,3002,Audi,A4,car,luxury,excluded_luxury_or_exotic_brand,2018,75,US
KG-003003,3003,BMW,X1,suv,luxury,excluded_luxury_or_exotic_brand,2016,64,US
KG-003004,3004,Mercedes-benz,GLE-Class,suv,luxury,excluded_luxury_or_exotic_brand,2019,149,US
KG-003005,3005,BMW,X1,suv,luxury,excluded_luxury_or_exotic_brand,2016,64,US
KG-003007,3007,Tesla,Model 3,car,electric_luxury,excluded_electric_brand,2019,86,US
KG-003008,3008,Porsche,911,car,luxury,excluded_luxury_or_exotic_brand,2000,139,US
KG-003009,3009,BMW,3 Series,car,luxury,excluded_luxury_or_exotic_brand,2017,69,US
KG-003010,3010,Mercedes-Benz,GL-Class,suv,luxury,excluded_luxury_or_exotic_brand,2009,63,US
KG-003011,3011,Tesla,Model X,suv,electric_luxury,excluded_electric_brand,2018,199,US
KG-003013,3013,Maserati,Ghibli,car,luxury,excluded_luxury_or_exotic_brand,2018,195,US
KG-003014,3014,BMW,5-Series,car,luxury,excluded_luxury_or_exotic_brand,2019,85,US
KG-003015,3015,BMW,X1,suv,luxury,excluded_luxury_or_exotic_brand,2016,64,US
KG-003016,3016,Tesla,Model 3,car,electric_luxury,excluded_electric_brand,2019,117,US
KG-003017,3017,Tesla,Model S,car,electric_luxury,excluded_electric_brand,2019,157,US
KG-003018,3018,BMW,X4,suv,luxury,excluded_luxury_or_exotic_brand,2018,79,US
KG-003019,3019,Ford,F-150,truck,commercial,excluded_truck_category,2019,75,US
KG-003020,3020,Tesla,Model 3,car,electric_luxury,excluded_electric_brand,2018,152,US
KG-003021,3021,Ford,F-150,truck,commercial,excluded_truck_category,2018,106,US
KG-003030,3030,Chevrolet,Silverado 2500HD,truck,commercial,excluded_truck_category,2018,100,US
KG-003034,3034,BMW,5 Series,car,luxury,excluded_luxury_or_exotic_brand,2012,45,US
KG-003037,3037,Ford,F-150,truck,commercial,excluded_truck_category,2010,78,US
KG-003057,3057,Tesla,Model 3,car,electric_luxury,excluded_electric_brand,2019,159,US
KG-003059,3059,BMW,5 Series,car,luxury,excluded_luxury_or_exotic_brand,2015,75,US
KG-003065,3065,Toyota,Tacoma,truck,commercial,excluded_truck_category,2019,125,US
KG-003066,3066,Land Rover,Range Rover,suv,luxury,excluded_luxury_or_exotic_brand,2015,194,US
KG-003075,3075,BMW,3 Series,car,luxury,excluded_luxury_or_exotic_brand,2017,57,US
KG-003076,3076,BMW,3 Series,car,luxury,excluded_luxury_or_exotic_brand,2015,57,US
KG-003077,3077,Tesla,Model S,car,electric_luxury,excluded_electric_brand,2016,120,US
KG-003079,3079,BMW,4 Series Gran Coupe,car,luxury,excluded_luxury_or_exotic_brand,2015,70,US
KG-003081,3081,Tesla,Model 3,car,electric_luxury,excluded_electric_brand,2018,78,US
KG-003082,3082,Tesla,Model S,car,electric_luxury,excluded_electric_brand,2015,101,US
KG-003086,3086,Tesla,Model 3,car,electric_luxury,excluded_electric_brand,2018,166,US
KG-003088,3088,BMW,7 Series,car,luxury,excluded_luxury_or_exotic_brand,2016,193,US
KG-003092,3092,Audi,SQ5,suv,luxury,excluded_luxury_or_exotic_brand,2018,98,US
KG-003094,3094,Tesla,Model Y,suv,electric_luxury,excluded_electric_brand,2020,152,US
KG-003095,3095,BMW,5 Series,car,luxury,excluded_luxury_or_exotic_brand,2018,83,US
KG-003097,3097,Mercedes-benz,Sprinter,van,luxury,excluded_luxury_or_exotic_brand,2019,128,US
KG-003098,3098,BMW,4 Series,car,luxury,excluded_luxury_or_exotic_brand,2018,69,US
KG-003102,3102,Jeep,Gladiator,truck,commercial,excluded_truck_category,2020,75,US
KG-003108,3108,Tesla,Model 3,car,electric_luxury,excluded_electric_brand,2018,99,US
KG-003112,3112,Mercedes-benz,C-Class,car,luxury,excluded_luxury_or_exotic_brand,2019,110,US
KG-003113,3113,BMW,i8,car,luxury,excluded_luxury_or_exotic_brand,2015,239,US
KG-003116,3116,BMW,7-Series,car,luxury,excluded_luxury_or_exotic_brand,2019,128,US
KG-003118,3118,Tesla,Model 3,car,electric_luxury,excluded_electric_brand,2020,99,US
KG-003119,3119,Maserati,Ghibli,car,luxury,excluded_luxury_or_exotic_brand,2015,99,US
KG-003120,3120,Porsche,911,car,luxury,excluded_luxury_or_exotic_brand,2012,165,US
KG-003121,3121,Jaguar,F-TYPE,car,luxury,excluded_luxury_or_exotic_brand,2017,220,US
KG-003126,3126,Mercedes-Benz,S-Class,car,luxury,excluded_luxury_or_exotic_brand,2016,98,US
KG-003127,3127,Porsche,718 Boxster,car,luxury,excluded_luxury_or_exotic_brand,2018,108,US
KG-003128,3128,Ferrari,488 Spider,car,luxury,excluded_luxury_or_exotic_brand,2019,899,US
KG-003129,3129,Tesla,Model S,car,electric_luxury,excluded_electric_brand,2018,165,US
KG-003130,3130,Tesla,Model X,suv,electric_luxury,excluded_electric_brand,2019,350,US
KG-003134,3134,Maserati,Ghibli,car,luxury,excluded_luxury_or_exotic_brand,2015,130,US
KG-003136,3136,Porsche,Cayman,car,luxury,excluded_luxury_or_exotic_brand,2015,175,US
KG-003141,3141,Lamborghini,Urus,suv,luxury,excluded_luxury_or_exotic_brand,2019,650,US
KG-003142,3142,Porsche,Cayenne,suv,luxury,excluded_luxury_or_exotic_brand,2015,86,US
KG-003143,3143,Lexus,LC 500,car,luxury,excluded_luxury_or_exotic_brand,2018,165,US
KG-003145,3145,BMW,X5,suv,luxury,excluded_luxury_or_exotic_brand,2018,66,US
KG-003146,3146,Chevrolet,Silverado 1500,truck,commercial,excluded_truck_category,2018,80,US
KG-003148,3148,Tesla,Model 3,car,electric_luxury,excluded_electric_brand,2018,220,US
KG-003150,3150,Lamborghini,Huracan,car,luxury,excluded_luxury_or_exotic_brand,2018,999,US
KG-003152,3152,BMW,X5,suv,luxury,excluded_luxury_or_exotic_brand,2018,82,US
KG-003153,3153,Tesla,Model S,car,electric_luxury,excluded_electric_brand,2017,200,US
KG-003154,3154,Land Rover,Range Rover Sport,suv,luxury,excluded_luxury_or_exotic_brand,2019,169,US
KG-003156,3156,Mercedes-Benz,S-Class,car,luxury,excluded_luxury_or_exotic_brand,2018,299,US
KG-003157,3157,Mercedes-Benz,S-Class,car,luxury,excluded_luxury_or_exotic_brand,2017,275,US
KG-003159,3159,Maserati,Ghibli,car,luxury,excluded_luxury_or_exotic_brand,2016,153,US
KG-003161,3161,Tesla,Model 3,car,electric_luxury,excluded_electric_brand,2018,99,US
KG-003163,3163,Ferrari,348 Spider,car,luxury,excluded_luxury_or_exotic_brand,1995,535,US
KG-003169,3169,Porsche,Panamera,car,luxury,excluded_luxury_or_exotic_brand,2015,299,US
KG-003170,3170,Porsche,Cayenne,suv,luxury,excluded_luxury_or_exotic_brand,2017,109,US
KG-003171,3171,Tesla,Model X,suv,electric_luxury,excluded_electric_brand,2016,135,US
KG-003172,3172,Mercedes-benz,E-Class,car,luxury,excluded_luxury_or_exotic_brand,2019,106,US
KG-003173,3173,Ferrari,488GTB,car,luxury,excluded_luxury_or_exotic_brand,2019,999,US
KG-003174,3174,Tesla,Model S,car,electric_luxury,excluded_electric_brand,2015,75,US
KG-003175,3175,Tesla,Model S,car,electric_luxury,excluded_electric_brand,2013,102,US
KG-003176,3176,Tesla,Model S,car,electric_luxury,excluded_electric_brand,2016,149,US
KG-003178,3178,Mercedes-Benz,GLC-Class,suv,luxury,excluded_luxury_or_exotic_brand,2016,138,US
KG-003179,3179,BMW,6 Series,car,luxury,excluded_luxury_or_exotic_brand,2017,128,US
KG-003180,3180,BMW,X5,suv,luxury,excluded_luxury_or_exotic_brand,2019,127,US
KG-003181,3181,Mercedes-benz,GLE-Class,suv,luxury,excluded_luxury_or_exotic_brand,2020,149,US
KG-003184,3184,Tesla,Model S,car,electric_luxury,excluded_electric_brand,2016,110,US
KG-003185,3185,Tesla,Model S,car,electric_luxury,excluded_electric_brand,2017,138,US
KG-003186,3186,Mercedes-Benz,E-Class,car,luxury,excluded_luxury_or_exotic_brand,2018,99,US
KG-003187,3187,Tesla,Model S,car,electric_luxury,excluded_electric_brand,2017,105,US
KG-003190,3190,BMW,M4,car,luxury,excluded_luxury_or_exotic_brand,2017,150,US
KG-003191,3191,BMW,i3,car,luxury,excluded_luxury_or_exotic_brand,2016,67,US
KG-003193,3193,Polaris,Slingshot,car,non_passenger,excluded_non_passenger_vehicle,2017,105,US
KG-003194,3194,BMW,4 Series,car,luxury,excluded_luxury_or_exotic_brand,2018,89,US
KG-003196,3196,BMW,X5,suv,luxury,excluded_luxury_or_exotic_brand,2019,95,US
KG-003197,3197,Audi,A5,car,luxury,excluded_luxury_or_exotic_brand,2018,90,US
KG-003198,3198,Mercedes-Benz,G-Class,suv,luxury,excluded_luxury_or_exotic_brand,2013,229,US
KG-003200,3200,Mercedes-Benz,G-Class,suv,luxury,excluded_luxury_or_exotic_brand,2013,229,US
KG-003204,3204,BMW,I8,car,luxury,excluded_luxury_or_exotic_brand,2019,269,US
KG-003206,3206,Porsche,Boxster,car,luxury,excluded_luxury_or_exotic_brand,2007,97,US
KG-003208,3208,Polaris,Slingshot,car,non_passenger,excluded_non_passenger_vehicle,2015,108,US
KG-003213,3213,Tesla,Model 3,car,electric_luxury,excluded_electric_brand,2018,129,US
KG-003215,3215,BMW,i8,car,luxury,excluded_luxury_or_exotic_brand,2015,249,US
KG-003218,3218,Tesla,Model S,car,electric_luxury,excluded_electric_brand,2013,97,US
KG-003219,3219,Tesla,Model S,car,electric_luxury,excluded_electric_brand,2016,102,US
KG-003221,3221,Tesla,Model X,suv,electric_luxury,excluded_electric_brand,2016,269,US
KG-003222,3222,Audi,A4,car,luxury,excluded_luxury_or_exotic_brand,2013,49,US
KG-003225,3225,Porsche,Panamera,car,luxury,excluded_luxury_or_exotic_brand,2012,129,US
KG-003229,3229,Tesla,Model 3,car,electric_luxury,excluded_electric_brand,2018,141,US
KG-003230,3230,Ferrari,California,car,luxury,excluded_luxury_or_exotic_brand,2010,499,US
KG-003231,3231,Tesla,Model 3,car,electric_luxury,excluded_electric_brand,2020,124,US
KG-003232,3232,Tesla,Model 3,car,electric_luxury,excluded_electric_brand,2020,94,US
KG-003233,3233,Tesla,Model 3,car,electric_luxury,excluded_electric_brand,2019,118,US
KG-003234,3234,Ford,F-150,truck,commercial,excluded_truck_category,2019,86,US
KG-003235,3235,Tesla,Model S,car,electric_luxury,excluded_electric_brand,2016,250,US
KG-003236,3236,BMW,5 Series,car,luxury,excluded_luxury_or_exotic_brand,2011,60,US
KG-003237,3237,Tesla,Model X,suv,electric_luxury,excluded_electric_brand,2018,208,US
KG-003239,3239,Porsche,911,car,luxury,excluded_luxury_or_exotic_brand,2012,379,US
KG-003240,3240,Lexus,ES 350,car,luxury,excluded_luxury_or_exotic_brand,2013,42,US
KG-003241,3241,BMW,M5,car,luxury,excluded_luxury_or_exotic_brand,2015,269,US
KG-003242,3242,Mercedes-Benz,GL-Class,suv,luxury,excluded_luxury_or_exotic_brand,2008,80,US
KG-003243,3243,Tesla,Model S,car,electric_luxury,excluded_electric_brand,2014,110,US
KG-003246,3246,Land Rover,Range Rover Velar,suv,luxury,excluded_luxury_or_exotic_brand,2019,255,US
KG-003247,3247,BMW,X1,suv,luxury,excluded_luxury_or_exotic_brand,2016,79,US
KG-003248,3248,Tesla,Model 3,car,electric_luxury,excluded_electric_brand,2019,92,US
KG-003249,3249,Mercedes-Benz,C-Class,car,luxury,excluded_luxury_or_exotic_brand,2016,79,US
KG-003254,3254,Land Rover,LR4,suv,luxury,excluded_luxury_or_exotic_brand,2013,199,US
KG-003255,3255,Mercedes-Benz,C-Class,car,luxury,excluded_luxury_or_exotic_brand,2014,175,US
KG-003256,3256,Tesla,Model 3,car,electric_luxury,excluded_electric_brand,2018,295,US
KG-003257,3257,Mercedes-Benz,M-Class,suv,luxury,excluded_luxury_or_exotic_brand,2008,80,US
KG-003259,3259,Lexus,RX 350,suv,luxury,excluded_luxury_or_exotic_brand,2017,95,US
KG-003262,3262,Land Rover,Range Rover Evoque,suv,luxury,excluded_luxury_or_exotic_brand,2013,200,US
KG-003265,3265,BMW,X5,suv,luxury,excluded_luxury_or_exotic_brand,2014,173,US
KG-003269,3269,Lexus,ES 350,car,luxury,excluded_luxury_or_exotic_brand,2009,49,US
KG-003274,3274,Mercedes-Benz,CLA-Class,car,luxury,excluded_luxury_or_exotic_brand,2014,72,US
KG-003276,3276,Polaris,Slingshot,car,non_passenger,excluded_non_passenger_vehicle,2020,135,US
KG-003277,3277,Tesla,Model S,car,electric_luxury,excluded_electric_brand,2016,143,US
KG-003281,3281,Tesla,Model 3,car,electric_luxury,excluded_electric_brand,2020,165,US
KG-003283,3283,Polaris,Slingshot,car,non_passenger,excluded_non_passenger_vehicle,2019,112,US
KG-003284,3284,Polaris,Slingshot,car,non_passenger,excluded_non_passenger_vehicle,2019,181,US
KG-003285,3285,Mercedes-Benz,C-Class,car,luxury,excluded_luxury_or_exotic_brand,2014,70,US
KG-003286,3286,Toyota,Tundra,truck,commercial,excluded_truck_category,2018,115,US
KG-003292,3292,Tesla,Model S,car,electric_luxury,excluded_electric_brand,2015,100,US
KG-003294,3294,Audi,Q3,suv,luxury,excluded_luxury_or_exotic_brand,2017,56,US
KG-003297,3297,Tesla,Model S,car,electric_luxury,excluded_electric_brand,2016,114,US
KG-003301,3301,Tesla,Model 3,car,electric_luxury,excluded_electric_brand,2019,180,US
KG-003302,3302,Tesla,Model 3,car,electric_luxury,excluded_electric_brand,2019,124,US
KG-003306,3306,Jaguar,F-TYPE,car,luxury,excluded_luxury_or_exotic_brand,2014,130,US
KG-003307,3307,Aston Martin,DB9,car,luxury,excluded_luxury_or_exotic_brand,2010,219,US
KG-003312,3312,Tesla,Model 3,car,electric_luxury,excluded_electric_brand,2019,157,US
KG-003315,3315,Mercedes-Benz,S-Class,car,luxury,excluded_luxury_or_exotic_brand,2014,175,US
KG-003318,3318,Lamborghini,Huracan,car,luxury,excluded_luxury_or_exotic_brand,2016,1199,US
KG-003321,3321,Toyota,Tundra,truck,commercial,excluded_truck_category,2020,80,US
KG-003324,3324,Mercedes-Benz,E-Class,car,luxury,excluded_luxury_or_exotic_brand,2014,72,US
KG-003325,3325,Porsche,Macan,suv,luxury,excluded_luxury_or_exotic_brand,2020,123,US
KG-003326,3326,Mercedes-Benz,AMG GT,car,luxury,excluded_luxury_or_exotic_brand,2018,247,US
KG-003328,3328,Lexus,RX 450h,suv,luxury,excluded_luxury_or_exotic_brand,2013,54,US
KG-003329,3329,Land Rover,Range Rover Sport,suv,luxury,excluded_luxury_or_exotic_brand,2014,150,US
KG-003330,3330,Tesla,Model S,car,electric_luxury,excluded_electric_brand,2012,100,US
KG-003331,3331,Tesla,Model X,suv,electric_luxury,excluded_electric_brand,2017,160,US
KG-003332,3332,Land Rover,Range Rover Velar,suv,luxury,excluded_luxury_or_exotic_brand,2019,167,US
KG-003333,3333,Ferrari,488GTB,car,luxury,excluded_luxury_or_exotic_brand,2018,1199,US
KG-003335,3335,Polaris,Slingshot,car,non_passenger,excluded_non_passenger_vehicle,2019,120,US
KG-003337,3337,Land Rover,Range Rover Sport,suv,luxury,excluded_luxury_or_exotic_brand,2014,141,US
KG-003339,3339,Jeep,Gladiator,truck,commercial,excluded_truck_category,2020,122,US
KG-003340,3340,Land Rover,Range Rover Evoque,suv,luxury,excluded_luxury_or_exotic_brand,2013,79,US
KG-003342,3342,Land Rover,Range Rover Sport,suv,luxury,excluded_luxury_or_exotic_brand,2014,141,US
KG-003345,3345,BMW,4-Series,car,luxury,excluded_luxury_or_exotic_brand,2020,145,US
KG-003348,3348,Land Rover,Range Rover Sport,suv,luxury,excluded_luxury_or_exotic_brand,2018,199,US
KG-003349,3349,Audi,Q8,suv,luxury,excluded_luxury_or_exotic_brand,2019,129,US
KG-003351,3351,Tesla,Model S,car,electric_luxury,excluded_electric_brand,2017,175,US
KG-003354,3354,BMW,4 Series,car,luxury,excluded_luxury_or_exotic_brand,2017,89,US
KG-003357,3357,Tesla,Model X,suv,electric_luxury,excluded_electric_brand,2018,300,US
KG-003358,3358,Mercedes-benz,GLE-Class,suv,luxury,excluded_luxury_or_exotic_brand,2020,99,US
KG-003360,3360,Polaris,Slingshot,car,non_passenger,excluded_non_passenger_vehicle,2019,107,US
KG-003362,3362,Mercedes-benz,E-Class,car,luxury,excluded_luxury_or_exotic_brand,2019,375,US
KG-003365,3365,BMW,4 Series Gran Coupe,car,luxury,excluded_luxury_or_exotic_brand,2016,100,US
KG-003366,3366,Land Rover,Range Rover Evoque,suv,luxury,excluded_luxury_or_exotic_brand,2015,105,US
KG-003369,3369,Mercedes-benz,GLS-Class,suv,luxury,excluded_luxury_or_exotic_brand,2019,250,US
KG-003371,3371,Mercedes-Benz,SLK-Class,car,luxury,excluded_luxury_or_exotic_brand,2015,89,US
KG-003373,3373,BMW,4 Series,car,luxury,excluded_luxury_or_exotic_brand,2018,92,US
KG-003374,3374,Ford,F-150,truck,commercial,excluded_truck_category,2017,105,US
KG-003380,3380,BMW,X3,suv,luxury,excluded_luxury_or_exotic_brand,2017,74,US
KG-003382,3382,GMC,Canyon,truck,commercial,excluded_truck_category,2016,65,US
KG-003386,3386,BMW,2 Series,car,luxury,excluded_luxury_or_exotic_brand,2016,79,US
KG-003389,3389,Lamborghini,Urus,suv,luxury,excluded_luxury_or_exotic_brand,2019,1199,US
KG-003391,3391,Lexus,NX 300,suv,luxury,excluded_luxury_or_exotic_brand,2018,75,US
KG-003393,3393,BMW,4 Series,car,luxury,excluded_luxury_or_exotic_brand,2018,125,US
KG-003394,3394,Audi,A6,car,luxury,excluded_luxury_or_exotic_brand,2019,150,US
KG-003396,3396,BMW,4 Series,car,luxury,excluded_luxury_or_exotic_brand,2014,141,US
KG-003401,3401,Mercedes-Benz,C-Class,car,luxury,excluded_luxury_or_exotic_brand,2018,74,US
KG-003404,3404,Tesla,Model 3,car,electric_luxury,excluded_electric_brand,2018,82,US
KG-003405,3405,Tesla,Model 3,car,electric_luxury,excluded_electric_brand,2020,74,US
KG-003406,3406,Tesla,Model 3,car,electric_luxury,excluded_electric_brand,2019,79,US
KG-003414,3414,Tesla,Model X,suv,electric_luxury,excluded_electric_brand,2016,100,US
KG-003415,3415,Tesla,Model X,suv,electric_luxury,excluded_electric_brand,2018,124,US
KG-003416,3416,Mercedes-benz,GLC-Class,suv,luxury,excluded_luxury_or_exotic_brand,2020,49,US
KG-003419,3419,Porsche,911,car,luxury,excluded_luxury_or_exotic_brand,2018,333,US
KG-003421,3421,Lexus,CT 200h,car,luxury,excluded_luxury_or_exotic_brand,2015,44,US
KG-003422,3422,Tesla,Model 3,car,electric_luxury,excluded_electric_brand,2018,137,US
KG-003423,3423,Tesla,Model X,suv,electric_luxury,excluded_electric_brand,2018,134,US
KG-003424,3424,BMW,X3,suv,luxury,excluded_luxury_or_exotic_brand,2016,78,US
KG-003426,3426,Tesla,Model X,suv,electric_luxury,excluded_electric_brand,2019,249,US
KG-003428,3428,Tesla,Model X,suv,electric_luxury,excluded_electric_brand,2018,135,US
KG-003429,3429,Tesla,Model X,suv,electric_luxury,excluded_electric_brand,2018,124,US
KG-003430,3430,Tesla,Model X,suv,electric_luxury,excluded_electric_brand,2019,160,US
KG-003432,3432,BMW,i8,car,luxury,excluded_luxury_or_exotic_brand,2017,135,US
KG-003433,3433,Tesla,Model X,suv,electric_luxury,excluded_electric_brand,2019,149,US
KG-003434,3434,Tesla,Model X,suv,electric_luxury,excluded_electric_brand,2017,124,US
KG-003435,3435,Mercedes-Benz,G-Class,suv,luxury,excluded_luxury_or_exotic_brand,2010,180,US
KG-003436,3436,Tesla,Model S,car,electric_luxury,excluded_electric_brand,2013,73,US
KG-003438,3438,Mercedes-Benz,S-Class,car,luxury,excluded_luxury_or_exotic_brand,2015,95,US
KG-003439,3439,Tesla,Model 3,car,electric_luxury,excluded_electric_brand,2018,99,US
KG-003440,3440,Porsche,Panamera,car,luxury,excluded_luxury_or_exotic_brand,2017,135,US
KG-003441,3441,Tesla,Model 3,car,electric_luxury,excluded_electric_brand,2018,82,US
KG-003442,3442,Mercedes-benz,GLS-Class,suv,luxury,excluded_luxury_or_exotic_brand,2019,82,US
KG-003443,3443,Mercedes-Benz,G-Class,suv,luxury,excluded_luxury_or_exotic_brand,2015,169,US
KG-003444,3444,Mercedes-Benz,AMG GT,car,luxury,excluded_luxury_or_exotic_brand,2016,195,US
KG-003445,3445,Tesla,Model 3,car,electric_luxury,excluded_electric_brand,2018,80,US
KG-003447,3447,BMW,7 Series,car,luxury,excluded_luxury_or_exotic_brand,2016,69,US
KG-003448,3448,Land Rover,Range Rover,suv,luxury,excluded_luxury_or_exotic_brand,2016,85,US
KG-003450,3450,BMW,X6,suv,luxury,excluded_luxury_or_exotic_brand,2017,72,US
KG-003451,3451,Maserati,Ghibli,car,luxury,excluded_luxury_or_exotic_brand,2016,85,US
KG-003452,3452,Toyota,Tacoma,truck,commercial,excluded_truck_category,2017,52,US
KG-003455,3455,Land Rover,Range Rover,suv,luxury,excluded_luxury_or_exotic_brand,2016,149,US
KG-003456,3456,Tesla,Model X,suv,electric_luxury,excluded_electric_brand,2020,199,US
KG-003457,3457,BMW,3 Series,car,luxury,excluded_luxury_or_exotic_brand,2014,50,US
KG-003461,3461,Porsche,Panamera,car,luxury,excluded_luxury_or_exotic_brand,2012,180,US
KG-003462,3462,Mercedes-Benz,E-Class,car,luxury,excluded_luxury_or_exotic_brand,2017,72,US
KG-003463,3463,Tesla,Model 3,car,electric_luxury,excluded_electric_brand,2019,149,US
KG-003466,3466,Jaguar,F-PACE,suv,luxury,excluded_luxury_or_exotic_brand,2017,69,US
KG-003470,3470,Audi,SQ5,suv,luxury,excluded_luxury_or_exotic_brand,2019,95,US
KG-003471,3471,Audi,A4,car,luxury,excluded_luxury_or_exotic_brand,2013,47,US
KG-003473,3473,Porsche,Cayenne,suv,luxury,excluded_luxury_or_exotic_brand,2017,248,US
KG-003475,3475,Tesla,Model 3,car,electric_luxury,excluded_electric_brand,2019,229,US
KG-003476,3476,Audi,A7,car,luxury,excluded_luxury_or_exotic_brand,2016,60,US
KG-003477,3477,Porsche,911,car,luxury,excluded_luxury_or_exotic_brand,2013,300,US
KG-003479,3479,Audi,Q7,suv,luxury,excluded_luxury_or_exotic_brand,2017,65,US
KG-003480,3480,Porsche,Macan,suv,luxury,excluded_luxury_or_exotic_brand,2017,139,US
KG-003481,3481,Porsche,Cayman,car,luxury,excluded_luxury_or_exotic_brand,2014,288,US
KG-003482,3482,Ford,F-150,truck,commercial,excluded_truck_category,2018,68,US
KG-003483,3483,BMW,X4,suv,luxury,excluded_luxury_or_exotic_brand,2015,54,US
KG-003484,3484,Mercedes-Benz,S-Class,car,luxury,excluded_luxury_or_exotic_brand,2015,143,US
KG-003487,3487,Tesla,Model X,suv,electric_luxury,excluded_electric_brand,2016,94,US
KG-003489,3489,Mercedes-Benz,E-Class,car,luxury,excluded_luxury_or_exotic_brand,2017,60,US
KG-003490,3490,Lexus,GX 460,suv,luxury,excluded_luxury_or_exotic_brand,2015,70,US
KG-003491,3491,BMW,4 Series,car,luxury,excluded_luxury_or_exotic_brand,2018,59,US
KG-003492,3492,BMW,X5,suv,luxury,excluded_luxury_or_exotic_brand,2015,65,US
KG-003494,3494,Audi,Q5,suv,luxury,excluded_luxury_or_exotic_brand,2013,79,US
KG-003495,3495,Mercedes-Benz,E-Class,car,luxury,excluded_luxury_or_exotic_brand,2017,59,US
KG-003496,3496,BMW,4 Series,car,luxury,excluded_luxury_or_exotic_brand,2015,100,US
KG-003498,3498,BMW,5 Series,car,luxury,excluded_luxury_or_exotic_brand,2014,62,US
KG-003500,3500,BMW,5 Series,car,luxury,excluded_luxury_or_exotic_brand,2017,62,US
KG-003501,3501,Audi,A5 Sportback,car,luxury,excluded_luxury_or_exotic_brand,2019,57,US
KG-003502,3502,Audi,A4,car,luxury,excluded_luxury_or_exotic_brand,2017,60,US
KG-003504,3504,Mercedes-Benz,E-Class,car,luxury,excluded_luxury_or_exotic_brand,2017,55,US
KG-003507,3507,Mercedes-Benz,GLE-Class,suv,luxury,excluded_luxury_or_exotic_brand,2016,109,US
KG-003509,3509,Mercedes-Benz,M-Class,suv,luxury,excluded_luxury_or_exotic_brand,2013,48,US
KG-003511,3511,Bentley,Continental GTC,car,luxury,excluded_luxury_or_exotic_brand,2007,349,US
KG-003513,3513,Audi,Q5,suv,luxury,excluded_luxury_or_exotic_brand,2018,55,US
KG-003514,3514,BMW,X5,suv,luxury,excluded_luxury_or_exotic_brand,2014,49,US
KG-003515,3515,Lexus,RC 350,car,luxury,excluded_luxury_or_exotic_brand,2015,45,US
KG-003521,3521,Mercedes-Benz,M-Class,suv,luxury,excluded_luxury_or_exotic_brand,2014,49,US
KG-003522,3522,BMW,i3,car,luxury,excluded_luxury_or_exotic_brand,2017,40,US
KG-003523,3523,Lexus,GS 350,car,luxury,excluded_luxury_or_exotic_brand,2015,70,US
KG-003525,3525,BMW,4 Series,car,luxury,excluded_luxury_or_exotic_brand,2015,60,US
KG-003526,3526,BMW,5 Series,car,luxury,excluded_luxury_or_exotic_brand,2018,80,US
KG-003528,3528,Audi,allroad,car,luxury,excluded_luxury_or_exotic_brand,2015,50,US
KG-003529,3529,Mercedes-Benz,GLC-Class,suv,luxury,excluded_luxury_or_exotic_brand,2016,60,US
KG-003530,3530,Mercedes-Benz,C-Class,car,luxury,excluded_luxury_or_exotic_brand,2015,50,US
KG-003533,3533,Audi,Q3,suv,luxury,excluded_luxury_or_exotic_brand,2018,52,US
KG-003536,3536,Lexus,RX 350,suv,luxury,excluded_luxury_or_exotic_brand,2017,45,US
KG-003537,3537,Audi,Q3,suv,luxury,excluded_luxury_or_exotic_brand,2016,45,US
KG-003539,3539,Mercedes-Benz,C-Class,car,luxury,excluded_luxury_or_exotic_brand,2015,50,US
KG-003540,3540,BMW,4 Series,car,luxury,excluded_luxury_or_exotic_brand,2014,65,US
KG-003542,3542,Lexus,IS 250,car,luxury,excluded_luxury_or_exotic_brand,2014,70,US
KG-003545,3545,Ram,3500,truck,commercial,excluded_truck_category,2018,79,US
KG-003547,3547,Audi,Q3,suv,luxury,excluded_luxury_or_exotic_brand,2015,45,US
KG-003550,3550,Audi,A4,car,luxury,excluded_luxury_or_exotic_brand,2017,45,US
KG-003556,3556,Mercedes-Benz,C-Class,car,luxury,excluded_luxury_or_exotic_brand,2016,45,US
KG-003557,3557,Mercedes-Benz,C-Class,car,luxury,excluded_luxury_or_exotic_brand,2015,50,US
KG-003559,3559,Tesla,Model 3,car,electric_luxury,excluded_electric_brand,2020,108,US
KG-003560,3560,Mercedes-Benz,E-Class,car,luxury,excluded_luxury_or_exotic_brand,2012,55,US
KG-003561,3561,Audi,Q3,suv,luxury,excluded_luxury_or_exotic_brand,2017,40,US
KG-003562,3562,Mercedes-Benz,C-Class,car,luxury,excluded_luxury_or_exotic_brand,2018,75,US
KG-003563,3563,Audi,A4,car,luxury,excluded_luxury_or_exotic_brand,2017,45,US
KG-003564,3564,Lexus,LX 570,suv,luxury,excluded_luxury_or_exotic_brand,2011,40,US
KG-003566,3566,Tesla,Model 3,car,electric_luxury,excluded_electric_brand,2019,149,US
KG-003569,3569,BMW,X1,suv,luxury,excluded_luxury_or_exotic_brand,2017,45,US
KG-003573,3573,Audi,A3,car,luxury,excluded_luxury_or_exotic_brand,2017,40,US
KG-003574,3574,Audi,A4,car,luxury,excluded_luxury_or_exotic_brand,2017,42,US
KG-003576,3576,Mercedes-Benz,C-Class,car,luxury,excluded_luxury_or_exotic_brand,2015,42,US
KG-003577,3577,Audi,A3,car,luxury,excluded_luxury_or_exotic_brand,2016,54,US
KG-003579,3579,Toyota,Tacoma,truck,commercial,excluded_truck_category,2011,55,US
KG-003580,3580,Audi,A3,car,luxury,excluded_luxury_or_exotic_brand,2017,41,US
KG-003582,3582,Audi,Q3,suv,luxury,excluded_luxury_or_exotic_brand,2015,40,US
KG-003585,3585,BMW,4 Series,car,luxury,excluded_luxury_or_exotic_brand,2015,82,US
KG-003588,3588,Tesla,Model 3,car,electric_luxury,excluded_electric_brand,2018,76,US
KG-003593,3593,Lexus,IS 250,car,luxury,excluded_luxury_or_exotic_brand,2014,39,US
KG-003594,3594,Audi,A4,car,luxury,excluded_luxury_or_exotic_brand,2017,35,US
KG-003601,3601,Tesla,Model 3,car,electric_luxury,excluded_electric_brand,2019,209,US
KG-003602,3602,BMW,2 Series,car,luxury,excluded_luxury_or_exotic_brand,2016,104,US
KG-003603,3603,Mercedes-Benz,CL-Class,car,luxury,excluded_luxury_or_exotic_brand,2011,98,US
KG-003604,3604,BMW,X5,suv,luxury,excluded_luxury_or_exotic_brand,2017,108,US
KG-003605,3605,Tesla,Model S,car,electric_luxury,excluded_electric_brand,2016,209,US
KG-003609,3609,Tesla,Model X,suv,electric_luxury,excluded_electric_brand,2016,334,US
KG-003613,3613,Tesla,Model 3,car,electric_luxury,excluded_electric_brand,2019,150,US
KG-003619,3619,Mercedes-benz,C-Class,car,luxury,excluded_luxury_or_exotic_brand,2019,135,US
KG-003620,3620,Tesla,Model S,car,electric_luxury,excluded_electric_brand,2013,116,US
KG-003621,3621,Tesla,Model 3,car,electric_luxury,excluded_electric_brand,2019,200,US
KG-003623,3623,Maserati,Ghibli,car,luxury,excluded_luxury_or_exotic_brand,2017,359,US
KG-003624,3624,Mercedes-Benz,C-Class,car,luxury,excluded_luxury_or_exotic_brand,2016,75,US
KG-003625,3625,Tesla,Model 3,car,electric_luxury,excluded_electric_brand,2020,185,US
KG-003626,3626,Mercedes-Benz,CLA-Class,car,luxury,excluded_luxury_or_exotic_brand,2014,112,US
KG-003628,3628,Tesla,Model X,suv,electric_luxury,excluded_electric_brand,2017,275,US
KG-003632,3632,Audi,S5,car,luxury,excluded_luxury_or_exotic_brand,2014,97,US
KG-003633,3633,Tesla,Model 3,car,electric_luxury,excluded_electric_brand,2020,145,US
KG-003636,3636,Tesla,Model 3,car,electric_luxury,excluded_electric_brand,2018,185,US
KG-003638,3638,Tesla,Model S,car,electric_luxury,excluded_electric_brand,2017,330,US
KG-003640,3640,BMW,4 Series,car,luxury,excluded_luxury_or_exotic_brand,2015,98,US
KG-003641,3641,Mercedes-Benz,C-Class,car,luxury,excluded_luxury_or_exotic_brand,2016,105,US
KG-003642,3642,Mercedes-benz,GLC-Class,suv,luxury,excluded_luxury_or_exotic_brand,2019,155,US
KG-003643,3643,Mercedes-benz,GLE-Class,suv,luxury,excluded_luxury_or_exotic_brand,2020,243,US
KG-003644,3644,Audi,RS 5,car,luxury,excluded_luxury_or_exotic_brand,2015,425,US
KG-003645,3645,Lexus,GX 460,suv,luxury,excluded_luxury_or_exotic_brand,2018,119,US
KG-003647,3647,Jaguar,F-PACE,suv,luxury,excluded_luxury_or_exotic_brand,2018,149,US
KG-003649,3649,Land Rover,Range Rover Velar,suv,luxury,excluded_luxury_or_exotic_brand,2018,459,US
KG-003651,3651,Mercedes-Benz,SLK-Class,car,luxury,excluded_luxury_or_exotic_brand,2013,105,US
KG-003656,3656,Audi,S5,car,luxury,excluded_luxury_or_exotic_brand,2014,104,US
KG-003657,3657,BMW,3 Series,car,luxury,excluded_luxury_or_exotic_brand,2017,88,US
KG-003660,3660,Mercedes-Benz,C-Class,car,luxury,excluded_luxury_or_exotic_brand,2016,80,US
KG-003662,3662,Mercedes-Benz,C-Class,car,luxury,excluded_luxury_or_exotic_brand,2017,129,US
KG-003666,3666,BMW,4-Series,car,luxury,excluded_luxury_or_exotic_brand,2019,128,US
KG-003667,3667,Porsche,Cayenne,suv,luxury,excluded_luxury_or_exotic_brand,2013,295,US
KG-003678,3678,BMW,I8,car,luxury,excluded_luxury_or_exotic_brand,2019,425,US
KG-003679,3679,BMW,X2,suv,luxury,excluded_luxury_or_exotic_brand,2019,112,US
KG-003717,3717,Tesla,Model S,car,electric_luxury,excluded_electric_brand,2016,90,US
KG-003718,3718,Tesla,Model S,car,electric_luxury,excluded_electric_brand,2015,99,US
KG-003720,3720,Tesla,Model 3,car,electric_luxury,excluded_electric_brand,2019,74,US
KG-003721,3721,Jaguar,F-TYPE,car,luxury,excluded_luxury_or_exotic_brand,2015,124,US
KG-003722,3722,Tesla,Model X,suv,electric_luxury,excluded_electric_brand,2016,140,US
KG-003725,3725,Tesla,Model 3,car,electric_luxury,excluded_electric_brand,2019,80,US
KG-003726,3726,Tesla,Model Y,suv,electric_luxury,excluded_electric_brand,2020,109,US
KG-003728,3728,Tesla,Model S,car,electric_luxury,excluded_electric_brand,2015,109,US
KG-003729,3729,BMW,4 Series Gran Coupe,car,luxury,excluded_luxury_or_exotic_brand,2016,71,US
KG-003731,3731,Tesla,Model X,suv,electric_luxury,excluded_electric_brand,2016,169,US
KG-003732,3732,Tesla,Model 3,car,electric_luxury,excluded_electric_brand,2019,119,US
KG-003733,3733,Tesla,Model S,car,electric_luxury,excluded_electric_brand,2014,98,US
KG-003734,3734,Porsche,911,car,luxury,excluded_luxury_or_exotic_brand,2017,325,US
KG-003735,3735,Tesla,Model X,suv,electric_luxury,excluded_electric_brand,2018,165,US
KG-003738,3738,BMW,X5,suv,luxury,excluded_luxury_or_exotic_brand,2017,69,US
KG-003740,3740,BMW,7 Series,car,luxury,excluded_luxury_or_exotic_brand,2010,79,US
KG-003743,3743,Tesla,Model 3,car,electric_luxury,excluded_electric_brand,2020,125,US
KG-003745,3745,Audi,Q5,suv,luxury,excluded_luxury_or_exotic_brand,2013,52,US
KG-003747,3747,BMW,3 Series,car,luxury,excluded_luxury_or_exotic_brand,2016,67,US
KG-003752,3752,BMW,3 Series,car,luxury,excluded_luxury_or_exotic_brand,2013,65,US
KG-003753,3753,Tesla,Model X,suv,electric_luxury,excluded_electric_brand,2016,155,US
KG-003755,3755,Tesla,Model S,car,electric_luxury,excluded_electric_brand,2013,99,US
KG-003758,3758,BMW,6 Series,car,luxury,excluded_luxury_or_exotic_brand,2013,98,US
KG-003760,3760,BMW,3 Series,car,luxury,excluded_luxury_or_exotic_brand,2017,59,US
KG-003762,3762,BMW,3 Series,car,luxury,excluded_luxury_or_exotic_brand,2011,64,US
KG-003765,3765,BMW,4 Series,car,luxury,excluded_luxury_or_exotic_brand,2018,79,US
KG-003766,3766,Lexus,ES 350,car,luxury,excluded_luxury_or_exotic_brand,2018,59,US
KG-003768,3768,BMW,4 Series,car,luxury,excluded_luxury_or_exotic_brand,2018,79,US
KG-003772,3772,Porsche,911,car,luxury,excluded_luxury_or_exotic_brand,2013,149,US
KG-003775,3775,Tesla,Model S,car,electric_luxury,excluded_electric_brand,2016,120,US
KG-003783,3783,Mercedes-Benz,CLA-Class,car,luxury,excluded_luxury_or_exotic_brand,2014,58,US
KG-003788,3788,Mercedes-Benz,G-Class,suv,luxury,excluded_luxury_or_exotic_brand,2013,180,US
KG-003790,3790,BMW,3 Series,car,luxury,excluded_luxury_or_exotic_brand,2012,62,US
KG-003793,3793,BMW,3 Series,car,luxury,excluded_luxury_or_exotic_brand,2014,59,US
KG-003799,3799,Tesla,Model 3,car,electric_luxury,excluded_electric_brand,2018,99,US
KG-003801,3801,Tesla,Model S,car,electric_luxury,excluded_electric_brand,2017,128,US
KG-003804,3804,BMW,3 Series,car,luxury,excluded_luxury_or_exotic_brand,2017,69,US
KG-003813,3813,Lexus,IS 250,car,luxury,excluded_luxury_or_exotic_brand,2007,48,US
KG-003815,3815,Lexus,IS 250,car,luxury,excluded_luxury_or_exotic_brand,2012,55,US
KG-003816,3816,BMW,X1,suv,luxury,excluded_luxury_or_exotic_brand,2018,69,US
KG-003821,3821,Tesla,Model 3,car,electric_luxury,excluded_electric_brand,2019,89,US
KG-003823,3823,Mercedes-Benz,E-Class,car,luxury,excluded_luxury_or_exotic_brand,2013,95,US
KG-003828,3828,Audi,Q7,suv,luxury,excluded_luxury_or_exotic_brand,2013,62,US
KG-003829,3829,BMW,3 Series,car,luxury,excluded_luxury_or_exotic_brand,2010,60,US
KG-003832,3832,Mercedes-Benz,G-Class,suv,luxury,excluded_luxury_or_exotic_brand,2015,280,US
KG-003835,3835,Chevrolet,Silverado 1500,truck,commercial,excluded_truck_category,2017,85,US
KG-003842,3842,Ram,1500,truck,commercial,excluded_truck_category,2015,65,US
KG-003847,3847,BMW,X1,suv,luxury,excluded_luxury_or_exotic_brand,2017,69,US
KG-003848,3848,BMW,X1,suv,luxury,excluded_luxury_or_exotic_brand,2017,69,US
KG-003850,3850,BMW,X5,suv,luxury,excluded_luxury_or_exotic_brand,2014,72,US
KG-003856,3856,BMW,X1,suv,luxury,excluded_luxury_or_exotic_brand,2013,59,US
KG-003864,3864,Tesla,Model Y,suv,electric_luxury,excluded_electric_brand,2020,125,US
KG-003865,3865,Dodge,Ram 3500,truck,commercial,excluded_truck_category,2020,111,US
KG-003867,3867,BMW,i8,car,luxury,excluded_luxury_or_exotic_brand,2014,245,US
KG-003868,3868,Tesla,Model S,car,electric_luxury,excluded_electric_brand,2013,100,US
KG-003870,3870,BMW,4 Series,car,luxury,excluded_luxury_or_exotic_brand,2014,82,US
KG-003872,3872,Mercedes-Benz,C-Class,car,luxury,excluded_luxury_or_exotic_brand,2016,74,US
KG-003873,3873,Ford,F-150,truck,commercial,excluded_truck_category,2019,128,US
KG-003878,3878,Tesla,Model 3,car,electric_luxury,excluded_electric_brand,2020,108,US
KG-003881,3881,Jaguar,F-TYPE,car,luxury,excluded_luxury_or_exotic_brand,2014,111,US
KG-003893,3893,Ford,F-150,truck,commercial,excluded_truck_category,2013,54,US
KG-003895,3895,Porsche,Cayenne,suv,luxury,excluded_luxury_or_exotic_brand,2013,94,US
KG-003898,3898,BMW,3 Series,car,luxury,excluded_luxury_or_exotic_brand,2013,62,US
KG-003899,3899,Ferrari,F430,car,luxury,excluded_luxury_or_exotic_brand,2006,799,US
KG-003900,3900,BMW,6 Series,car,luxury,excluded_luxury_or_exotic_brand,2008,82,US
KG-003903,3903,Mercedes-Benz,S-Class,car,luxury,excluded_luxury_or_exotic_brand,2015,295,US
KG-003906,3906,BMW,4 Series,car,luxury,excluded_luxury_or_exotic_brand,2015,51,US
KG-003909,3909,Tesla,Model X,suv,electric_luxury,excluded_electric_brand,2016,400,US
KG-003913,3913,Mercedes-Benz,E-Class,car,luxury,excluded_luxury_or_exotic_brand,2014,89,US
KG-003914,3914,Dodge,Ram 1500 Classic,truck,commercial,excluded_truck_category,2019,62,US
KG-003916,3916,Ford,F-150,truck,commercial,excluded_truck_category,2019,64,US
KG-003917,3917,Tesla,Model 3,car,electric_luxury,excluded_electric_brand,2018,174,US
KG-003918,3918,Dodge,Ram 1500,truck,commercial,excluded_truck_category,2019,63,US
KG-003921,3921,Tesla,Model 3,car,electric_luxury,excluded_electric_brand,2019,172,US
KG-003922,3922,Mercedes-Benz,GLE-Class,suv,luxury,excluded_luxury_or_exotic_brand,2016,98,US
KG-003923,3923,Audi,A6,car,luxury,excluded_luxury_or_exotic_brand,2016,94,US
KG-003924,3924,Tesla,Model S,car,electric_luxury,excluded_electric_brand,2016,149,US
KG-003925,3925,BMW,M3,car,luxury,excluded_luxury_or_exotic_brand,2012,299,US
KG-003928,3928,Mercedes-Benz,E-Class,car,luxury,excluded_luxury_or_exotic_brand,2016,97,US
KG-003929,3929,Mercedes-Benz,C-Class,car,luxury,excluded_luxury_or_exotic_brand,2016,88,US
KG-003931,3931,Mercedes-Benz,C-Class,car,luxury,excluded_luxury_or_exotic_brand,2016,129,US
KG-003933,3933,Mercedes-Benz,M-Class,suv,luxury,excluded_luxury_or_exotic_brand,2013,99,US
KG-003934,3934,Mercedes-Benz,C-Class,car,luxury,excluded_luxury_or_exotic_brand,2015,76,US
KG-003935,3935,Audi,A4,car,luxury,excluded_luxury_or_exotic_brand,2011,50,US
KG-003936,3936,Land Rover,Range Rover Sport,suv,luxury,excluded_luxury_or_exotic_brand,2007,82,US
KG-003938,3938,Mercedes-Benz,GL-Class,suv,luxury,excluded_luxury_or_exotic_brand,2009,150,US
KG-003939,3939,Mercedes-Benz,C-Class,car,luxury,excluded_luxury_or_exotic_brand,2008,59,US
KG-003940,3940,BMW,X1,suv,luxury,excluded_luxury_or_exotic_brand,2018,150,US
KG-003942,3942,Mercedes-Benz,M-Class,suv,luxury,excluded_luxury_or_exotic_brand,2013,72,US
KG-003946,3946,BMW,3 Series,car,luxury,excluded_luxury_or_exotic_brand,2006,89,US
KG-003949,3949,Mercedes-Benz,E-Class,car,luxury,excluded_luxury_or_exotic_brand,2018,96,US
KG-003951,3951,Lexus,RX,suv,luxury,excluded_luxury_or_exotic_brand,2020,75,US
KG-003952,3952,Land Rover,Range Rover,suv,luxury,excluded_luxury_or_exotic_brand,2016,164,US
KG-003953,3953,Tesla,Model 3,car,electric_luxury,excluded_electric_brand,2020,115,US
KG-003954,3954,Tesla,Model 3,car,electric_luxury,excluded_electric_brand,2020,225,US
KG-003955,3955,Porsche,Macan,suv,luxury,excluded_luxury_or_exotic_brand,2015,115,US
KG-003956,3956,Lexus,IS 300,car,luxury,excluded_luxury_or_exotic_brand,2016,75,US
KG-003958,3958,Audi,S4,car,luxury,excluded_luxury_or_exotic_brand,2018,159,US
KG-003959,3959,BMW,4 Series,car,luxury,excluded_luxury_or_exotic_brand,2016,115,US
KG-003960,3960,Mercedes-Benz,GLC-Class,suv,luxury,excluded_luxury_or_exotic_brand,2016,99,US
KG-003961,3961,Tesla,Model 3,car,electric_luxury,excluded_electric_brand,2019,119,US
KG-003963,3963,Tesla,Model 3,car,electric_luxury,excluded_electric_brand,2020,135,US
KG-003964,3964,Tesla,Model 3,car,electric_luxury,excluded_electric_brand,2018,164,US
KG-003965,3965,Tesla,Model 3,car,electric_luxury,excluded_electric_brand,2018,100,US
KG-003966,3966,Tesla,Model 3,car,electric_luxury,excluded_electric_brand,2019,102,US
KG-003968,3968,Mercedes-Benz,E-Class,car,luxury,excluded_luxury_or_exotic_brand,2017,94,US
KG-003969,3969,Audi,Q7,suv,luxury,excluded_luxury_or_exotic_brand,2018,120,US
KG-003970,3970,Mercedes-Benz,GLA-Class,suv,luxury,excluded_luxury_or_exotic_brand,2015,139,US
KG-003977,3977,Toyota,Tundra,truck,commercial,excluded_truck_category,2018,120,US
KG-003982,3982,Tesla,Model 3,car,electric_luxury,excluded_electric_brand,2019,120,US
KG-003992,3992,Mercedes-Benz,SL-Class,car,luxury,excluded_luxury_or_exotic_brand,2009,144,US
KG-003993,3993,Chevrolet,Colorado,truck,commercial,excluded_truck_category,2018,125,US
KG-003998,3998,Audi,SQ5,suv,luxury,excluded_luxury_or_exotic_brand,2018,195,US
KG-004001,4001,Tesla,Model 3,car,electric_luxury,excluded_electric_brand,2018,139,US
KG-004008,4008,Toyota,Tacoma,truck,commercial,excluded_truck_category,2019,80,US
KG-004011,4011,Tesla,Model X,suv,electric_luxury,excluded_electric_brand,2018,277,US
KG-004013,4013,Tesla,Model 3,car,electric_luxury,excluded_electric_brand,2019,118,US
KG-004018,4018,Tesla,Model 3,car,electric_luxury,excluded_electric_brand,2020,142,US
KG-004019,4019,Porsche,911,car,luxury,excluded_luxury_or_exotic_brand,2020,225,US
KG-004024,4024,Porsche,Boxster,car,luxury,excluded_luxury_or_exotic_brand,2013,146,US
KG-004027,4027,Jaguar,F-TYPE,car,luxury,excluded_luxury_or_exotic_brand,2015,145,US
KG-004029,4029,BMW,3 Series,car,luxury,excluded_luxury_or_exotic_brand,2014,78,US
KG-004034,4034,Mercedes-Benz,SLK-Class,car,luxury,excluded_luxury_or_exotic_brand,2008,65,US
KG-004035,4035,Porsche,911,car,luxury,excluded_luxury_or_exotic_brand,2010,299,US
KG-004036,4036,Tesla,Model 3,car,electric_luxury,excluded_electric_brand,2020,142,US
KG-004041,4041,Mercedes-Benz,GLA-Class,suv,luxury,excluded_luxury_or_exotic_brand,2018,72,US
KG-004042,4042,Tesla,Model 3,car,electric_luxury,excluded_electric_brand,2019,120,US
KG-004045,4045,Tesla,Model S,car,electric_luxury,excluded_electric_brand,2015,135,US
KG-004046,4046,Porsche,911,car,luxury,excluded_luxury_or_exotic_brand,2009,299,US
KG-004047,4047,Mercedes-Benz,C-Class,car,luxury,excluded_luxury_or_exotic_brand,2017,105,US
KG-004048,4048,BMW,i8,car,luxury,excluded_luxury_or_exotic_brand,2016,320,US
KG-004051,4051,Tesla,Model 3,car,electric_luxury,excluded_electric_brand,2020,138,US
KG-004052,4052,Tesla,Model 3,car,electric_luxury,excluded_electric_brand,2018,124,US
KG-004054,4054,Land Rover,Range Rover Sport,suv,luxury,excluded_luxury_or_exotic_brand,2015,150,US
KG-004058,4058,BMW,3 Series,car,luxury,excluded_luxury_or_exotic_brand,2012,60,US
KG-004060,4060,Maserati,Quattroporte,car,luxury,excluded_luxury_or_exotic_brand,2014,250,US
KG-004061,4061,BMW,3 Series,car,luxury,excluded_luxury_or_exotic_brand,2014,62,US
KG-004067,4067,BMW,3 Series,car,luxury,excluded_luxury_or_exotic_brand,2014,55,US
KG-004075,4075,Ford,F-150,truck,commercial,excluded_truck_category,2013,50,US
KG-004079,4079,Audi,A3,car,luxury,excluded_luxury_or_exotic_brand,2019,69,US
KG-004080,4080,Lexus,IS 250,car,luxury,excluded_luxury_or_exotic_brand,2012,47,US
KG-004081,4081,BMW,4 Series Gran Coupe,car,luxury,excluded_luxury_or_exotic_brand,2016,86,US
KG-004083,4083,Porsche,356 Speedster,car,luxury,excluded_luxury_or_exotic_brand,1957,695,US
KG-004092,4092,Jaguar,XK-Series,car,luxury,excluded_luxury_or_exotic_brand,2001,199,US
KG-004093,4093,GMC,Canyon,truck,commercial,excluded_truck_category,2018,100,US
KG-004095,4095,Ford,F-150,truck,commercial,excluded_truck_category,2019,175,US
KG-004100,4100,BMW,M3,car,luxury,excluded_luxury_or_exotic_brand,2016,180,US
KG-004102,4102,Mercedes-Benz,GLE-Class Coupe,suv,luxury,excluded_luxury_or_exotic_brand,2017,220,US
KG-004109,4109,Tesla,Model X,suv,electric_luxury,excluded_electric_brand,2016,199,US
KG-004110,4110,Tesla,Model 3,car,electric_luxury,excluded_electric_brand,2018,159,US
KG-004121,4121,Tesla,Model 3,car,electric_luxury,excluded_electric_brand,2018,225,US
KG-004133,4133,Tesla,Model S,car,electric_luxury,excluded_electric_brand,2017,141,US
KG-004134,4134,Maserati,Levante,suv,luxury,excluded_luxury_or_exotic_brand,2017,181,US
KG-004135,4135,Tesla,Model X,suv,electric_luxury,excluded_electric_brand,2020,220,US
KG-004138,4138,Tesla,Model X,suv,electric_luxury,excluded_electric_brand,2016,157,US
KG-004139,4139,Tesla,Model S,car,electric_luxury,excluded_electric_brand,2015,126,US
KG-004141,4141,Land Rover,Range Rover Sport,suv,luxury,excluded_luxury_or_exotic_brand,2012,112,US
KG-004143,4143,BMW,X4,suv,luxury,excluded_luxury_or_exotic_brand,2016,89,US
KG-004144,4144,Audi,A4,car,luxury,excluded_luxury_or_exotic_brand,2013,82,US
KG-004146,4146,Tesla,Model 3,car,electric_luxury,excluded_electric_brand,2018,118,US
KG-004147,4147,Porsche,356,car,luxury,excluded_luxury_or_exotic_brand,1955,250,US
KG-004153,4153,Polaris,Slingshot,car,non_passenger,excluded_non_passenger_vehicle,2017,179,US
KG-004155,4155,BMW,X3,suv,luxury,excluded_luxury_or_exotic_brand,2015,100,US
KG-004161,4161,Audi,SQ5,suv,luxury,excluded_luxury_or_exotic_brand,2019,450,US
KG-004162,4162,Tesla,Model X,suv,electric_luxury,excluded_electric_brand,2019,231,US
KG-004163,4163,Tesla,Model 3,car,electric_luxury,excluded_electric_brand,2018,174,US
KG-004167,4167,Porsche,Cayenne,suv,luxury,excluded_luxury_or_exotic_brand,2013,248,US
KG-004168,4168,Porsche,Cayenne,suv,luxury,excluded_luxury_or_exotic_brand,2019,200,US
KG-004169,4169,Tesla,Model 3,car,electric_luxury,excluded_electric_brand,2020,112,US
KG-004171,4171,Maserati,Ghibli,car,luxury,excluded_luxury_or_exotic_brand,2017,166,US
KG-004175,4175,Jaguar,F-PACE,suv,luxury,excluded_luxury_or_exotic_brand,2019,131,US
KG-004177,4177,Polaris,Slingshot,car,non_passenger,excluded_non_passenger_vehicle,2015,128,US
KG-004178,4178,Tesla,Model 3,car,electric_luxury,excluded_electric_brand,2018,166,US
KG-004179,4179,BMW,6 Series,car,luxury,excluded_luxury_or_exotic_brand,2010,100,US
KG-004181,4181,Tesla,Model 3,car,electric_luxury,excluded_electric_brand,2018,203,US
KG-004182,4182,BMW,1 Series,car,luxury,excluded_luxury_or_exotic_brand,2010,73,US
KG-004185,4185,Tesla,Model 3,car,electric_luxury,excluded_electric_brand,2018,170,US
KG-004192,4192,Maserati,Ghibli,car,luxury,excluded_luxury_or_exotic_brand,2019,153,US
KG-004195,4195,Mercedes-Benz,C-Class,car,luxury,excluded_luxury_or_exotic_brand,2015,92,US
KG-004196,4196,Porsche,Macan,suv,luxury,excluded_luxury_or_exotic_brand,2015,124,US
KG-004198,4198,Bentley,Continental Flying Spur,car,luxury,excluded_luxury_or_exotic_brand,2009,250,US
KG-004205,4205,Tesla,Model S,car,electric_luxury,excluded_electric_brand,2017,139,US
KG-004207,4207,Tesla,Model 3,car,electric_luxury,excluded_electric_brand,2019,122,US
KG-004208,4208,Tesla,Model 3,car,electric_luxury,excluded_electric_brand,2019,122,US
KG-004209,4209,Lexus,RC 200t,car,luxury,excluded_luxury_or_exotic_brand,2016,79,US
KG-004213,4213,Audi,SQ5,suv,luxury,excluded_luxury_or_exotic_brand,2019,115,US
KG-004216,4216,Polaris,Slingshot,car,non_passenger,excluded_non_passenger_vehicle,2019,108,US
KG-004218,4218,Mercedes-Benz,E-Class,car,luxury,excluded_luxury_or_exotic_brand,2017,98,US
KG-004226,4226,Ram,1500,truck,commercial,excluded_truck_category,2017,59,US
KG-004227,4227,BMW,i3,car,luxury,excluded_luxury_or_exotic_brand,2015,58,US
KG-004230,4230,Maserati,Quattroporte,car,luxury,excluded_luxury_or_exotic_brand,2018,550,US
KG-004233,4233,BMW,4 Series,car,luxury,excluded_luxury_or_exotic_brand,2015,150,US
KG-004234,4234,BMW,X5,suv,luxury,excluded_luxury_or_exotic_brand,2017,207,US
KG-004235,4235,Rolls Royce,Ghost,car,luxury,excluded_luxury_or_exotic_brand,2011,1500,US
KG-004236,4236,Lexus,IS 200t,car,luxury,excluded_luxury_or_exotic_brand,2016,135,US
KG-004237,4237,Aston Martin,V8 Vantage,car,luxury,excluded_luxury_or_exotic_brand,2013,1200,US
KG-004238,4238,Mercedes-benz,GLC-Class,suv,luxury,excluded_luxury_or_exotic_brand,2020,190,US
KG-004239,4239,Toyota,Tundra,truck,commercial,excluded_truck_category,2014,250,US
KG-004240,4240,BMW,4 Series,car,luxury,excluded_luxury_or_exotic_brand,2018,150,US
KG-004242,4242,Mercedes-Benz,G-Class,suv,luxury,excluded_luxury_or_exotic_brand,2015,1400,US
KG-004246,4246,Porsche,Boxster,car,luxury,excluded_luxury_or_exotic_brand,2013,99,US
KG-004248,4248,Maserati,Ghibli,car,luxury,excluded_luxury_or_exotic_brand,2017,94,US
KG-004250,4250,Tesla,Model S,car,electric_luxury,excluded_electric_brand,2016,109,US
KG-004252,4252,Tesla,Model S,car,electric_luxury,excluded_electric_brand,2014,77,US
KG-004253,4253,BMW,i8,car,luxury,excluded_luxury_or_exotic_brand,2016,139,US
KG-004255,4255,Porsche,718 Boxster,car,luxury,excluded_luxury_or_exotic_brand,2017,135,US
KG-004258,4258,Tesla,Model 3,car,electric_luxury,excluded_electric_brand,2018,74,US
KG-004259,4259,Maserati,Quattroporte,car,luxury,excluded_luxury_or_exotic_brand,2015,150,US
KG-004260,4260,Maserati,Ghibli,car,luxury,excluded_luxury_or_exotic_brand,2016,109,US
KG-004261,4261,Porsche,Panamera,car,luxury,excluded_luxury_or_exotic_brand,2013,99,US
KG-004262,4262,Maserati,GranTurismo,car,luxury,excluded_luxury_or_exotic_brand,2014,199,US
KG-004264,4264,Audi,A7,car,luxury,excluded_luxury_or_exotic_brand,2012,66,US
KG-004265,4265,BMW,3 Series,car,luxury,excluded_luxury_or_exotic_brand,2013,42,US
KG-004266,4266,Tesla,Model X,suv,electric_luxury,excluded_electric_brand,2016,139,US
KG-004267,4267,BMW,X5,suv,luxury,excluded_luxury_or_exotic_brand,2012,53,US
KG-004269,4269,Jeep,Gladiator,truck,commercial,excluded_truck_category,2020,55,US
KG-004272,4272,Tesla,Model S,car,electric_luxury,excluded_electric_brand,2016,115,US
KG-004273,4273,BMW,Z4,car,luxury,excluded_luxury_or_exotic_brand,2019,95,US
KG-004276,4276,Maserati,Ghibli,car,luxury,excluded_luxury_or_exotic_brand,2014,109,US
KG-004277,4277,Maserati,Ghibli,car,luxury,excluded_luxury_or_exotic_brand,2014,109,US
KG-004280,4280,Audi,Q3,suv,luxury,excluded_luxury_or_exotic_brand,2018,46,US
KG-004281,4281,Tesla,Model 3,car,electric_luxury,excluded_electric_brand,2019,99,US
KG-004282,4282,Tesla,Model S,car,electric_luxury,excluded_electric_brand,2013,69,US
KG-004283,4283,BMW,I3,car,luxury,excluded_luxury_or_exotic_brand,2019,49,US
KG-004284,4284,BMW,Z4,car,luxury,excluded_luxury_or_exotic_brand,2011,62,US
KG-004285,4285,Mercedes-Benz,C-Class,car,luxury,excluded_luxury_or_exotic_brand,2015,59,US
KG-004287,4287,BMW,4 Series,car,luxury,excluded_luxury_or_exotic_brand,2016,129,US
KG-004289,4289,BMW,Z4,car,luxury,excluded_luxury_or_exotic_brand,2020,88,US
KG-004292,4292,Porsche,718 Boxster,car,luxury,excluded_luxury_or_exotic_brand,2017,129,US
KG-004298,4298,Polaris,Slingshot,car,non_passenger,excluded_non_passenger_vehicle,2016,99,US
KG-004299,4299,Tesla,Model 3,car,electric_luxury,excluded_electric_brand,2019,89,US
KG-004300,4300,Tesla,Model S,car,electric_luxury,excluded_electric_brand,2015,89,US
KG-004301,4301,BMW,X1,suv,luxury,excluded_luxury_or_exotic_brand,2016,59,US
KG-004302,4302,Tesla,Model S,car,electric_luxury,excluded_electric_brand,2015,95,US
KG-004304,4304,BMW,X5,suv,luxury,excluded_luxury_or_exotic_brand,2015,129,US
KG-004305,4305,Mercedes-Benz,C-Class,car,luxury,excluded_luxury_or_exotic_brand,2018,69,US
KG-004306,4306,BMW,X3,suv,luxury,excluded_luxury_or_exotic_brand,2019,49,US
KG-004307,4307,Tesla,Model 3,car,electric_luxury,excluded_electric_brand,2018,79,US
KG-004308,4308,Tesla,Model X,suv,electric_luxury,excluded_electric_brand,2016,169,US
KG-004309,4309,Maserati,Ghibli,car,luxury,excluded_luxury_or_exotic_brand,2017,105,US
KG-004311,4311,Tesla,Model 3,car,electric_luxury,excluded_electric_brand,2018,90,US
KG-004314,4314,Mercedes-Benz,M-Class,suv,luxury,excluded_luxury_or_exotic_brand,2008,49,US
KG-004315,4315,Tesla,Model 3,car,electric_luxury,excluded_electric_brand,2020,95,US
KG-004317,4317,BMW,5 Series,car,luxury,excluded_luxury_or_exotic_brand,2015,90,US
KG-004318,4318,BMW,X5 eDrive,suv,luxury,excluded_luxury_or_exotic_brand,2016,129,US
KG-004319,4319,Tesla,Model 3,car,electric_luxury,excluded_electric_brand,2019,100,US
KG-004321,4321,Tesla,Model X,suv,electric_luxury,excluded_electric_brand,2020,230,US
KG-004323,4323,Audi,S5,car,luxury,excluded_luxury_or_exotic_brand,2010,65,US
KG-004324,4324,Porsche,Cayman,car,luxury,excluded_luxury_or_exotic_brand,2008,80,US
KG-004325,4325,Maserati,Ghibli,car,luxury,excluded_luxury_or_exotic_brand,2015,149,US
KG-004326,4326,Porsche,911,car,luxury,excluded_luxury_or_exotic_brand,2008,209,US
KG-004328,4328,Tesla,Model 3,car,electric_luxury,excluded_electric_brand,2019,99,US
KG-004330,4330,Porsche,Boxster,car,luxury,excluded_luxury_or_exotic_brand,2008,90,US
KG-004331,4331,BMW,4 Series,car,luxury,excluded_luxury_or_exotic_brand,2016,79,US
KG-004332,4332,BMW,4 Series,car,luxury,excluded_luxury_or_exotic_brand,2015,75,US
KG-004334,4334,Tesla,Model 3,car,electric_luxury,excluded_electric_brand,2019,109,US
KG-004336,4336,Tesla,Model S,car,electric_luxury,excluded_electric_brand,2017,169,US
KG-004337,4337,BMW,X6 M,suv,luxury,excluded_luxury_or_exotic_brand,2015,149,US
KG-004340,4340,BMW,6 Series,car,luxury,excluded_luxury_or_exotic_brand,2008,59,US
KG-004341,4341,BMW,X1,suv,luxury,excluded_luxury_or_exotic_brand,2019,59,US
KG-004342,4342,BMW,3-Series,car,luxury,excluded_luxury_or_exotic_brand,2019,69,US
KG-004343,4343,Tesla,Model X,suv,electric_luxury,excluded_electric_brand,2018,179,US
KG-004344,4344,BMW,5 Series,car,luxury,excluded_luxury_or_exotic_brand,2016,89,US
KG-004345,4345,Mercedes-Benz,GLA-Class,suv,luxury,excluded_luxury_or_exotic_brand,2017,70,US
KG-004347,4347,Tesla,Model S,car,electric_luxury,excluded_electric_brand,2015,109,US
KG-004350,4350,Tesla,Model X,suv,electric_luxury,excluded_electric_brand,2017,179,US
KG-004352,4352,Tesla,Model X,suv,electric_luxury,excluded_electric_brand,2020,190,US
KG-004354,4354,BMW,X1,suv,luxury,excluded_luxury_or_exotic_brand,2019,59,US
KG-004362,4362,Lexus,NX 300,suv,luxury,excluded_luxury_or_exotic_brand,2018,94,US
KG-004363,4363,BMW,3 Series,car,luxury,excluded_luxury_or_exotic_brand,2014,44,US
KG-004364,4364,Lexus,IS 200t,car,luxury,excluded_luxury_or_exotic_brand,2017,79,US
KG-004365,4365,Jeep,Gladiator,truck,commercial,excluded_truck_category,2020,89,US
KG-004366,4366,BMW,X5,suv,luxury,excluded_luxury_or_exotic_brand,2013,89,US
KG-004368,4368,Ram,1500,truck,commercial,excluded_truck_category,2017,90,US
KG-004369,4369,BMW,6 Series,car,luxury,excluded_luxury_or_exotic_brand,2012,130,US
KG-004372,4372,Tesla,Model 3,car,electric_luxury,excluded_electric_brand,2018,95,US
KG-004374,4374,Maserati,Levante,suv,luxury,excluded_luxury_or_exotic_brand,2019,109,US
KG-004375,4375,Tesla,Model 3,car,electric_luxury,excluded_electric_brand,2019,159,US
KG-004378,4378,Audi,A5,car,luxury,excluded_luxury_or_exotic_brand,2010,52,US
KG-004379,4379,Tesla,Model X,suv,electric_luxury,excluded_electric_brand,2018,179,US
KG-004380,4380,Tesla,Model S,car,electric_luxury,excluded_electric_brand,2015,115,US
KG-004381,4381,Toyota,Tacoma,truck,commercial,excluded_truck_category,2010,33,US
KG-004382,4382,Dodge,Ram 1500,truck,commercial,excluded_truck_category,2019,51,US
KG-004385,4385,Toyota,Tundra,truck,commercial,excluded_truck_category,2010,71,US
KG-004386,4386,Lexus,ES 300h,car,luxury,excluded_luxury_or_exotic_brand,2015,95,US
KG-004390,4390,BMW,4 Series Gran Coupe,car,luxury,excluded_luxury_or_exotic_brand,2016,56,US
KG-004393,4393,Tesla,Model X,suv,electric_luxury,excluded_electric_brand,2018,399,US
KG-004394,4394,Ram,2500,truck,commercial,excluded_truck_category,2016,68,US
KG-004396,4396,Audi,S4,car,luxury,excluded_luxury_or_exotic_brand,2012,60,US
KG-004397,4397,Mercedes-Benz,E-Class,car,luxury,excluded_luxury_or_exotic_brand,2011,50,US
KG-004399,4399,Porsche,911,car,luxury,excluded_luxury_or_exotic_brand,2005,109,US
KG-004401,4401,Mercedes-Benz,S-Class,car,luxury,excluded_luxury_or_exotic_brand,2015,249,US
KG-004404,4404,Lexus,Ux,suv,luxury,excluded_luxury_or_exotic_brand,2020,49,US
KG-004405,4405,BMW,Z4,car,luxury,excluded_luxury_or_exotic_brand,2014,63,US
KG-004407,4407,BMW,X5,suv,luxury,excluded_luxury_or_exotic_brand,2018,88,US
KG-004408,4408,Polaris,Slingshot,car,non_passenger,excluded_non_passenger_vehicle,2019,95,US
KG-004410,4410,BMW,3 Series,car,luxury,excluded_luxury_or_exotic_brand,2011,65,US
KG-004411,4411,Audi,S6,car,luxury,excluded_luxury_or_exotic_brand,2013,69,US
KG-004412,4412,BMW,X5,suv,luxury,excluded_luxury_or_exotic_brand,2014,55,US
KG-004413,4413,Mercedes-Benz,GL-Class,suv,luxury,excluded_luxury_or_exotic_brand,2011,52,US
KG-004414,4414,Tesla,Model 3,car,electric_luxury,excluded_electric_brand,2018,111,US
KG-004417,4417,Toyota,Tundra,truck,commercial,excluded_truck_category,2012,49,US
KG-004418,4418,Tesla,Model 3,car,electric_luxury,excluded_electric_brand,2020,68,US
KG-004419,4419,Tesla,Model 3,car,electric_luxury,excluded_electric_brand,2020,68,US
KG-004422,4422,Mercedes-benz,Sprinter,van,luxury,excluded_luxury_or_exotic_brand,2019,110,US
KG-004424,4424,Tesla,Model 3,car,electric_luxury,excluded_electric_brand,2018,185,US
KG-004429,4429,Tesla,Model 3,car,electric_luxury,excluded_electric_brand,2018,89,US
KG-004431,4431,Tesla,Model S,car,electric_luxury,excluded_electric_brand,2015,119,US
KG-004435,4435,Mercedes-Benz,S-Class,car,luxury,excluded_luxury_or_exotic_brand,2012,75,US
KG-004438,4438,Audi,A4,car,luxury,excluded_luxury_or_exotic_brand,2017,52,US
KG-004439,4439,Tesla,Model 3,car,electric_luxury,excluded_electric_brand,2018,149,US
KG-004440,4440,Tesla,Model 3,car,electric_luxury,excluded_electric_brand,2018,103,US
KG-004445,4445,Lexus,RC,car,luxury,excluded_luxury_or_exotic_brand,2019,60,US
KG-004449,4449,Tesla,Model 3,car,electric_luxury,excluded_electric_brand,2019,115,US
KG-004450,4450,Tesla,Model 3,car,electric_luxury,excluded_electric_brand,2018,110,US
KG-004453,4453,Tesla,Model 3,car,electric_luxury,excluded_electric_brand,2019,91,US
KG-004454,4454,Tesla,Model 3,car,electric_luxury,excluded_electric_brand,2019,103,US
KG-004455,4455,Tesla,Model 3,car,electric_luxury,excluded_electric_brand,2019,168,US
KG-004456,4456,Porsche,Panamera,car,luxury,excluded_luxury_or_exotic_brand,2013,200,US
KG-004457,4457,Ford,F-150,truck,commercial,excluded_truck_category,2018,114,US
KG-004458,4458,Tesla,Model Y,suv,electric_luxury,excluded_electric_brand,2020,133,US
KG-004459,4459,Audi,A3,car,luxury,excluded_luxury_or_exotic_brand,2017,66,US
KG-004460,4460,Jaguar,F-TYPE,car,luxury,excluded_luxury_or_exotic_brand,2016,159,US
KG-004462,4462,Tesla,Model 3,car,electric_luxury,excluded_electric_brand,2018,125,US
KG-004463,4463,Porsche,911,car,luxury,excluded_luxury_or_exotic_brand,2012,156,US
KG-004465,4465,Tesla,Model X,suv,electric_luxury,excluded_electric_brand,2017,225,US
KG-004466,4466,Mercedes-Benz,E-Class,car,luxury,excluded_luxury_or_exotic_brand,2014,80,US
KG-004467,4467,Tesla,Model 3,car,electric_luxury,excluded_electric_brand,2018,168,US
KG-004469,4469,Ford,F-150,truck,commercial,excluded_truck_category,2010,65,US
KG-004473,4473,BMW,4 Series,car,luxury,excluded_luxury_or_exotic_brand,2014,104,US
KG-004476,4476,Porsche,Macan,suv,luxury,excluded_luxury_or_exotic_brand,2017,120,US
KG-004480,4480,BMW,X5,suv,luxury,excluded_luxury_or_exotic_brand,2012,42,US
KG-004483,4483,Tesla,Model 3,car,electric_luxury,excluded_electric_brand,2020,85,US
KG-004488,4488,Audi,A4,car,luxury,excluded_luxury_or_exotic_brand,2013,38,US
KG-004489,4489,Audi,A6,car,luxury,excluded_luxury_or_exotic_brand,2012,39,US
KG-004492,4492,Mercedes-Benz,C-Class,car,luxury,excluded_luxury_or_exotic_brand,2015,159,US
KG-004495,4495,Audi,Q5,suv,luxury,excluded_luxury_or_exotic_brand,2011,36,US
KG-004505,4505,Mercedes-Benz,C-Class,car,luxury,excluded_luxury_or_exotic_brand,2013,38,US
KG-004507,4507,Ram,1500,truck,commercial,excluded_truck_category,2017,136,US
KG-004510,4510,BMW,5 Series,car,luxury,excluded_luxury_or_exotic_brand,2011,35,US
KG-004523,4523,BMW,X3,suv,luxury,excluded_luxury_or_exotic_brand,2017,140,US
KG-004533,4533,BMW,M4,car,luxury,excluded_luxury_or_exotic_brand,2018,368,US
KG-004537,4537,Mercedes-Benz,GL-Class,suv,luxury,excluded_luxury_or_exotic_brand,2010,47,US
KG-004539,4539,Land Rover,Range Rover Sport,suv,luxury,excluded_luxury_or_exotic_brand,2016,271,US
KG-004549,4549,Tesla,Model 3,car,electric_luxury,excluded_electric_brand,2018,129,US
KG-004550,4550,Audi,Q5,suv,luxury,excluded_luxury_or_exotic_brand,2013,62,US
KG-004553,4553,Nissan,Titan,truck,commercial,excluded_truck_category,2017,56,US
KG-004562,4562,Polaris,Slingshot,car,non_passenger,excluded_non_passenger_vehicle,2016,236,US
KG-004567,4567,Tesla,Model 3,car,electric_luxury,excluded_electric_brand,2018,99,US
KG-004568,4568,Tesla,Model 3,car,electric_luxury,excluded_electric_brand,2019,158,US
KG-004570,4570,Audi,Q7,suv,luxury,excluded_luxury_or_exotic_brand,2015,99,US
KG-004571,4571,Tesla,Model Y,suv,electric_luxury,excluded_electric_brand,2020,149,US
KG-004572,4572,Tesla,Model 3,car,electric_luxury,excluded_electric_brand,2019,249,US
KG-004573,4573,Lexus,NX 300,suv,luxury,excluded_luxury_or_exotic_brand,2018,105,US
KG-004579,4579,Mercedes-Benz,C-Class,car,luxury,excluded_luxury_or_exotic_brand,2018,149,US
KG-004585,4585,Tesla,Model 3,car,electric_luxury,excluded_electric_brand,2018,118,US
KG-004586,4586,Nissan,Frontier,truck,commercial,excluded_truck_category,2015,56,US
KG-004588,4588,Audi,Q7,suv,luxury,excluded_luxury_or_exotic_brand,2013,60,US
KG-004590,4590,Tesla,Model 3,car,electric_luxury,excluded_electric_brand,2018,80,US
KG-004592,4592,Tesla,Model 3,car,electric_luxury,excluded_electric_brand,2020,95,US
KG-004593,4593,Mercedes-Benz,CLA-Class,car,luxury,excluded_luxury_or_exotic_brand,2016,62,US
KG-004595,4595,Mercedes-Benz,GL-Class,suv,luxury,excluded_luxury_or_exotic_brand,2016,115,US
KG-004603,4603,Tesla,Model 3,car,electric_luxury,excluded_electric_brand,2019,119,US
KG-004605,4605,Tesla,Model Y,suv,electric_luxury,excluded_electric_brand,2020,130,US
KG-004606,4606,Porsche,Macan,suv,luxury,excluded_luxury_or_exotic_brand,2018,98,US
KG-004607,4607,Maserati,Ghibli,car,luxury,excluded_luxury_or_exotic_brand,2016,189,US
KG-004608,4608,Tesla,Model X,suv,electric_luxury,excluded_electric_brand,2016,179,US
KG-004609,4609,Land Rover,Range Rover,suv,luxury,excluded_luxury_or_exotic_brand,2012,95,US
KG-004612,4612,Porsche,Macan,suv,luxury,excluded_luxury_or_exotic_brand,2018,98,US
KG-004613,4613,Tesla,Model Y,suv,electric_luxury,excluded_electric_brand,2020,145,US
KG-004617,4617,Jeep,Gladiator,truck,commercial,excluded_truck_category,2020,80,US
KG-004618,4618,Porsche,Macan,suv,luxury,excluded_luxury_or_exotic_brand,2019,115,US
KG-004621,4621,Tesla,Model Y,suv,electric_luxury,excluded_electric_brand,2020,104,US
KG-004623,4623,Toyota,Tundra,truck,commercial,excluded_truck_category,2020,89,US
KG-004624,4624,Land Rover,Discovery,suv,luxury,excluded_luxury_or_exotic_brand,2017,89,US
KG-004625,4625,Land Rover,Range Rover Sport,suv,luxury,excluded_luxury_or_exotic_brand,2018,180,US
KG-004626,4626,Ford,F-150,truck,commercial,excluded_truck_category,2018,115,US
KG-004636,4636,BMW,5 Series,car,luxury,excluded_luxury_or_exotic_brand,2011,120,US
KG-004642,4642,Mercedes-Benz,C-Class,car,luxury,excluded_luxury_or_exotic_brand,2015,93,US
KG-004643,4643,Honda,Ridgeline,truck,commercial,excluded_truck_category,2011,52,US
KG-004644,4644,Mercedes-Benz,G-Class,suv,luxury,excluded_luxury_or_exotic_brand,2009,450,US
KG-004658,4658,Porsche,Cayenne,suv,luxury,excluded_luxury_or_exotic_brand,2014,128,US
KG-004659,4659,Lexus,CT 200h,car,luxury,excluded_luxury_or_exotic_brand,2014,59,US
KG-004662,4662,Land Rover,Range Rover Sport,suv,luxury,excluded_luxury_or_exotic_brand,2011,127,US
KG-004664,4664,Maserati,Ghibli,car,luxury,excluded_luxury_or_exotic_brand,2014,150,US
KG-004666,4666,Chevrolet,Silverado 2500HD,truck,commercial,excluded_truck_category,2009,56,US
KG-004669,4669,Ford,F-150,truck,commercial,excluded_truck_category,2008,41,US
KG-004672,4672,Mercedes-Benz,E-Class,car,luxury,excluded_luxury_or_exotic_brand,2017,109,US
KG-004673,4673,Mercedes-Benz,C-Class,car,luxury,excluded_luxury_or_exotic_brand,2012,58,US
KG-004679,4679,Porsche,Boxster,car,luxury,excluded_luxury_or_exotic_brand,2010,89,US
KG-004682,4682,BMW,6 Series,car,luxury,excluded_luxury_or_exotic_brand,2015,95,US
KG-004683,4683,BMW,5 Series,car,luxury,excluded_luxury_or_exotic_brand,2016,70,US
KG-004685,4685,Chevrolet,Silverado 1500 Hybrid,truck,commercial,excluded_truck_category,2012,55,US
KG-004686,4686,BMW,I8,car,luxury,excluded_luxury_or_exotic_brand,2019,229,US
KG-004687,4687,Tesla,Model S,car,electric_luxury,excluded_electric_brand,2013,94,US
KG-004688,4688,Land Rover,Range Rover Velar,suv,luxury,excluded_luxury_or_exotic_brand,2018,159,US
KG-004692,4692,Tesla,Model 3,car,electric_luxury,excluded_electric_brand,2019,149,US
KG-004693,4693,Polaris,Slingshot,car,non_passenger,excluded_non_passenger_vehicle,2016,109,US
KG-004694,4694,Audi,Q3,suv,luxury,excluded_luxury_or_exotic_brand,2018,70,US
KG-004696,4696,Mercedes-Benz,GLC-Class,suv,luxury,excluded_luxury_or_exotic_brand,2017,75,US
KG-004697,4697,BMW,X5,suv,luxury,excluded_luxury_or_exotic_brand,2017,89,US
KG-004702,4702,Land Rover,Range Rover Evoque,suv,luxury,excluded_luxury_or_exotic_brand,2013,64,US
KG-004703,4703,Audi,Q3,suv,luxury,excluded_luxury_or_exotic_brand,2017,59,US
KG-004705,4705,Audi,Q5,suv,luxury,excluded_luxury_or_exotic_brand,2014,60,US
KG-004706,4706,Audi,A3,car,luxury,excluded_luxury_or_exotic_brand,2016,69,US
KG-004708,4708,Audi,Q5,suv,luxury,excluded_luxury_or_exotic_brand,2016,68,US
KG-004711,4711,BMW,I8,car,luxury,excluded_luxury_or_exotic_brand,2019,299,US
KG-004714,4714,Chevrolet,Silverado 1500,truck,commercial,excluded_truck_category,2012,38,US
KG-004733,4733,Jaguar,XF,car,luxury,excluded_luxury_or_exotic_brand,2013,30,US
KG-004755,4755,Tesla,Model S,car,electric_luxury,excluded_electric_brand,2013,75,US
KG-004756,4756,Jaguar,F-TYPE,car,luxury,excluded_luxury_or_exotic_brand,2020,135,US
KG-004757,4757,Porsche,718 Boxster,car,luxury,excluded_luxury_or_exotic_brand,2017,119,US
KG-004761,4761,BMW,Z4,car,luxury,excluded_luxury_or_exotic_brand,2011,99,US
KG-004762,4762,Porsche,911,car,luxury,excluded_luxury_or_exotic_brand,2013,179,US
KG-004763,4763,Land Rover,Range Rover Sport,suv,luxury,excluded_luxury_or_exotic_brand,2014,129,US
KG-004765,4765,BMW,4 Series,car,luxury,excluded_luxury_or_exotic_brand,2014,99,US
KG-004767,4767,Tesla,Model S,car,electric_luxury,excluded_electric_brand,2017,87,US
KG-004768,4768,BMW,2 Series,car,luxury,excluded_luxury_or_exotic_brand,2014,79,US
KG-004769,4769,BMW,Z4,car,luxury,excluded_luxury_or_exotic_brand,2011,85,US
KG-004770,4770,Tesla,Model X,suv,electric_luxury,excluded_electric_brand,2016,124,US
KG-004772,4772,Tesla,Model S,car,electric_luxury,excluded_electric_brand,2017,118,US
KG-004773,4773,BMW,3 Series,car,luxury,excluded_luxury_or_exotic_brand,2014,79,US
KG-004775,4775,Porsche,718 Boxster,car,luxury,excluded_luxury_or_exotic_brand,2017,198,US
KG-004777,4777,BMW,3 Series,car,luxury,excluded_luxury_or_exotic_brand,2015,79,US
KG-004779,4779,Porsche,718 Boxster,car,luxury,excluded_luxury_or_exotic_brand,2017,198,US
KG-004780,4780,Porsche,911,car,luxury,excluded_luxury_or_exotic_brand,2013,248,US
KG-004782,4782,BMW,3 Series,car,luxury,excluded_luxury_or_exotic_brand,2014,56,US
KG-004783,4783,Porsche,911,car,luxury,excluded_luxury_or_exotic_brand,2017,298,US
KG-004784,4784,Tesla,Model 3,car,electric_luxury,excluded_electric_brand,2018,109,US
KG-004787,4787,Tesla,Model 3,car,electric_luxury,excluded_electric_brand,2018,80,US
KG-004788,4788,Tesla,Model 3,car,electric_luxury,excluded_electric_brand,2018,126,US
KG-004792,4792,Tesla,Model 3,car,electric_luxury,excluded_electric_brand,2017,100,US
KG-004793,4793,BMW,5 Series,car,luxury,excluded_luxury_or_exotic_brand,2014,72,US
KG-004796,4796,Mercedes-Benz,S-Class,car,luxury,excluded_luxury_or_exotic_brand,2018,220,US
KG-004797,4797,Tesla,Model S,car,electric_luxury,excluded_electric_brand,2015,74,US
KG-004798,4798,Tesla,Model S,car,electric_luxury,excluded_electric_brand,2013,99,US
KG-004800,4800,Porsche,Macan,suv,luxury,excluded_luxury_or_exotic_brand,2015,198,US
KG-004802,4802,Porsche,Macan,suv,luxury,excluded_luxury_or_exotic_brand,2015,198,US
KG-004803,4803,Porsche,Macan,suv,luxury,excluded_luxury_or_exotic_brand,2015,198,US
KG-004805,4805,Porsche,Cayenne,suv,luxury,excluded_luxury_or_exotic_brand,2016,198,US
KG-004806,4806,Porsche,Macan,suv,luxury,excluded_luxury_or_exotic_brand,2017,198,US
KG-004807,4807,Audi,R8,car,luxury,excluded_luxury_or_exotic_brand,2011,379,US
KG-004809,4809,Mercedes-Benz,C-Class,car,luxury,excluded_luxury_or_exotic_brand,2018,108,US
KG-004810,4810,Porsche,Cayenne,suv,luxury,excluded_luxury_or_exotic_brand,2016,248,US
KG-004813,4813,Mercedes-Benz,GLE-Class,suv,luxury,excluded_luxury_or_exotic_brand,2016,69,US
KG-004815,4815,Tesla,Model X,suv,electric_luxury,excluded_electric_brand,2017,175,US
KG-004817,4817,BMW,X3,suv,luxury,excluded_luxury_or_exotic_brand,2017,60,US
KG-004818,4818,Tesla,Model S,car,electric_luxury,excluded_electric_brand,2017,120,US
KG-004819,4819,Jaguar,F-TYPE,car,luxury,excluded_luxury_or_exotic_brand,2018,174,US
KG-004821,4821,Porsche,911,car,luxury,excluded_luxury_or_exotic_brand,2013,248,US
KG-004822,4822,Tesla,Model 3,car,electric_luxury,excluded_electric_brand,2018,135,US
KG-004824,4824,Mercedes-Benz,S-Class,car,luxury,excluded_luxury_or_exotic_brand,2016,400,US
KG-004825,4825,BMW,4 Series,car,luxury,excluded_luxury_or_exotic_brand,2018,129,US
KG-004826,4826,Tesla,Model 3,car,electric_luxury,excluded_electric_brand,2019,149,US
KG-004828,4828,Toyota,Tundra,truck,commercial,excluded_truck_category,2017,95,US
KG-004829,4829,Ferrari,California,car,luxury,excluded_luxury_or_exotic_brand,2012,599,US
KG-004830,4830,Tesla,Model 3,car,electric_luxury,excluded_electric_brand,2018,110,US
KG-004831,4831,Tesla,Model 3,car,electric_luxury,excluded_electric_brand,2020,120,US
KG-004835,4835,Toyota,Tundra,truck,commercial,excluded_truck_category,2011,65,US
KG-004837,4837,Tesla,Model S,car,electric_luxury,excluded_electric_brand,2017,99,US
KG-004839,4839,Audi,S5,car,luxury,excluded_luxury_or_exotic_brand,2018,130,US
KG-004842,4842,Tesla,Model 3,car,electric_luxury,excluded_electric_brand,2017,70,US
KG-004843,4843,Tesla,Model S,car,electric_luxury,excluded_electric_brand,2013,89,US
KG-004844,4844,Mercedes-Benz,CLA-Class,car,luxury,excluded_luxury_or_exotic_brand,2018,56,US
KG-004846,4846,Audi,S5,car,luxury,excluded_luxury_or_exotic_brand,2018,88,US
KG-004848,4848,Porsche,718 Boxster,car,luxury,excluded_luxury_or_exotic_brand,2017,118,US
KG-004850,4850,BMW,X5,suv,luxury,excluded_luxury_or_exotic_brand,2019,100,US
KG-004852,4852,Tesla,Model S,car,electric_luxury,excluded_electric_brand,2018,159,US
KG-004855,4855,Tesla,Model 3,car,electric_luxury,excluded_electric_brand,2018,100,US
KG-004856,4856,Tesla,Model 3,car,electric_luxury,excluded_electric_brand,2020,90,US
KG-004858,4858,Porsche,Boxster,car,luxury,excluded_luxury_or_exotic_brand,2013,118,US
KG-004859,4859,Tesla,Model 3,car,electric_luxury,excluded_electric_brand,2018,119,US
KG-004860,4860,Tesla,Model 3,car,electric_luxury,excluded_electric_brand,2019,125,US
KG-004861,4861,Maserati,Ghibli,car,luxury,excluded_luxury_or_exotic_brand,2017,87,US
KG-004862,4862,Tesla,Model 3,car,electric_luxury,excluded_electric_brand,2018,79,US
KG-004863,4863,Polaris,Slingshot,car,non_passenger,excluded_non_passenger_vehicle,2016,109,US
KG-004864,4864,Audi,Q7,suv,luxury,excluded_luxury_or_exotic_brand,2014,71,US
KG-004866,4866,Jaguar,F-TYPE,car,luxury,excluded_luxury_or_exotic_brand,2014,190,US
KG-004867,4867,Tesla,Model 3,car,electric_luxury,excluded_electric_brand,2020,90,US
KG-004868,4868,Tesla,Model X,suv,electric_luxury,excluded_electric_brand,2017,139,US
KG-004870,4870,Tesla,Model 3,car,electric_luxury,excluded_electric_brand,2019,79,US
KG-004871,4871,Audi,RS 3,car,luxury,excluded_luxury_or_exotic_brand,2018,114,US
KG-004872,4872,Tesla,Model S,car,electric_luxury,excluded_electric_brand,2014,140,US
KG-004873,4873,BMW,M4,car,luxury,excluded_luxury_or_exotic_brand,2016,180,US
KG-004874,4874,BMW,3 Series,car,luxury,excluded_luxury_or_exotic_brand,2011,55,US
KG-004875,4875,Porsche,718 Cayman,car,luxury,excluded_luxury_or_exotic_brand,2018,240,US
KG-004876,4876,Tesla,Model 3,car,electric_luxury,excluded_electric_brand,2019,79,US
KG-004878,4878,BMW,X3,suv,luxury,excluded_luxury_or_exotic_brand,2014,62,US
KG-004879,4879,Tesla,Model 3,car,electric_luxury,excluded_electric_brand,2018,89,US
KG-004881,4881,BMW,3 Series,car,luxury,excluded_luxury_or_exotic_brand,2016,63,US
KG-004883,4883,Porsche,911,car,luxury,excluded_luxury_or_exotic_brand,2014,159,US
KG-004884,4884,BMW,3 Series,car,luxury,excluded_luxury_or_exotic_brand,2009,46,US
KG-004886,4886,Tesla,Model 3,car,electric_luxury,excluded_electric_brand,2019,79,US
KG-004887,4887,Mercedes-Benz,C-Class,car,luxury,excluded_luxury_or_exotic_brand,2009,49,US
KG-004888,4888,Mercedes-Benz,SLK-Class,car,luxury,excluded_luxury_or_exotic_brand,2012,79,US
KG-004890,4890,Lexus,RX 350,suv,luxury,excluded_luxury_or_exotic_brand,2010,40,US
KG-004892,4892,Porsche,Cayenne,suv,luxury,excluded_luxury_or_exotic_brand,2014,125,US
KG-004893,4893,Tesla,Model 3,car,electric_luxury,excluded_electric_brand,2020,200,US
KG-004894,4894,BMW,X5,suv,luxury,excluded_luxury_or_exotic_brand,2008,39,US
KG-004897,4897,BMW,M4,car,luxury,excluded_luxury_or_exotic_brand,2018,199,US
KG-004902,4902,Ferrari,California,car,luxury,excluded_luxury_or_exotic_brand,2012,518,US
KG-004903,4903,Tesla,Model 3,car,electric_luxury,excluded_electric_brand,2018,94,US
KG-004908,4908,BMW,4 Series,car,luxury,excluded_luxury_or_exotic_brand,2015,80,US
KG-004909,4909,Land Rover,Discovery Sport,suv,luxury,excluded_luxury_or_exotic_brand,2016,80,US
KG-004910,4910,Tesla,Model 3,car,electric_luxury,excluded_electric_brand,2019,79,US
KG-004911,4911,Tesla,Model 3,car,electric_luxury,excluded_electric_brand,2018,79,US
KG-004912,4912,Tesla,Model X,suv,electric_luxury,excluded_electric_brand,2017,138,US
KG-004913,4913,Audi,A3,car,luxury,excluded_luxury_or_exotic_brand,2016,69,US
KG-004916,4916,BMW,4 Series Gran Coupe,car,luxury,excluded_luxury_or_exotic_brand,2016,70,US
KG-004917,4917,Mercedes-Benz,GL-Class,suv,luxury,excluded_luxury_or_exotic_brand,2014,85,US
KG-004919,4919,BMW,M3,car,luxury,excluded_luxury_or_exotic_brand,2016,105,US
KG-004920,4920,BMW,4 Series,car,luxury,excluded_luxury_or_exotic_brand,2018,75,US
KG-004921,4921,Tesla,Model 3,car,electric_luxury,excluded_electric_brand,2018,99,US
KG-004922,4922,BMW,4 Series,car,luxury,excluded_luxury_or_exotic_brand,2018,79,US
KG-004923,4923,Porsche,Boxster,car,luxury,excluded_luxury_or_exotic_brand,2014,95,US
KG-004924,4924,BMW,3 Series,car,luxury,excluded_luxury_or_exotic_brand,2008,45,US
KG-004925,4925,BMW,3 Series,car,luxury,excluded_luxury_or_exotic_brand,2007,44,US
KG-004926,4926,Audi,S4,car,luxury,excluded_luxury_or_exotic_brand,2012,68,US
KG-004927,4927,Tesla,Model 3,car,electric_luxury,excluded_electric_brand,2018,119,US
KG-004931,4931,BMW,X3,suv,luxury,excluded_luxury_or_exotic_brand,2008,45,US
KG-004934,4934,Tesla,Model 3,car,electric_luxury,excluded_electric_brand,2019,84,US
KG-004936,4936,BMW,M6,car,luxury,excluded_luxury_or_exotic_brand,2007,149,US
KG-004938,4938,Mercedes-Benz,GLE-Class Coupe,suv,luxury,excluded_luxury_or_exotic_brand,2017,180,US
KG-004939,4939,Mercedes-Benz,SLK-Class,car,luxury,excluded_luxury_or_exotic_brand,2015,69,US
KG-004941,4941,Tesla,Model 3,car,electric_luxury,excluded_electric_brand,2018,150,US
KG-004943,4943,Tesla,Model S,car,electric_luxury,excluded_electric_brand,2016,120,US
KG-004945,4945,Porsche,Panamera,car,luxury,excluded_luxury_or_exotic_brand,2018,125,US
KG-004947,4947,Tesla,Model S,car,electric_luxury,excluded_electric_brand,2015,130,US
KG-004950,4950,Tesla,Model 3,car,electric_luxury,excluded_electric_brand,2019,117,US
KG-004952,4952,Audi,A4,car,luxury,excluded_luxury_or_exotic_brand,2011,52,US
KG-004955,4955,Tesla,Model 3,car,electric_luxury,excluded_electric_brand,2019,125,US
KG-004956,4956,Tesla,Model S,car,electric_luxury,excluded_electric_brand,2016,187,US
KG-004958,4958,Tesla,Model 3,car,electric_luxury,excluded_electric_brand,2019,110,US
KG-004959,4959,Ford,F-150,truck,commercial,excluded_truck_category,2014,92,US
KG-004961,4961,Toyota,Tundra,truck,commercial,excluded_truck_category,2018,75,US
KG-004963,4963,Lexus,GX 460,suv,luxury,excluded_luxury_or_exotic_brand,2017,103,US
KG-004965,4965,Audi,RS 5,car,luxury,excluded_luxury_or_exotic_brand,2013,140,US
KG-004966,4966,Audi,Q7,suv,luxury,excluded_luxury_or_exotic_brand,2015,79,US
KG-004967,4967,Ford,F-150,truck,commercial,excluded_truck_category,2016,66,US
KG-004970,4970,Tesla,Model Y,suv,electric_luxury,excluded_electric_brand,2020,170,US
KG-004971,4971,Tesla,Model 3,car,electric_luxury,excluded_electric_brand,2018,130,US
KG-004972,4972,Tesla,Model Y,suv,electric_luxury,excluded_electric_brand,2020,150,US
KG-004979,4979,Tesla,Model 3,car,electric_luxury,excluded_electric_brand,2019,94,US
KG-004983,4983,Land Rover,Range Rover Sport,suv,luxury,excluded_luxury_or_exotic_brand,2014,145,US
KG-004986,4986,Tesla,Model 3,car,electric_luxury,excluded_electric_brand,2020,179,US
KG-004988,4988,Tesla,Model 3,car,electric_luxury,excluded_electric_brand,2017,150,US
KG-004993,4993,GMC,Sierra 1500,truck,commercial,excluded_truck_category,2017,68,US
KG-004994,4994,BMW,3 Series,car,luxury,excluded_luxury_or_exotic_brand,2016,71,US
KG-004997,4997,Jaguar,XE,car,luxury,excluded_luxury_or_exotic_brand,2017,86,US
KG-004999,4999,Ford,F-150,truck,commercial,excluded_truck_category,2018,85,US
KG-005000,5000,Audi,A4,car,luxury,excluded_luxury_or_exotic_brand,2015,55,US
KG-005003,5003,Mercedes-Benz,Sprinter,van,luxury,excluded_luxury_or_exotic_brand,2018,158,US
KG-005005,5005,Tesla,Model 3,car,electric_luxury,excluded_electric_brand,2020,159,US
KG-005015,5015,Audi,Q7,suv,luxury,excluded_luxury_or_exotic_brand,2015,110,US
KG-005017,5017,Tesla,Model 3,car,electric_luxury,excluded_electric_brand,2018,84,US
KG-005020,5020,Tesla,Model X,suv,electric_luxury,excluded_electric_brand,2016,129,US
KG-005021,5021,Audi,A5 Sportback,car,luxury,excluded_luxury_or_exotic_brand,2019,87,US
KG-005022,5022,Tesla,Model 3,car,electric_luxury,excluded_electric_brand,2020,174,US
KG-005023,5023,Mercedes-benz,Sprinter,van,luxury,excluded_luxury_or_exotic_brand,2019,130,US
KG-005024,5024,GMC,Sierra 1500,truck,commercial,excluded_truck_category,2019,124,US
KG-005026,5026,Toyota,Tacoma,truck,commercial,excluded_truck_category,2011,90,US
KG-005027,5027,Ford,F-150,truck,commercial,excluded_truck_category,2016,79,US
KG-005028,5028,Audi,A4,car,luxury,excluded_luxury_or_exotic_brand,2012,45,US
KG-005031,5031,GMC,Sierra 1500,truck,commercial,excluded_truck_category,2019,125,US
KG-005041,5041,Mercedes-Benz,GLK-Class,suv,luxury,excluded_luxury_or_exotic_brand,2010,48,US
KG-005048,5048,Land Rover,LR4,suv,luxury,excluded_luxury_or_exotic_brand,2013,130,US
KG-005053,5053,Toyota,Tacoma,truck,commercial,excluded_truck_category,2008,100,US
KG-005055,5055,Audi,Q5,suv,luxury,excluded_luxury_or_exotic_brand,2012,64,US
KG-005063,5063,BMW,3 Series,car,luxury,excluded_luxury_or_exotic_brand,2018,50,US
KG-005069,5069,Land Rover,Range Rover Sport,suv,luxury,excluded_luxury_or_exotic_brand,2012,158,US
KG-005075,5075,Toyota,Tacoma,truck,commercial,excluded_truck_category,2014,71,US
KG-005077,5077,Toyota,Tundra,truck,commercial,excluded_truck_category,2014,68,US
KG-005080,5080,Jaguar,F-PACE,suv,luxury,excluded_luxury_or_exotic_brand,2017,124,US
KG-005084,5084,Tesla,Model X,suv,electric_luxury,excluded_electric_brand,2018,204,US
KG-005085,5085,Jeep,Gladiator,truck,commercial,excluded_truck_category,2020,83,US
KG-005095,5095,Polaris,Slingshot,car,non_passenger,excluded_non_passenger_vehicle,2015,280,US
KG-005096,5096,Nissan,Frontier,truck,commercial,excluded_truck_category,2011,50,US
KG-005098,5098,Mercedes-Benz,CLA-Class,car,luxury,excluded_luxury_or_exotic_brand,2016,62,US
KG-005099,5099,Porsche,Cayenne,suv,luxury,excluded_luxury_or_exotic_brand,2009,86,US
KG-005101,5101,Ford,F-150,truck,commercial,excluded_truck_category,2018,65,US
KG-005103,5103,Ford,F-150,truck,commercial,excluded_truck_category,2016,90,US
KG-005107,5107,Toyota,Tundra,truck,commercial,excluded_truck_category,2010,49,US
KG-005109,5109,Tesla,Model 3,car,electric_luxury,excluded_electric_brand,2019,200,US
KG-005114,5114,Ram,1500,truck,commercial,excluded_truck_category,2013,64,US
KG-005116,5116,Audi,Q5,suv,luxury,excluded_luxury_or_exotic_brand,2011,49,US
KG-005123,5123,Land Rover,LR2,suv,luxury,excluded_luxury_or_exotic_brand,2008,49,US
KG-005129,5129,BMW,X5,suv,luxury,excluded_luxury_or_exotic_brand,2017,109,US
KG-005130,5130,Ram,1500,truck,commercial,excluded_truck_category,2015,99,US
KG-005138,5138,Tesla,Model S,car,electric_luxury,excluded_electric_brand,2016,139,US
KG-005139,5139,Tesla,Model 3,car,electric_luxury,excluded_electric_brand,2018,139,US
KG-005140,5140,Tesla,Model X,suv,electric_luxury,excluded_electric_brand,2016,189,US
KG-005141,5141,Tesla,Model 3,car,electric_luxury,excluded_electric_brand,2018,169,US
KG-005142,5142,Tesla,Model 3,car,electric_luxury,excluded_electric_brand,2019,130,US
KG-005144,5144,Mercedes-Benz,S-Class,car,luxury,excluded_luxury_or_exotic_brand,2015,202,US
KG-005147,5147,Tesla,Model S,car,electric_luxury,excluded_electric_brand,2013,128,US
KG-005149,5149,Tesla,Model 3,car,electric_luxury,excluded_electric_brand,2018,189,US
KG-005151,5151,Tesla,Model 3,car,electric_luxury,excluded_electric_brand,2019,130,US
KG-005152,5152,Tesla,Model Y,suv,electric_luxury,excluded_electric_brand,2020,189,US
KG-005153,5153,Ford,F-150,truck,commercial,excluded_truck_category,2018,86,US
KG-005155,5155,BMW,6 Series,car,luxury,excluded_luxury_or_exotic_brand,2015,112,US
KG-005156,5156,BMW,7-Series,car,luxury,excluded_luxury_or_exotic_brand,2019,169,US
KG-005157,5157,BMW,M4,car,luxury,excluded_luxury_or_exotic_brand,2015,225,US
KG-005159,5159,Mercedes-benz,C-Class,car,luxury,excluded_luxury_or_exotic_brand,2019,102,US
KG-005163,5163,Mercedes-Benz,CLA-Class,car,luxury,excluded_luxury_or_exotic_brand,2018,94,US
KG-005165,5165,Lexus,IS 350 C,car,luxury,excluded_luxury_or_exotic_brand,2010,56,US
KG-005166,5166,Ram,1500,truck,commercial,excluded_truck_category,2016,59,US
KG-005167,5167,Jaguar,F-TYPE,car,luxury,excluded_luxury_or_exotic_brand,2015,200,US
KG-005168,5168,Mercedes-Benz,SLK-Class,car,luxury,excluded_luxury_or_exotic_brand,2016,126,US
KG-005169,5169,Audi,A4,car,luxury,excluded_luxury_or_exotic_brand,2014,60,US
KG-005171,5171,Tesla,Model S,car,electric_luxury,excluded_electric_brand,2014,150,US
KG-005172,5172,BMW,5 Series,car,luxury,excluded_luxury_or_exotic_brand,2018,135,US
KG-005173,5173,BMW,7-Series,car,luxury,excluded_luxury_or_exotic_brand,2019,179,US
KG-005175,5175,Audi,Q7,suv,luxury,excluded_luxury_or_exotic_brand,2017,131,US
KG-005178,5178,Mercedes-Benz,SLK-Class,car,luxury,excluded_luxury_or_exotic_brand,2016,112,US
KG-005179,5179,Audi,A8 L,car,luxury,excluded_luxury_or_exotic_brand,2019,189,US
KG-005186,5186,Lexus,LS 460,car,luxury,excluded_luxury_or_exotic_brand,2012,66,US
KG-005187,5187,Ram,Dakota,truck,commercial,excluded_truck_category,2011,92,US
KG-005190,5190,BMW,i3,car,luxury,excluded_luxury_or_exotic_brand,2015,54,US
KG-005191,5191,Jeep,Gladiator,truck,commercial,excluded_truck_category,2020,99,US
KG-005192,5192,BMW,3 Series,car,luxury,excluded_luxury_or_exotic_brand,2016,60,US
KG-005193,5193,Lexus,ES 300h,car,luxury,excluded_luxury_or_exotic_brand,2016,83,US
KG-005194,5194,Mercedes-Benz,CLA-Class,car,luxury,excluded_luxury_or_exotic_brand,2018,95,US
KG-005199,5199,BMW,2 Series,car,luxury,excluded_luxury_or_exotic_brand,2017,115,US
KG-005200,5200,Ford,F-150,truck,commercial,excluded_truck_category,2018,159,US
KG-005201,5201,BMW,X5,suv,luxury,excluded_luxury_or_exotic_brand,2015,79,US
KG-005202,5202,Tesla,Model X,suv,electric_luxury,excluded_electric_brand,2016,250,US
KG-005204,5204,BMW,I8,car,luxury,excluded_luxury_or_exotic_brand,2019,359,US
KG-005210,5210,Mercedes-benz,GLC-Class,suv,luxury,excluded_luxury_or_exotic_brand,2019,150,US
KG-005214,5214,BMW,3 Series,car,luxury,excluded_luxury_or_exotic_brand,2013,64,US
KG-005219,5219,BMW,i3,car,luxury,excluded_luxury_or_exotic_brand,2017,49,US
KG-005225,5225,Tesla,Model X,suv,electric_luxury,excluded_electric_brand,2019,145,US
KG-005229,5229,Porsche,911,car,luxury,excluded_luxury_or_exotic_brand,2018,142,US
KG-005230,5230,Lotus,Evora,car,luxury,excluded_luxury_or_exotic_brand,2013,149,US
KG-005231,5231,Audi,Q8,suv,luxury,excluded_luxury_or_exotic_brand,2019,105,US
KG-005234,5234,BMW,X7,suv,luxury,excluded_luxury_or_exotic_brand,2019,125,US
KG-005236,5236,Tesla,Model 3,car,electric_luxury,excluded_electric_brand,2018,99,US
KG-005237,5237,Mercedes-Benz,C-Class,car,luxury,excluded_luxury_or_exotic_brand,2018,59,US
KG-005238,5238,Mercedes-Benz,C-Class,car,luxury,excluded_luxury_or_exotic_brand,2018,65,US
KG-005242,5242,Tesla,Model 3,car,electric_luxury,excluded_electric_brand,2018,85,US
KG-005243,5243,Mercedes-benz,C-Class,car,luxury,excluded_luxury_or_exotic_brand,2019,72,US
KG-005244,5244,Jaguar,F-TYPE,car,luxury,excluded_luxury_or_exotic_brand,2015,105,US
KG-005248,5248,Tesla,Model 3,car,electric_luxury,excluded_electric_brand,2018,97,US
KG-005249,5249,Mercedes-benz,E-Class,car,luxury,excluded_luxury_or_exotic_brand,2019,74,US
KG-005251,5251,BMW,7 Series,car,luxury,excluded_luxury_or_exotic_brand,2016,76,US
KG-005252,5252,Tesla,Model 3,car,electric_luxury,excluded_electric_brand,2019,70,US
KG-005253,5253,Lexus,GX 460,suv,luxury,excluded_luxury_or_exotic_brand,2018,67,US
KG-005254,5254,Mercedes-benz,C-Class,car,luxury,excluded_luxury_or_exotic_brand,2019,95,US
KG-005255,5255,Mercedes-benz,G-Class,suv,luxury,excluded_luxury_or_exotic_brand,2019,249,US
KG-005256,5256,Mercedes-Benz,E-Class,car,luxury,excluded_luxury_or_exotic_brand,2017,79,US
KG-005257,5257,Porsche,718 Boxster,car,luxury,excluded_luxury_or_exotic_brand,2018,179,US
KG-005258,5258,Maserati,Ghibli,car,luxury,excluded_luxury_or_exotic_brand,2017,125,US
KG-005259,5259,Tesla,Model 3,car,electric_luxury,excluded_electric_brand,2019,66,US
KG-005261,5261,Tesla,Model 3,car,electric_luxury,excluded_electric_brand,2019,70,US
KG-005264,5264,Tesla,Model S,car,electric_luxury,excluded_electric_brand,2015,100,US
KG-005265,5265,Tesla,Model 3,car,electric_luxury,excluded_electric_brand,2018,99,US
KG-005266,5266,Ferrari,458 Spider,car,luxury,excluded_luxury_or_exotic_brand,2015,449,US
KG-005267,5267,Tesla,Model 3,car,electric_luxury,excluded_electric_brand,2020,70,US
KG-005268,5268,Mercedes-Benz,GL-Class,suv,luxury,excluded_luxury_or_exotic_brand,2011,48,US
KG-005271,5271,Audi,R8,car,luxury,excluded_luxury_or_exotic_brand,2014,275,US
KG-005273,5273,Mercedes-benz,GLC-Class,suv,luxury,excluded_luxury_or_exotic_brand,2019,59,US
KG-005277,5277,Porsche,Panamera,car,luxury,excluded_luxury_or_exotic_brand,2018,145,US
KG-005279,5279,Tesla,Model S,car,electric_luxury,excluded_electric_brand,2016,89,US
KG-005281,5281,Porsche,911,car,luxury,excluded_luxury_or_exotic_brand,2010,72,US
KG-005283,5283,Mercedes-Benz,GLS-Class,suv,luxury,excluded_luxury_or_exotic_brand,2017,93,US
KG-005286,5286,Tesla,Model 3,car,electric_luxury,excluded_electric_brand,2020,89,US
KG-005288,5288,BMW,3 Series,car,luxury,excluded_luxury_or_exotic_brand,2018,49,US
KG-005290,5290,BMW,3-Series,car,luxury,excluded_luxury_or_exotic_brand,2020,72,US
KG-005292,5292,Tesla,Model 3,car,electric_luxury,excluded_electric_brand,2018,89,US
KG-005294,5294,BMW,X7,suv,luxury,excluded_luxury_or_exotic_brand,2019,115,US
KG-005295,5295,Porsche,911,car,luxury,excluded_luxury_or_exotic_brand,2008,64,US
KG-005296,5296,Tesla,Model 3,car,electric_luxury,excluded_electric_brand,2018,109,US
KG-005298,5298,Audi,R8,car,luxury,excluded_luxury_or_exotic_brand,2015,249,US
KG-005300,5300,Tesla,Model X,suv,electric_luxury,excluded_electric_brand,2019,174,US
KG-005301,5301,Mercedes-Benz,CLA-Class,car,luxury,excluded_luxury_or_exotic_brand,2018,65,US
KG-005303,5303,Mercedes-benz,G-Class,suv,luxury,excluded_luxury_or_exotic_brand,2019,265,US
KG-005304,5304,Tesla,Model 3,car,electric_luxury,excluded_electric_brand,2017,120,US
KG-005305,5305,Tesla,Model X,suv,electric_luxury,excluded_electric_brand,2018,123,US
KG-005311,5311,Porsche,911,car,luxury,excluded_luxury_or_exotic_brand,2017,220,US
KG-005314,5314,Maserati,Ghibli,car,luxury,excluded_luxury_or_exotic_brand,2016,58,US
KG-005315,5315,BMW,2 Series,car,luxury,excluded_luxury_or_exotic_brand,2015,53,US
KG-005317,5317,Mercedes-Benz,C-Class,car,luxury,excluded_luxury_or_exotic_brand,2009,47,US
KG-005320,5320,Tesla,Model S,car,electric_luxury,excluded_electric_brand,2015,200,US
KG-005321,5321,Mercedes-Benz,G-Class,suv,luxury,excluded_luxury_or_exotic_brand,2017,182,US
KG-005323,5323,BMW,i8,car,luxury,excluded_luxury_or_exotic_brand,2015,179,US
KG-005324,5324,BMW,X5,suv,luxury,excluded_luxury_or_exotic_brand,2015,50,US
KG-005325,5325,GMC,Canyon,truck,commercial,excluded_truck_category,2018,35,US
KG-005328,5328,Lexus,RX 350,suv,luxury,excluded_luxury_or_exotic_brand,2015,36,US
KG-005329,5329,Tesla,Model 3,car,electric_luxury,excluded_electric_brand,2019,145,US
KG-005331,5331,Tesla,Model 3,car,electric_luxury,excluded_electric_brand,2019,120,US
KG-005333,5333,Mercedes-Benz,C-Class,car,luxury,excluded_luxury_or_exotic_brand,2018,64,US
KG-005335,5335,Porsche,Macan,suv,luxury,excluded_luxury_or_exotic_brand,2015,64,US
KG-005339,5339,Audi,R8,car,luxury,excluded_luxury_or_exotic_brand,2008,396,US
KG-005341,5341,BMW,3-Series,car,luxury,excluded_luxury_or_exotic_brand,2020,65,US
KG-005342,5342,Mercedes-Benz,G-Class,suv,luxury,excluded_luxury_or_exotic_brand,2017,499,US
KG-005344,5344,BMW,4-Series,car,luxury,excluded_luxury_or_exotic_brand,2019,65,US
KG-005346,5346,Porsche,911,car,luxury,excluded_luxury_or_exotic_brand,2013,199,US
KG-005347,5347,Tesla,Model S,car,electric_luxury,excluded_electric_brand,2016,200,US
KG-005348,5348,Lamborghini,Huracan,car,luxury,excluded_luxury_or_exotic_brand,2017,999,US
KG-005349,5349,Lexus,GX 460,suv,luxury,excluded_luxury_or_exotic_brand,2016,75,US
KG-005353,5353,BMW,2 Series,car,luxury,excluded_luxury_or_exotic_brand,2015,59,US
KG-005354,5354,BMW,5 Series,car,luxury,excluded_luxury_or_exotic_brand,2013,56,US
KG-005355,5355,Ford,F-150,truck,commercial,excluded_truck_category,2018,50,US
KG-005356,5356,Mercedes-Benz,M-Class,suv,luxury,excluded_luxury_or_exotic_brand,2014,79,US
KG-005357,5357,BMW,3 Series,car,luxury,excluded_luxury_or_exotic_brand,2015,55,US
KG-005359,5359,Tesla,Model 3,car,electric_luxury,excluded_electric_brand,2020,117,US
KG-005361,5361,Mercedes-Benz,C-Class,car,luxury,excluded_luxury_or_exotic_brand,2009,46,US
KG-005363,5363,Toyota,Tundra,truck,commercial,excluded_truck_category,2020,100,US
KG-005365,5365,Tesla,Model 3,car,electric_luxury,excluded_electric_brand,2019,153,US
KG-005366,5366,BMW,M4,car,luxury,excluded_luxury_or_exotic_brand,2016,230,US
KG-005367,5367,Land Rover,LR2,suv,luxury,excluded_luxury_or_exotic_brand,2015,70,US
KG-005373,5373,BMW,3 Series,car,luxury,excluded_luxury_or_exotic_brand,2013,66,US
KG-005376,5376,Mercedes-Benz,S-Class,car,luxury,excluded_luxury_or_exotic_brand,2017,599,US
KG-005387,5387,Tesla,Model S,car,electric_luxury,excluded_electric_brand,2019,195,US
KG-005388,5388,Tesla,Model 3,car,electric_luxury,excluded_electric_brand,2018,99,US
KG-005389,5389,Mercedes-Benz,C-Class,car,luxury,excluded_luxury_or_exotic_brand,2016,140,US
KG-005398,5398,BMW,3-Series,car,luxury,excluded_luxury_or_exotic_brand,2019,105,US
KG-005403,5403,GMC,Sierra 1500,truck,commercial,excluded_truck_category,2007,60,US
KG-005410,5410,Ford,F-250 Super Duty,truck,commercial,excluded_truck_category,2015,54,US
KG-005412,5412,Tesla,Model 3,car,electric_luxury,excluded_electric_brand,2018,89,US
KG-005415,5415,Tesla,Model 3,car,electric_luxury,excluded_electric_brand,2020,116,US
KG-005418,5418,Mercedes-Benz,S-Class,car,luxury,excluded_luxury_or_exotic_brand,2016,199,US
KG-005422,5422,Mercedes-Benz,SLK-Class,car,luxury,excluded_luxury_or_exotic_brand,2013,69,US
KG-005424,5424,Mercedes-Benz,CLS-Class,car,luxury,excluded_luxury_or_exotic_brand,2016,119,US
KG-005427,5427,Porsche,Boxster,car,luxury,excluded_luxury_or_exotic_brand,2008,94,US
KG-005429,5429,BMW,M4,car,luxury,excluded_luxury_or_exotic_brand,2015,195,US
KG-005432,5432,Mercedes-Benz,GL-Class,suv,luxury,excluded_luxury_or_exotic_brand,2012,100,US
KG-005435,5435,Land Rover,Range Rover Velar,suv,luxury,excluded_luxury_or_exotic_brand,2018,155,US
KG-005436,5436,BMW,1 Series,car,luxury,excluded_luxury_or_exotic_brand,2011,65,US
KG-005437,5437,Jeep,Gladiator,truck,commercial,excluded_truck_category,2020,72,US
KG-005439,5439,Mercedes-Benz,E-Class,car,luxury,excluded_luxury_or_exotic_brand,2011,82,US
KG-005442,5442,Mercedes-Benz,CLA-Class,car,luxury,excluded_luxury_or_exotic_brand,2014,68,US
KG-005444,5444,BMW,4 Series,car,luxury,excluded_luxury_or_exotic_brand,2016,100,US
KG-005446,5446,Jaguar,F-PACE,suv,luxury,excluded_luxury_or_exotic_brand,2018,108,US
KG-005447,5447,Porsche,Macan,suv,luxury,excluded_luxury_or_exotic_brand,2015,120,US
KG-005448,5448,Tesla,Model 3,car,electric_luxury,excluded_electric_brand,2019,130,US
KG-005449,5449,Mercedes-Benz,C-Class,car,luxury,excluded_luxury_or_exotic_brand,2013,42,US
KG-005451,5451,Porsche,Boxster,car,luxury,excluded_luxury_or_exotic_brand,2006,99,US
KG-005452,5452,BMW,3 Series,car,luxury,excluded_luxury_or_exotic_brand,2013,70,US
KG-005453,5453,Toyota,Tacoma,truck,commercial,excluded_truck_category,2020,48,US
KG-005455,5455,Mercedes-Benz,C-Class,car,luxury,excluded_luxury_or_exotic_brand,2017,90,US
KG-005456,5456,BMW,M4,car,luxury,excluded_luxury_or_exotic_brand,2016,165,US
KG-005458,5458,Jaguar,F-TYPE,car,luxury,excluded_luxury_or_exotic_brand,2014,139,US
KG-005459,5459,Land Rover,Range Rover Sport,suv,luxury,excluded_luxury_or_exotic_brand,2018,165,US
KG-005460,5460,Jaguar,F-TYPE,car,luxury,excluded_luxury_or_exotic_brand,2015,135,US
KG-005461,5461,Mercedes-Benz,E-Class,car,luxury,excluded_luxury_or_exotic_brand,2016,84,US
KG-005462,5462,Tesla,Model S,car,electric_luxury,excluded_electric_brand,2016,143,US
KG-005471,5471,Tesla,Model 3,car,electric_luxury,excluded_electric_brand,2019,131,US
KG-005472,5472,Dodge,Ram 1500,truck,commercial,excluded_truck_category,2019,95,US
KG-005474,5474,Polaris,Slingshot,car,non_passenger,excluded_non_passenger_vehicle,2019,110,US
KG-005476,5476,BMW,1 Series,car,luxury,excluded_luxury_or_exotic_brand,2013,79,US
KG-005479,5479,BMW,X3,suv,luxury,excluded_luxury_or_exotic_brand,2017,76,US
KG-005480,5480,Mercedes-Benz,C-Class,car,luxury,excluded_luxury_or_exotic_brand,2015,72,US
KG-005483,5483,Jaguar,F-TYPE,car,luxury,excluded_luxury_or_exotic_brand,2016,129,US
KG-005484,5484,BMW,i8,car,luxury,excluded_luxury_or_exotic_brand,2015,350,US
KG-005485,5485,Audi,A3,car,luxury,excluded_luxury_or_exotic_brand,2017,74,US
KG-005486,5486,Mercedes-Benz,GLE-Class,suv,luxury,excluded_luxury_or_exotic_brand,2016,87,US
KG-005487,5487,BMW,5 Series,car,luxury,excluded_luxury_or_exotic_brand,2008,89,US
KG-005488,5488,Polaris,Slingshot,car,non_passenger,excluded_non_passenger_vehicle,2019,199,US
KG-005490,5490,Tesla,Model X,suv,electric_luxury,excluded_electric_brand,2017,185,US
KG-005492,5492,Mercedes-Benz,M-Class,suv,luxury,excluded_luxury_or_exotic_brand,2008,47,US
KG-005494,5494,Maserati,Ghibli,car,luxury,excluded_luxury_or_exotic_brand,2015,229,US
KG-005496,5496,Mercedes-Benz,E-Class,car,luxury,excluded_luxury_or_exotic_brand,2007,37,US
KG-005498,5498,Porsche,Macan,suv,luxury,excluded_luxury_or_exotic_brand,2015,143,US
KG-005500,5500,Mercedes-Benz,CLA-Class,car,luxury,excluded_luxury_or_exotic_brand,2015,80,US
KG-005501,5501,Mercedes-Benz,M-Class,suv,luxury,excluded_luxury_or_exotic_brand,2007,100,US
KG-005503,5503,Mercedes-Benz,C-Class,car,luxury,excluded_luxury_or_exotic_brand,2013,62,US
KG-005504,5504,BMW,4-Series,car,luxury,excluded_luxury_or_exotic_brand,2019,174,US
KG-005505,5505,Mercedes-benz,G-Class,suv,luxury,excluded_luxury_or_exotic_brand,2020,489,US
KG-005506,5506,Tesla,Model S,car,electric_luxury,excluded_electric_brand,2014,129,US
KG-005507,5507,BMW,6 Series,car,luxury,excluded_luxury_or_exotic_brand,2016,200,US
KG-005508,5508,Land Rover,Discovery Sport,suv,luxury,excluded_luxury_or_exotic_brand,2016,86,US
KG-005513,5513,Tesla,Model S,car,electric_luxury,excluded_electric_brand,2013,180,US
KG-005520,5520,Ford,F-150,truck,commercial,excluded_truck_category,2016,100,US
KG-005523,5523,BMW,i8,car,luxury,excluded_luxury_or_exotic_brand,2015,225,US
KG-005525,5525,Jeep,Gladiator,truck,commercial,excluded_truck_category,2020,89,US
KG-005527,5527,Mercedes-benz,C-Class,car,luxury,excluded_luxury_or_exotic_brand,2019,99,US
KG-005530,5530,Audi,Q5,suv,luxury,excluded_luxury_or_exotic_brand,2016,95,US
KG-005531,5531,Audi,A3,car,luxury,excluded_luxury_or_exotic_brand,2016,72,US
KG-005532,5532,Lexus,IS 350,car,luxury,excluded_luxury_or_exotic_brand,2018,149,US
KG-005537,5537,Porsche,911,car,luxury,excluded_luxury_or_exotic_brand,2017,299,US
KG-005538,5538,Tesla,Model 3,car,electric_luxury,excluded_electric_brand,2018,99,US
KG-005539,5539,Tesla,Model 3,car,electric_luxury,excluded_electric_brand,2020,119,US
KG-005540,5540,Nissan,Titan XD,truck,commercial,excluded_truck_category,2016,78,US
KG-005541,5541,Tesla,Model 3,car,electric_luxury,excluded_electric_brand,2018,119,US
KG-005542,5542,Dodge,Ram 1500,truck,commercial,excluded_truck_category,2020,72,US
KG-005543,5543,Land Rover,Range Rover Sport,suv,luxury,excluded_luxury_or_exotic_brand,2016,164,US
KG-005544,5544,Tesla,Model 3,car,electric_luxury,excluded_electric_brand,2018,178,US
KG-005545,5545,Ford,F-150,truck,commercial,excluded_truck_category,2018,64,US
KG-005546,5546,Mercedes-Benz,S-Class,car,luxury,excluded_luxury_or_exotic_brand,2008,138,US
KG-005547,5547,Tesla,Model 3,car,electric_luxury,excluded_electric_brand,2018,105,US
KG-005548,5548,Polaris,Slingshot,car,non_passenger,excluded_non_passenger_vehicle,2016,81,US
KG-005549,5549,Tesla,Model S,car,electric_luxury,excluded_electric_brand,2013,144,US
KG-005550,5550,Tesla,Model S,car,electric_luxury,excluded_electric_brand,2013,113,US
KG-005555,5555,Tesla,Model Y,suv,electric_luxury,excluded_electric_brand,2020,149,US
KG-005558,5558,Tesla,Model 3,car,electric_luxury,excluded_electric_brand,2019,126,US
KG-005559,5559,BMW,X6,suv,luxury,excluded_luxury_or_exotic_brand,2011,82,US
KG-005560,5560,BMW,5 Series,car,luxury,excluded_luxury_or_exotic_brand,2011,76,US
KG-005561,5561,BMW,5 Series,car,luxury,excluded_luxury_or_exotic_brand,2012,76,US
KG-005562,5562,Porsche,Panamera,car,luxury,excluded_luxury_or_exotic_brand,2013,141,US
KG-005566,5566,Ford,F-150,truck,commercial,excluded_truck_category,2012,75,US
KG-005567,5567,Ford,F-150,truck,commercial,excluded_truck_category,2016,92,US
KG-005575,5575,Tesla,Model S,car,electric_luxury,excluded_electric_brand,2014,147,US
KG-005577,5577,Jaguar,F-TYPE,car,luxury,excluded_luxury_or_exotic_brand,2016,184,US
KG-005580,5580,Land Rover,Range Rover Evoque,suv,luxury,excluded_luxury_or_exotic_brand,2013,120,US
KG-005582,5582,BMW,5 Series,car,luxury,excluded_luxury_or_exotic_brand,2013,76,US
KG-005583,5583,Chevrolet,Colorado,truck,commercial,excluded_truck_category,2018,56,US
KG-005584,5584,Audi,A4,car,luxury,excluded_luxury_or_exotic_brand,2013,64,US
KG-005588,5588,Porsche,Cayman,car,luxury,excluded_luxury_or_exotic_brand,2014,135,US
KG-005589,5589,Tesla,Model X,suv,electric_luxury,excluded_electric_brand,2020,229,US
KG-005590,5590,BMW,3 Series,car,luxury,excluded_luxury_or_exotic_brand,2009,62,US
KG-005591,5591,BMW,3 Series,car,luxury,excluded_luxury_or_exotic_brand,2008,56,US
KG-005592,5592,BMW,3 Series,car,luxury,excluded_luxury_or_exotic_brand,2008,77,US
KG-005594,5594,BMW,X3,suv,luxury,excluded_luxury_or_exotic_brand,2008,44,US
KG-005596,5596,Land Rover,Range Rover Sport,suv,luxury,excluded_luxury_or_exotic_brand,2015,178,US
KG-005599,5599,Mercedes-Benz,Metris,minivan,luxury,excluded_luxury_or_exotic_brand,2016,139,US
KG-005600,5600,Mercedes-Benz,Metris,minivan,luxury,excluded_luxury_or_exotic_brand,2016,149,US
KG-005604,5604,BMW,Z4,car,luxury,excluded_luxury_or_exotic_brand,2008,85,US
KG-005618,5618,Nissan,Frontier,truck,commercial,excluded_truck_category,2017,96,US
KG-005621,5621,Ram,2500,truck,commercial,excluded_truck_category,2017,74,US
KG-005627,5627,Lexus,CT 200h,car,luxury,excluded_luxury_or_exotic_brand,2016,67,US
KG-005629,5629,Audi,Q5,suv,luxury,excluded_luxury_or_exotic_brand,2015,85,US
KG-005632,5632,Tesla,Model 3,car,electric_luxury,excluded_electric_brand,2018,250,US
KG-005644,5644,Lexus,RX 400h,suv,luxury,excluded_luxury_or_exotic_brand,2006,64,US
KG-005645,5645,Lexus,NX 200t,suv,luxury,excluded_luxury_or_exotic_brand,2015,99,US
KG-005648,5648,Toyota,Tacoma,truck,commercial,excluded_truck_category,2004,48,US
KG-005654,5654,Porsche,Boxster,car,luxury,excluded_luxury_or_exotic_brand,2008,69,US
KG-005656,5656,Lamborghini,Gallardo,car,luxury,excluded_luxury_or_exotic_brand,2004,449,US
KG-005659,5659,Tesla,Model X,suv,electric_luxury,excluded_electric_brand,2018,189,US
KG-005660,5660,Tesla,Model 3,car,electric_luxury,excluded_electric_brand,2018,92,US
KG-005663,5663,Land Rover,Range Rover Velar,suv,luxury,excluded_luxury_or_exotic_brand,2018,145,US
KG-005669,5669,BMW,5 Series,car,luxury,excluded_luxury_or_exotic_brand,2013,58,US
KG-005681,5681,BMW,i8,car,luxury,excluded_luxury_or_exotic_brand,2016,175,US
KG-005689,5689,Tesla,Model X,suv,electric_luxury,excluded_electric_brand,2018,277,US
KG-005690,5690,Tesla,Model 3,car,electric_luxury,excluded_electric_brand,2019,98,US
KG-005691,5691,BMW,i8,car,luxury,excluded_luxury_or_exotic_brand,2017,149,US
KG-005695,5695,Jeep,Gladiator,truck,commercial,excluded_truck_category,2020,110,US
KG-005697,5697,Jeep,Gladiator,truck,commercial,excluded_truck_category,2020,110,US
KG-005701,5701,Tesla,Model 3,car,electric_luxury,excluded_electric_brand,2019,103,US
KG-005703,5703,Tesla,Model 3,car,electric_luxury,excluded_electric_brand,2019,102,US
KG-005708,5708,Lexus,NX 200t,suv,luxury,excluded_luxury_or_exotic_brand,2017,84,US
KG-005714,5714,Audi,Q5,suv,luxury,excluded_luxury_or_exotic_brand,2016,80,US
KG-005715,5715,Tesla,Model 3,car,electric_luxury,excluded_electric_brand,2019,99,US
KG-005716,5716,BMW,5 Series,car,luxury,excluded_luxury_or_exotic_brand,2015,100,US
KG-005717,5717,Toyota,Tundra,truck,commercial,excluded_truck_category,2005,40,US
KG-005723,5723,Tesla,Model 3,car,electric_luxury,excluded_electric_brand,2018,150,US
KG-005731,5731,Porsche,718 Cayman,car,luxury,excluded_luxury_or_exotic_brand,2018,155,US
KG-005732,5732,Ford,F-150,truck,commercial,excluded_truck_category,2018,125,US
KG-005733,5733,Toyota,Tacoma,truck,commercial,excluded_truck_category,2011,55,US
KG-005735,5735,Tesla,Model 3,car,electric_luxury,excluded_electric_brand,2020,82,US
KG-005746,5746,BMW,1 Series,car,luxury,excluded_luxury_or_exotic_brand,2011,70,US
KG-005760,5760,Chevrolet,Silverado 1500,truck,commercial,excluded_truck_category,2018,115,US
KG-005762,5762,BMW,X5,suv,luxury,excluded_luxury_or_exotic_brand,2014,86,US
KG-005763,5763,Toyota,Tacoma,truck,commercial,excluded_truck_category,2018,80,US
KG-005773,5773,BMW,8-Series,car,luxury,excluded_luxury_or_exotic_brand,2019,179,US
KG-005775,5775,Ford,F-150,truck,commercial,excluded_truck_category,2020,159,US
KG-005779,5779,Porsche,Boxster,car,luxury,excluded_luxury_or_exotic_brand,2008,98,US
KG-005780,5780,Tesla,Model 3,car,electric_luxury,excluded_electric_brand,2019,85,US
KG-005781,5781,Mercedes-Benz,GLC-Class,suv,luxury,excluded_luxury_or_exotic_brand,2017,70,US
KG-005784,5784,BMW,M-Series,car,luxury,excluded_luxury_or_exotic_brand,2020,149,US
KG-005786,5786,Polaris,Slingshot,car,non_passenger,excluded_non_passenger_vehicle,2016,120,US
KG-005789,5789,Lexus,GS 450h,car,luxury,excluded_luxury_or_exotic_brand,2008,68,US
KG-005793,5793,BMW,4 Series,car,luxury,excluded_luxury_or_exotic_brand,2018,121,US
KG-005795,5795,BMW,2 Series,car,luxury,excluded_luxury_or_exotic_brand,2016,100,US
KG-005797,5797,Toyota,Tacoma,truck,commercial,excluded_truck_category,2012,64,US
KG-005805,5805,Toyota,Tacoma,truck,commercial,excluded_truck_category,2017,69,US
KG-005806,5806,BMW,Z4,car,luxury,excluded_luxury_or_exotic_brand,2008,78,US
KG-005811,5811,Mercedes-Benz,M-Class,suv,luxury,excluded_luxury_or_exotic_brand,2011,73,US
KG-005818,5818,Lexus,IS 250,car,luxury,excluded_luxury_or_exotic_brand,2008,58,US
KG-005819,5819,BMW,1 Series,car,luxury,excluded_luxury_or_exotic_brand,2008,60,US
KG-005820,5820,Lexus,ES 350,car,luxury,excluded_luxury_or_exotic_brand,2009,50,US
KG-005821,5821,Porsche,718,car,luxury,excluded_luxury_or_exotic_brand,2019,120,US
KG-005827,5827,Lexus,RX 350,suv,luxury,excluded_luxury_or_exotic_brand,2014,59,US
KG-005828,5828,Audi,A4,car,luxury,excluded_luxury_or_exotic_brand,2014,45,US
KG-005841,5841,Land Rover,Range Rover Velar,suv,luxury,excluded_luxury_or_exotic_brand,2018,165,US
KG-005844,5844,Lexus,IS 250 C,car,luxury,excluded_luxury_or_exotic_brand,2011,68,US
KG-005847,5847,Lexus,HS 250h,car,luxury,excluded_luxury_or_exotic_brand,2010,49,US
